abolish,vt. 废除，废止；取消，革除
cancel,"vi. 取消，撤销
vt. 取消；删去
vi. 取消；相互抵消
n. 取消，撤销
"
accept,"vi. 承认；同意；承兑
vt. 接受；承认；承担；承兑；容纳"
receive,"vt. 收到；接待；接纳
vi. 接收"
accurate,adj. 精确的
precise,adj. 精确的；明确的；严格的
annoy,"n. 烦恼（等于annoyance）
vt. 骚扰；惹恼；打搅
vi. 惹恼；令人讨厌；打搅"
irritate,"vt. 刺激，使兴奋；激怒
vi. 引起恼怒，引起不愉快"
beneficial,adj. 有益的，有利的；可享利益的
profitable,adj. 有利可图的；赚钱的；有益的
charge,"n. 费用；电荷；掌管；控告；命令；负载
vt. 使充电；使承担；指责；装载；对…索费；向…冲去
vi. 充电；控告；索价；向前冲；记在账上
"
expense,"n. 损失，代价；消费；开支
vt. 向…收取费用
vi. 被花掉"
cite,vt. 引用；传讯；想起；表彰
quote,"n. 引用
vi. 报价；引用；引证
vt. 报价；引述；举证"
devote,vt. 致力于；奉献
dedicate,vt. 致力；献身；题献
economical,adj. 经济的；节约的；合算的
economic,adj. 经济的，经济上的；经济学的
effective,adj. 有效的，起作用的；实际的，实在的；给人深刻印象
efficient,adj. 有效率的；有能力的；生效的
eliminate,vt. 消除；排除
exclude,vt. 排除；排斥；拒绝接纳；逐出
fancy,"n. 幻想；想象力；爱好
adj. 想象的；奇特的；昂贵的；精选的
vt. 想象；喜爱；设想；自负
vi. 幻想；想象
"
imagination,n. [心理] 想象力；空想；幻想物
favorable,adj. 有利的；良好的；赞成的，赞许的；讨人喜欢的
favorite,"n. 幸运儿；喜欢的事物；特别喜欢的人
adj. 最喜爱的；中意的；宠爱的"
genius,n. 天才，天赋；精神
talent,n. 才能；天才；天资
gift,"n. 礼物；天赋；赠品
vt. 赋予；向…赠送
"
present,"n. 现在；礼物；瞄准
adj. 现在的；出席的
vt. 提出；介绍；呈现；赠送
vi. 举枪瞄准"
grand,"n. 大钢琴；一千美元
adj. 宏伟的；豪华的；极重要的
"
magnificent,adj. 高尚的；壮丽的；华丽的；宏伟的
heal,"vt. 治愈，痊愈；和解
vi. 痊愈
"
cure,"n. 治疗；治愈；[临床] 疗法
vt. 治疗；治愈；使硫化；加工处理
vi. 治病；痊愈；受治疗；被硫化；被加工处理
"
ignorant,adj. 无知的；愚昧的
innocent,"n. 天真的人；笨蛋
adj. 无辜的；无罪的；无知的
"
ignore,vt. 驳回诉讼；忽视；不理睬
disregard,"n. 忽视；不尊重
vt. 忽视；不理；漠视；不顾"
illustrate,"vi. 举例
vt. 阐明，举例说明；图解"
interpret,"vi. 解释；翻译
vt. 说明；口译"
immerse,vt. 沉浸；使陷入
submerge,"vt. 淹没；把…浸入；沉浸
vi. 淹没；潜入水中；湮没"
imply,vt. 意味；暗示；隐含
infer,"vi. 推断；作出推论
vt. 推断；推论"
importance,n. 价值；重要；重大；傲慢
consequence,n. 结果；重要性；推论
increase,"n. 增加，增长；提高
vt. 增加，加大
vi. 增加，增大；繁殖
"
magnify,"vt. 放大；赞美；夸大
vi. 放大；有放大能力"
situation,n. 情况；形势；处境；位置
position,"n. 位置，方位；职位，工作；姿态；站位
vt. 安置；把……放在适当位置"
technology,n. 技术；工艺；术语
technique,n. 技巧，技术；手法
label,"vt. 标注；贴标签于
n. 标签；商标；签条
"
tag,"n. 标签；名称；结束语；附属物
vt. 尾随，紧随；连接；起浑名；添饰
vi. 紧随
"
venture,"n. 企业；风险；冒险
vt. 敢于
vi. 冒险；投机
"
adventure,"n. 冒险；冒险精神；投机活动
vt. 冒险；大胆说出
vi. 冒险"
mature,"adj. 成熟的；充分考虑的；到期的；成年人的
vi. 成熟；到期
vt. 使…成熟；使…长成；慎重作出"
ripe,"adj. 熟的，成熟的；时机成熟的
vt. 搜查；调查
vi. 进行搜查
"
rare,"adj. 稀有的；稀薄的；半熟的
adj. 杰出的；极度的；非常好的
adv. 非常；极其
vi. 用后腿站起；渴望"
scarce,"adj. 缺乏的，不足的；稀有的
adv. 仅仅；几乎不；几乎没有"
rate,"n. 比率，率；速度；价格；等级
vt. 认为；估价；责骂
vi. 责骂；被评价
"
ratio,n. 比率，比例
limit,"n. 限制；限度；界线
vt. 限制；限定"
limitation,n. 限制；限度；极限；追诉时效；有效期限；缺陷
stern,"n. 船尾；末端
adj. 严厉的；坚定的
"
strict,adj. 严格的；绝对的；精确的；详细的
ban,"n. 禁令，禁忌
vt. 禁止，取缔
"
prohibit,vt. 阻止，禁止
forbid,vt. 禁止；不准；不允许；〈正式〉严禁
hardly,adv. 几乎不，简直不；刚刚
scarcely,adv. 几乎不，简直不；简直没有
barely,adv. 仅仅，勉强；几乎不；公开地；贫乏地
beam,"n. 横梁；光线；电波；船宽；[计量] 秤杆
vt. 发送；以梁支撑；用…照射；流露
vi. 照射；堆满笑容
"
glare,"n. 刺眼；耀眼的光；受公众注目
vt. 瞪视；发眩光
vi. 瞪眼表示"
flare,"n. 加剧，恶化；底部展开；（鼻孔）张开的意思；闪光，闪耀；耀斑；爆发；照明弹
vi. 闪耀，闪光；燃烧；突然发怒
vt. 使闪耀；使张开；用发光信号发出；使外倾"
decline,"n. 下降；衰退；斜面
vt. 谢绝；婉拒
vi. 下降；衰落；谢绝"
refuse,"n. 垃圾；废物
vi. 拒绝
vt. 拒绝；不愿；抵制"
reject,"n. 被弃之物或人；次品
vt. 拒绝；排斥；抵制；丢弃"
identify,vt. 确定；鉴定；识别，辨认出；使参与；把…看成一样 vi. 确定；认同；一致
distinguish,"vi. 区别，区分；辨别
vt. 区分；辨别；使杰出，使表现突出"
recognize,"vt. 认出，识别；承认
vi. 确认，承认；具结"
aim,"n. 目的；目标；对准
vt. 目的在于；引导；把…对准
vi. 打算；对准目标；瞄准"
goal,"n. 目标；球门，得分数；终点
vi. 攻门，射门得分"
purpose,"n. 目的；用途；意志
vt. 决心；企图；打算"
obscure,"adj. 昏暗的，朦胧的；晦涩的，不清楚的；隐蔽的；不著名的，无名的
vt. 使…模糊不清，掩盖；隐藏；使难理解
n. 某种模糊的或不清楚的东西"
ambiguous,adj. 模糊不清的；引起歧义的
vague,"adj. 模糊的；含糊的；不明确的；暧昧的
"
obvious,adj. 明显的；显著的；平淡无奇的
evident,adj. 明显的；明白的
apparent,adj. 显然的；表面上的
scenery,n. 风景；景色；舞台布景
scene,n. 场面；情景；景象；事件
view,"n. 观察；视野；意见；风景
vt. 观察；考虑；查看"
justify,"vi. 证明合法；整理版面
vt. 证明…是正当的；替…辩护"
testify,"vi. 作证；证明
vt. 证明，证实；作证"
certify,v. 证明；保证
universal,"n. 一般概念；普通性
adj. 普遍的；通用的；宇宙的；全世界的；全体的"
common,"n. 普通；平民；公有地
adj. 共同的；普通的；一般的；通常的
"
general,"n. 一般；将军，上将；常规
adj. 一般的，普通的；综合的；大体的
"
vanish,"n. 弱化音
vi. 消失；突然不见；成为零
vt. 使不见，使消失"
disappear,"vi. 消失；失踪；不复存在
vt. 使…不存在；使…消失"
fade,"n. [电影][电视] 淡出；[电影][电视] 淡入
adj. 平淡的；乏味的
vi. 褪色；凋谢；逐渐消失
vt. 使褪色
"
abandon,"n. 放任；狂热
vt. 遗弃；放弃"
desert,"n. 沙漠；荒原；应得的赏罚
vt. 遗弃；放弃；逃跑
adj. 沙漠的；荒凉的；不毛的
vi. 遗弃；开小差；逃掉"
discard,"n. 抛弃；被丢弃的东西或人
vt. 抛弃；放弃；丢弃
vi. 放弃"
basis,n. 基础；底部；主要成分；基本原则或原理
base,"n. 基础；底部；垒
adj. 卑鄙的；低劣的
vt. 以…作基础
"
foundation,n. 基础；地基；基金会；根据；创立
campaign,"n. 运动；活动；战役
vi. 作战；参加竞选；参加活动"
motion,"n. 动作；移动；手势；请求；意向；议案
vi. 运动；打手势
vt. 运动；向…打手势"
movement,n. 运动；活动；运转；乐章
elementary,adj. 基本的；初级的；[化学] 元素的
basic,"n. 基础；要素
adj. 基本的；基础的"
essential,"n. 本质；要素；要点；必需品
adj. 基本的；必要的；本质的；精华的"
fundamental,"n. 基本原理；基本原则
adj. 基本的，根本的"
pay,"n. 工资，薪水；付款；报答
vt. 支付，付；偿还，补偿；给予
vi. 付款；偿还
adj. 收费的；需付费的"
payment,n. 付款，支付；报酬，报答；偿还；惩罚，报应
wage,"n. 工资；代价；报偿
vt. 进行；开展
vi. 进行；发动；从事"
salary,"n. 薪水
vt. 给...加薪；给...薪水"
grasp,"n. 抓住；理解；控制
vi. 抓
vt. 抓住；领会"
grip,"n. 紧握；柄；支配；握拍方式；拍柄绷带
vt. 紧握；夹紧
vi. 抓住
"
guarantee,"n. 保证；担保；保证人；保证书；抵押品
vt. 保证；担保"
assure,vt. 保证；担保；使确信；弄清楚
memory,"n. 记忆，记忆力；内存，[计] 存储器；回忆
"
recollection,n. 回忆；回忆起的事物
sign,"n. 迹象；符号；记号；手势；指示牌
vt. 签署；示意
vi. 签署；签名"
signal,"n. 信号；暗号；导火线
adj. 显著的；作为信号的
vt. 标志；用信号通知；表示
vi. 发信号
"
adjoining,"adj. 邻接的；毗连的
v. 邻接（adjoin的ing形式）"
adjacent,adj. 邻近的，毗连的
admission,n. 承认；入场费；进入许可；坦白；录用
admittance,n. 进入；入场权；通道
adapt,"vi. 适应
vt. 使适应；改编"
adjust,"vt. 调整，使…适合；校准
vi. 调整，校准；适应"
enlighten,vt. 启发，启蒙；教导，开导；照耀
instruct,vt. 指导；通知；命令；教授
form,"n. 形式，形状；形态，外形；方式；表格
vt. 构成，组成；排列，组织；产生，塑造
vi. 形成，构成；排列
"
shape,"n. 形状；模型；身材；具体化
vt. 形成；塑造，使成形；使符合
vi. 形成；成形；成长
"
fate,"n. 命运
vt. 注定
"
fortune,"n. 财富；命运；运气
vt. 给予财富
vi. 偶然发生
"
criminal,"n. 罪犯
adj. 刑事的；犯罪的；罪恶的"
guilty,adj. 有罪的；内疚的
affect,"n. 情感；引起感情的因素
vt. 影响；感染；感动；假装
vi. 倾向；喜欢"
influence,"n. 影响；势力；感化；有影响的人或事
vt. 影响；改变"
affection,n. 喜爱，感情；影响；感染
love,"n. 恋爱；亲爱的；酷爱；喜爱的事物；爱情，爱意；疼爱；热爱；爱人，所爱之物
v. 爱，热爱；爱戴；赞美，称赞；喜爱；喜好；喜欢；爱慕
"
agreeable,adj. 令人愉快的；适合的；和蔼可亲的
pleasant,"adj. 令人愉快的，舒适的；讨人喜欢的，和蔼可亲的
"
surprise,"n. 惊奇，诧异；突然袭击
adj. 令人惊讶的
vt. 使惊奇；奇袭"
amaze,vt. 使吃惊
comprise,vt. 包含；由…组成
constitute,vt. 组成，构成；建立；任命
conceive,"vi. 怀孕；设想；考虑
vt. 怀孕；构思；以为；持有"
imagine,"vi. 想像；猜想；想像起来
vt. 想像；猜想；臆断"
concrete,"n. 具体物；凝结物
adj. 混凝土的；实在的，具体的；有形的
vt. 使凝固；用混凝土修筑
vi. 凝结"
specific,"n. 特性；细节；特效药
adj. 特殊的，特定的；明确的；详细的；[药] 具有特效的"
indignity,n. 侮辱；轻蔑；有伤尊严；无礼举动
insult,"n. 侮辱；凌辱；无礼
vt. 侮辱；辱骂；损害"
condemn,vt. 谴责；判刑，定罪；声讨
blame,"n. 责备；责任；过失
vt. 责备；归咎于"
admit,"vi. 承认；容许
vt. 承认；准许进入；可容纳"
confess,"vi. 承认；坦白；忏悔；供认
vt. 承认；坦白；忏悔；供认"
potential,"n. 潜能；可能性；[电] 电势
adj. 潜在的；可能的；势的"
implicit,adj. 含蓄的；暗示的；盲从的
practical,adj. 实际的；实用性的
practicable,adj. 可用的；行得通的；可实行的
precious,"adj. 宝贵的；珍贵的；矫揉造作的
"
valuable,"n. 贵重物品
adj. 有价值的；贵重的；可估价的"
conscious,adj. 意识到的；故意的；神志清醒的
aware,"adj. 意识到的；知道的；有…方面知识的；懂世故的
"
predict,"vi. 作出预言；作预料，作预报
vt. 预报，预言；预知"
forecast,"n. 预测，预报；预想
vt. 预报，预测；预示
vi. 进行预报，作预测"
contemporary,"n. 同时代的人；同时期的东西
adj. 当代的；同时代的；属于同一时期的"
modern,"adj. 现代的，近代的；时髦的
n. 现代人；有思想的人"
responsibility,n. 责任，职责；义务
liability,n. 责任；债务；倾向；可能性；不利因素
transport,"n. 运输；运输机；狂喜；流放犯
vt. 运输；流放；使狂喜"
traffic,"n. 交通；运输；贸易；[通信] 通信量
vt. 用…作交换；在…通行
vi. 交易，买卖"
assault,"n. 攻击；袭击
vt. 攻击；袭击
vi. 袭击；动武"
attack,"n. 攻击；抨击；疾病发作
vt. 攻击；抨击；动手干
vi. 攻击；腐蚀
"
rein,"n. 缰绳；驾驭；统治；支配
vt. 控制；驾驭；勒住
vi. 勒住马
"
curb,"n. 抑制；路边；勒马绳
vt. 控制；勒住"
distinct,adj. 明显的；独特的；清楚的；有区别的
distinctive,adj. 有特色的，与众不同的
constant,"n. [数] 常数；恒量
adj. 不变的；恒定的；经常的
"
continual,adj. 持续不断的；频繁的
debate,"n. 辩论；辩论会
vt. 辩论，争论，讨论
vi. 辩论，争论，讨论"
argue,"vi. 争论，辩论；提出理由
vt. 辩论，争论；证明；说服
"
dispute,"n. 辩论；争吵
vt. 辩论；怀疑；阻止；抗拒
vi. 争论"
accident,n. 事故；意外；[法] 意外事件；机遇
incident,"n. 事件，事变；插曲
adj. [光] 入射的；附带的；易发生的，伴随而来的"
event,n. 事件，大事；项目；结果
design,"n. 设计；图案
vt. 设计；计划；构思
vi. 设计"
project,"n. 工程；计划；事业
vt. 设计；计划；发射；放映
vi. 设计；计划；表达；投射"
scheme,"n. 计划；组合；体制；诡计
vt. 计划；策划
vi. 搞阴谋；拟订计划
"
meaning,"n. 意义；含义；意图
adj. 意味深长的
v. 意味；意思是（mean的ing形式）"
purport,"n. 意义，主旨；意图
vt. 声称；意图；意指；打算"
sense,"n. 感觉，功能；观念；道理；理智
vt. 感觉到；检测
"
thrive,vi. 繁荣，兴旺；茁壮成长
prosper,"vi. 繁荣，昌盛；成功
vt. 使……成功；使……昌盛；使……繁荣
"
flourish,"n. 兴旺；茂盛；挥舞；炫耀；华饰
vi. 繁荣，兴旺；茂盛；活跃；处于旺盛时期
vt. 夸耀；挥舞"
admire,"vt. 钦佩；赞美
vi. 钦佩；称赞"
worship,"n. 崇拜；礼拜；尊敬
vt. 崇拜；尊敬；爱慕
vi. 拜神；做礼拜"
adore,"vt. 崇拜；爱慕；喜爱；极喜欢
vi. 崇拜；爱慕
"
feature,"n. 特色，特征；容貌；特写或专题节目
vt. 特写；以…为特色；由…主演
vi. 起重要作用"
characteristic,"n. 特征；特性；特色
adj. 典型的；特有的；表示特性的"
trait,"n. 特性，特点；品质；少许
"
bear,"n. 熊
vt. 结果实，开花（正式）
vt. 忍受；承受；具有；支撑
"
stand,"n. 站立；立场；看台；停止
vi. 站立；位于；停滞
vt. 使站立；忍受；抵抗"
endure,"vt. 忍耐；容忍
vi. 忍耐；持续"
implement,"n. 工具，器具；手段
vt. 实施，执行；实现，使生效"
appliance,n. 器具；器械；装置
equipment,n. 设备，装备；器材
sophisticated,"adj. 复杂的；精致的；久经世故的；富有经验的
v. 使变得世故；使迷惑；篡改（sophisticate的过去分词形式）"
complicated,adj. 难懂的，复杂的
complex,"n. 复合体；综合设施
adj. 复杂的；合成的"
claim,"n. 要求；声称；索赔；断言；值得
vt. 要求；声称；需要；认领
vi. 提出要求"
request,"n. 请求；需要
vt. 要求，请求"
require,vt. 需要；要求；命令
acquire,vt. 获得；取得；学到；捕获
obtain,"vi. 获得；流行
vt. 获得"
secure,"vt. 保护；弄到；招致；缚住
adj. 安全的；无虑的；有把握的；稳当的
vi. 获得安全；船抛锚；停止工作"
merely,adv. 仅仅，只不过；只是
simply,adv. 简单地；仅仅；简直；朴素地；坦白地
only,"adv. 只，仅仅；不料
adj. 唯一的，仅有的；最合适的
conj. 但是；不过；可是"
alter,"vt. 改变，更改
vi. 改变；修改
"
convert,"n. 皈依者；改变宗教信仰者
vt. 使转变；转换…；使…改变信仰
vi. 转变，变换；皈依；改变信仰
"
modify,"vt. 修改，修饰；更改
vi. 修改"
alternative,"n. 二中择一；供替代的选择
adj. 供选择的；选择性的；交替的"
choice,"n. 选择；选择权；精选品
adj. 精选的；仔细推敲的"
option,n. [计] 选项；选择权；买卖的特权
range,"n. 范围；幅度；排；山脉
vt. 漫游；放牧；使并列；归类于；来回走动
vi. （在...内）变动；平行，列为一行；延伸；漫游；射程达到"
extent,n. 程度；范围；长度
field,"n. 领域；牧场；旷野；战场；运动场
adj. 扫描场；田赛的；野生的
vt. 把暴晒于场上；使上场
vi. 担任场外队员
"
scope,"n. 范围；余地；视野；眼界；导弹射程
vt. 审视"
fairly,"adv. 相当地；公平地；简直
"
quite,adv. 很；相当；完全
rather,"adv. 宁可，宁愿；相当
int. 当然啦（回答问题时用）
"
pretty,"n. 有吸引力的事物（尤指饰品）；漂亮的人
adj. 漂亮的；可爱的；优美的
adv. 相当地；颇
"
region,n. 地区；范围；部位
area,"n. 区域，地区；面积；范围
"
victim,n. 受害人；牺牲品；牺牲者
prey,"n. 捕食；牺牲者；被捕食的动物
vi. 捕食；掠夺；折磨
"
presume,"vi. 相信；擅自行为
vt. 假定；推测；擅自；意味着"
assume,"vt. 僭取；篡夺；夺取；擅用；侵占
vi. 假定；设想；承担；采取"
relevant,adj. 相关的；切题的；中肯的；有重大关系的；有意义的，目的明确的
related,"v. 叙述（relate过去式）
adj. 有关系的，有关联的；讲述的，叙述的"
moderate,"adj. 稳健的，温和的；适度的，中等的；有节制的
vi. 变缓和，变弱
vt. 节制；减轻"
temperate,adj. 温和的；适度的；有节制的
ruin,"n. 废墟；毁坏；灭亡
vt. 毁灭；使破产
vi. 破产；堕落；被毁灭
"
destroy,vt. 破坏；消灭；毁坏
protect,vt. 保护，防卫；警戒
defend,"vi. 保卫；防守
vt. 辩护；防护"
cruel,adj. 残酷的，残忍的；使人痛苦的，让人受难的；无情的，严酷的
brutal,adj. 残忍的；野蛮的，不讲理的
avert,vt. 避免，防止；转移
avoid,vt. 避免；避开，躲避；消除
humorous,adj. 诙谐的，幽默的；滑稽的，可笑的
funny,"n. 滑稽人物；笑话，有趣的故事；滑稽连环漫画栏；（英）（比赛用）单人双桨小艇
adj. 有趣的，好笑的，滑稽的；（口）稀奇的，古怪的，奇异的；有病的，不舒服的；狡猾的，欺骗（性）的，可疑的，不光明"
fresh,"n. 开始；新生；泛滥
adj. 新鲜的；清新的；淡水的；无经验的
adv. 刚刚，才；最新地"
new,"adj. 新的，新鲜的；更新的；初见的
adv. 新近
"
frank,"n. 免费邮寄特权
adj. 坦白的，直率的；老实的
vt. 免费邮寄"
sincere,adj. 真诚的；诚挚的；真实的
drift,"n. 漂流，漂移；趋势；漂流物
vi. 漂流，漂移；漂泊
vt. 使…漂流；使…受风吹积"
float,"n. 彩车，花车；漂流物；浮舟；浮萍
vi. 浮动；飘动，散播；摇摆；付诸实施
vt. 使漂浮；实行
"
rob,"vt. 抢劫；使…丧失；非法剥夺
vi. 抢劫；掠夺"
steal,"n. 偷窃；便宜货；偷垒；断球
vt. 剽窃；偷偷地做；偷窃
vi. 窃取；偷偷地行动；偷垒"
rim,"n. 边，边缘；轮辋；圆圈
vt. 作…的边，装边于
vi. 作…的边，装边于
"
edge,"n. 边缘；优势；刀刃；锋利
vt. 使锐利；将…开刃；给…加上边
vi. 缓缓移动；侧着移动
"
revolt,"n. 反抗；叛乱；反感
vt. 使反感；使恶心
vi. 反抗；反叛；反感，厌恶"
rebel,"n. 反叛者；叛徒
adj. 反抗的；造反的
vi. 反叛；反抗；造反
"
mistake,"n. 错误；误会；过失
vt. 弄错；误解
vi. 弄错；误解"
error,n. 误差；错误；过失
misfortune,n. 不幸；灾祸，灾难
disaster,n. 灾难，灾祸；不幸
blunder,"n. 大错
vt. 做错
vi. 跌跌撞撞地走；犯大错"
slip,"n. 滑，滑倒；片，纸片；错误；下跌；事故
abbr. 串行线路接口协议，是旧式的协议（Serial Line Interface Protocol）
adj. 滑动的；有活结的；活络的
vt. 使滑动；滑过；摆脱；塞入；闪开
vi. 滑动；滑倒；犯错；失足；减退
"
compulsory,"n. （花样滑冰、竞技体操等的）规定动作
adj. 义务的；必修的；被强制的"
compulsive,adj. 强制的；强迫的
notify,vt. 通告，通知；公布
inform,"vi. 告发；告密
vt. 通知；告诉；报告"
rent,"n. 租金
vt. 出租；租用；租借
vi. 租；出租
"
hire,"n. 雇用，租用；租金，工钱
vt. 雇用；出租
vi. 雇用，租用；受雇"
historical,adj. 历史的；史学的；基于史实的
historic,adj. 有历史意义的；历史上著名的
flee,"vt. 逃跑，逃走；逃避
vi. 逃走；消失，消散"
escape,"n. 逃跑；逃亡；逃走；逃跑工具或方法；野生种；泄漏
vi. 逃脱；避开；溜走；（气体，液体等）漏出；（未受伤或只受了一点伤害而）逃脱；声音（不自觉地）由…发出
vt. 逃避，避开，避免；被忘掉；被忽视"
trench,"n. 沟，沟渠；战壕；堑壕
vt. 掘沟
vi. 挖战壕；侵害
"
ditch,"n. 沟渠；壕沟
vt. 在…上掘沟；把…开入沟里；丢弃
vi. 开沟；掘沟"
climate,n. 气候；风气；思潮；风土
weather,"n. 天气；气象；气候；处境
vt. 经受住；使风化；侵蚀；使受风吹雨打
adj. 露天的；迎风的
vi. 风化；受侵蚀；经受风雨
"
appoint,"vt. 任命；指定；约定
vi. 任命；委派"
nominate,vt. 推荐；提名；任命；指定
infectious,adj. 传染的；传染性的；易传染的
contagious,adj. 感染性的；会蔓延的
unfold,"vi. 展开；显露
vt. 打开；呈现"
open,"adj. 公开的；敞开的；空旷的；坦率的；营业着的
vi. 开始；展现
vt. 公开；打开
n. 公开；空旷；户外"
feminine,adj. 女性的；妇女（似）的；阴性的；娇柔的
female,"n. 女人；[动] 雌性动物
adj. 女性的；雌性的；柔弱的，柔和的"
vibrate,"vt. 使振动；使颤动
vi. 振动；颤动；摇摆；踌躇"
shake,"n. 摇动；哆嗦
vt. 动摇；摇动；震动；握手
vi. 动摇；摇动；发抖"
war,"n. 战争，斗争；军事，战术；冲突，对抗，竞争
vi. 打仗，作战；对抗"
warfare,n. 战争；冲突
walk,"n. 步行，走；散步
vi. 走，步行；散步
vt. 散步；走过
"
step,"n. 步，脚步；步骤；步伐；梯级
vt. 走，迈步
vi. 踏，踩；走"
endeavor,"n. 努力；尽力（等于endeavour）
vi. 努力；尽力（等于endeavour）
vt. 努力；尽力（等于endeavour）"
attempt,"n. 企图，试图；攻击
vt. 企图，试图；尝试"
try,"n. 尝试；努力；试验
vt. 试图，努力；试验；审判；考验
vi. 尝试；努力；试验
"
raise,"n. 高地；上升；加薪
vt. 提高；筹集；养育；升起
vi. 上升
"
arise,"vi. 出现；上升；起立
"
rise,"n. 上升；高地；增加；出现
vt. 使…飞起；使…浮上水面
vi. 上升；增强；起立；高耸"
diminish,"vt. 使减少；使变小
vi. 减少，缩小；变小"
decrease,"n. 减少，减小；减少量
vt. 减少，减小
vi. 减少，减小"
reduce,"vi. 减少；缩小；归纳为
vt. 减少；降低；使处于；把…分解"
disease,"n. 病，[医] 疾病；弊病
vt. 传染；使…有病"
illness,n. 病；疾病
disorder,"n. 混乱；骚乱
vt. 使失调；扰乱"
transform,"vt. 改变，使…变形；转换
vi. 变换，改变；转化"
vary,"vi. 变化；变异；违反
vt. 改变；使多样化；变奏
"
change,"n. 变化；找回的零钱
vt. 改变；交换
vi. 改变；兑换"
likely,"adj. 很可能的；合适的；有希望的
adv. 很可能；或许"
apt,"adj. 恰当的；有…倾向的；灵敏的
"
prone,"adj. 俯卧的；有…倾向的，易于…的
"
appropriate,"adj. 适当的；恰当的；合适的
vt. 占用，拨出"
suitable,adj. 适当的；相配的
proper,"adj. 适当的；本身的；特有的；正派的
adv. 完全地
"
custom,"n. 习惯，惯例；风俗；海关，关税；经常光顾；[总称]（经常性的）顾客
adj. （衣服等）定做的，定制的"
habit,"n. 习惯，习性；嗜好
vt. 使穿衣"
convention,n. 大会；[法] 惯例；[计] 约定；[法] 协定；习俗
crush,"n. 粉碎；迷恋；压榨；拥挤的人群
vt. 压碎；弄皱，变形；使…挤入
vi. 挤；被压碎"
clash,"n. 冲突，不协调；碰撞声，铿锵声
vt. 使碰撞作声
vi. 冲突，抵触；砰地相碰撞，发出铿锵声"
crash,"n. 撞碎；坠毁；破产；轰隆声；睡觉
vi. 摔碎；坠落；发出隆隆声；(金融企业等)破产
vt. 打碎；使坠毁、撞坏；擅自闯入"
creep,"n. 爬行；毛骨悚然的感觉；谄媚者
vi. 爬行；蔓延；慢慢地移动；起鸡皮疙瘩"
crawl,"n. 爬行；养鱼池；匍匐而行
vt. 爬行；缓慢地行进
vi. 爬行；匍匐行进"
climb,"n. 爬；攀登
vi. 爬；攀登；上升
vt. 爬；攀登；上升"
mortal,"adj. 凡人的；致死的；终有一死的；不共戴天的
n. 人类，凡人
"
fatal,"adj. 致命的；重大的；毁灭性的；命中注定的
"
deadly,"adj. 致命的；非常的；死一般的
adv. 非常；如死一般地"
rock,"n. 岩石；摇滚乐；暗礁
vt. 摇动；使摇晃
vi. 摇动；摇晃
"
swing,"n. 摇摆；摆动；秋千；音律；涨落
adj. 旋转的；悬挂的；强节奏爵士音乐的
vt. 使旋转；挥舞；悬挂
vi. 摇摆；转向；悬挂；大摇大摆地行走
"
sway,"n. 影响；摇摆；统治
vt. 影响；统治；使摇动
vi. 影响；摇摆
"
corporation,n. 公司；法人（团体）；社团；大腹便便；市政当局
company,"n. 公司；陪伴，同伴；连队
vt. 陪伴
vi. 交往

"
firm,"n. 公司；商号
adj. 坚定的；牢固的；严格的；结实的
vt. 使坚定；使牢固
adv. 稳固地
vi. 变坚实；变稳固"
boundary,n. 边界；范围；分界线
border,"n. 边境；边界；国界
vt. 接近；与…接壤；在…上镶边
vi. 接界；近似
"
frontier,"n. 前沿；边界；国境
adj. 边界的；开拓的
"
consent,"n. 同意；（意见等的）一致；赞成
vi. 同意；赞成；答应
"
assent,"n. 同意；赞成
vi. 同意；赞成"
comply,vi. 遵守；顺从，遵从；答应
vast,"n. 浩瀚；广阔无垠的空间
adj. 广阔的；巨大的；大量的；巨额的
"
immense,adj. 巨大的，广大的；无边无际的；非常好的
huge,"adj. 巨大的；庞大的；无限的
"
massive,adj. 大量的；巨大的，厚重的；魁伟的
voyage,"n. 航行；航程；旅行记
vt. 飞过；渡过
vi. 航行；航海"
journey,"n. 旅行；行程
vi. 旅行
"
trip,"n. 旅行；绊倒；差错
vt. 绊倒；使犯错
vi. 绊倒；远足；犯错误；轻快地走
"
travel,"n. 旅行；游历；漫游
vt. 经过；在…旅行
vi. 旅行；行进；步行；交往"
soldier,"n. 军人；[昆] 兵蚁；懒汉；一片烤面包
vi. 当兵；磨洋工；坚持干；假称害病"
veteran,"n. 老兵；老手；富有经验的人；老运动员
adj. 经验丰富的；老兵的"
glimpse,"n. 一瞥，一看
vt. 瞥见
vi. 瞥见"
glance,"n. 一瞥；一滑；闪光
vt. 扫视；瞥见；擦过
vi. 扫视，匆匆一看；反光；瞥闪，瞥见
"
fare,"n. 票价；费用；旅客；食物
vi. 经营；进展；遭遇；过活
"
fee,"n. 费用；酬金；小费
vt. 付费给……
"
deceive,v. 欺骗；行骗
cheat,"n. 欺骗，作弊；骗子
vt. 欺骗；骗取
vi. 欺骗；作弊"
mankind,n. 人类；男性
man,"n. 人；男人；人类；丈夫；雇工
vt. 操纵；给…配置人员；使增强勇气；在…就位
"
idle,"adj. 闲置的；懒惰的；停顿的
vt. 虚度；使空转
vi. 无所事事；虚度；空转"
lazy,"adj. 懒惰的；懒洋洋的；怠惰的；慢吞吞的
"
faithful,"adj. 忠实的，忠诚的；如实的；准确可靠的
"
loyal,"adj. 忠诚的，忠心的；忠贞的
n. 效忠的臣民；忠实信徒
"
reward,"n. [劳经] 报酬；报答；酬谢
vt. [劳经] 奖励；奖赏"
award,"n. 奖品；判决
vt. 授予；判定"
complement,"n. 补语；余角；补足物
vt. 补足，补助"
supplement,"vt. 增补，补充
n. 增补，补充；补充物；增刊，副刊"
mutual,adj. 共同的；相互的，彼此的
common,"n. 普通；平民；公有地
adj. 共同的；普通的；一般的；通常的
"
dubious,adj. 可疑的；暧昧的；无把握的；半信半疑的
doubtful,adj. 可疑的；令人生疑的；疑心的；不能确定的
humble,"adj. 谦逊的；简陋的；（级别或地位）低下的；不大的
vt. 使谦恭；轻松打败（尤指强大的对手）；低声下气"
modest,"adj. 谦虚的，谦逊的；适度的；端庄的；羞怯的
"
prospect,"n. 前途；预期；景色
vt. 勘探，勘察
vi. 勘探，找矿"
perspective,"n. 观点；远景；透视图
adj. 透视的"
sturdy,"n. 羊晕倒病
adj. 坚定的；强健的；健全的
"
vigorous,adj. 有力的；精力充沛的
resist,"n. [助剂] 抗蚀剂；防染剂
vt. 抵抗；忍耐，忍住
vi. 抵抗，抗拒；忍耐"
withstand,"vt. 抵挡；禁得起；反抗
vi. 反抗"
progressive,"n. 改革论者；进步分子
adj. 进步的；先进的"
advanced,"adj. 先进的；高级的；晚期的；年老的
v. 前进；增加；上涨（advance的过去式和过去分词形式）"
product,n. 产品；结果；[数] 乘积；作品
produce,"n. 农产品，产品
vt. 生产；引起；创作；生育，繁殖
vi. 生产，创作"
doubt,"n. 怀疑；疑问；疑惑
v. 怀疑；不信；恐怕；拿不准"
suspect,"n. 嫌疑犯
adj. 可疑的；不可信的
vi. 怀疑；猜想
vt. 怀疑；猜想"
assist,"n. 帮助；助攻
vi. 参加；出席
vt. 帮助；促进"
aid,"n. 援助；帮助；助手；帮助者
vt. 援助；帮助；有助于
vi. 帮助
"
estimate,"n. 估计，估价；判断，看法
vt. 估计，估量；判断，评价
vi. 估计，估价"
evaluate,"vt. 评价；估价；求…的值
vi. 评价；估价"
requirement,n. 要求；必要条件；必需品
requisite,"n. 必需品
adj. 必备的，必不可少的；需要的"
furnish,vt. 提供；供应；装备
provide,"vt. 提供；规定；准备；装备
vi. 规定；抚养；作准备"
loyalty,n. 忠诚；忠心；忠实；忠于…感情
devotion,n. 献身，奉献；忠诚；热爱
hostage,n. 人质；抵押品
pawn,"n. 典当；抵押物；兵，卒；人质
vt. 当掉；以……担保"
hasty,"adj. 轻率的；匆忙的；草率的；懈怠的
[ 比较级 hastier 最高级 hastiest ]"
reckless,"adj. 鲁莽的，不顾后果的；粗心大意的
"
disabled,"adj. 残废的，有缺陷的
v. 使…失去能力（disable的过去分词）"
handicapped,"n. 残疾人；缺陷者
adj. 残废的；有生理缺陷的"
rhythm,n. 节奏；韵律
rhyme,"n. 韵律；韵脚；韵文；押韵词
vt. 使押韵；用韵诗表达；把…写作诗
vi. 押韵；作押韵诗"
shear,"n. [力] 切变；修剪；大剪刀
vi. 剪；剪切；修剪
vt. 剪；修剪；剥夺
"
share,"n. 份额；股份
vt. 分享，分担；分配
vi. 共享；分担
"
browse,"n. 浏览；吃草
vt. 浏览；吃草
vi. 浏览；吃草；漫不经心地看商品
"
skim,"n. 撇；撇去的东西；表层物；瞒报所得的收入
adj. 脱脂的；撇去浮沫的；表层的
vt. 略读；撇去…的浮物；从…表面飞掠而过；去除；（为逃税而）隐瞒（部分收入）
vi. 浏览；掠过"
brochure,"n. 手册，小册子
"
pamphlet,n. 小册子
credible,adj. 可靠的，可信的
credulous,adj. 轻信的；因轻信而产生的
comprehension,n. 理解；包含
understanding,"n. 谅解，理解；理解力；协议
v. 理解；明白（understand的ing形式）
adj. 了解的；聪明的；有理解力的"
evoke,vt. 引起，唤起；博得
summon,vt. 召唤；召集；鼓起；振作
conquest,"n. 征服，战胜；战利品
"
triumph,"n. 胜利，凯旋；欢欣
vi. 获得胜利，成功"
victory,"n. 胜利；成功；克服
"
break,"vi. 打破；折断；弄坏；削弱
vt. （使）破；打破（纪录）；（常指好天气）突变；开始
vi. （嗓音）突变；突破；破晓；（价格）突然下跌
n. 破裂；间断；（持续一段时间的状况的）改变；间歇"
crack,"n. 裂缝；声变；噼啪声
adj. 最好的；高明的
vi. 破裂；爆裂
vt. 使破裂；打开；变声"
snap,"n. 猛咬；劈啪声；突然折断
adj. 突然的
vt. 突然折断，拉断；猛咬；啪地关上
vi. 咬；厉声说；咯嗒一声关上"
compound,"n. [化学] 化合物；混合物；复合词
adj. 复合的；混合的
v. 合成；混合；恶化，加重；和解，妥协"
blend,"n. 混合；掺合物
vi. 混合；协调
vt. 混合"
integrate,"n. 一体化；集成体
adj. 整合的；完全的
vi. 求积分；取消隔离；成为一体
vt. 使…完整；使…成整体；求…的积分；表示…的总和"
apparatus,n. 装置，设备；仪器；器官
instrument,n. 仪器；工具；乐器；手段；器械
device,n. 装置；策略；图案
beat,"n. 拍子；敲击；有规律的一连串敲打
adj. 筋疲力尽的；疲惫不堪的
vt. 打；打败
vi. 打；打败；拍打；有节奏地舒张与收缩
"
hit,"n. 打；打击；（演出等）成功；讽刺
vt. 打击；袭击；碰撞；偶然发现；伤…的感情
vi. 打；打击；碰撞；偶然碰上"
strike,"n. 罢工；打击；殴打
vi. 打，打击；罢工；敲，敲击；抓；打动；穿透
vt. 打，击；罢工；撞击，冲击；侵袭；打动；到达
"
ordinary,"adj. 普通的；平凡的；平常的
n. 普通；平常的人（或事）"
common,"n. 普通；平民；公有地
adj. 共同的；普通的；一般的；通常的
"
general,"n. 一般；将军，上将；常规
adj. 一般的，普通的；综合的；大体的
"
comment,"n. 评论；意见；批评
vi. 发表评论；发表意见
vt. 为…作评语
"
commentary,n. 评论；注释；评注；说明
remark,"n. 注意；言辞
vt. 评论；觉察
vi. 谈论"
single,"n. 一个；单打；单程票
adj. 单一的；单身的；单程的
vt. 选出
vi. 击出一垒安打"
separate,"n. .分开；抽印本
adj. 单独的；分开的；不同的；各自的；
vt. 使分离；使分开；使分居
vi. 分开；隔开；分居"
particular,"n. 详细说明；个别项目
adj. 特别的；详细的；独有的；挑剔的"
amplify,"vt. 放大，扩大；增强；详述
vi. 详述"
expand,"vt. 扩张；使膨胀；详述
vi. 发展；张开，展开"
extend,"vt. 延伸；扩大；推广；伸出；给予；使竭尽全力；对…估价
vi. 延伸；扩大；伸展；使疏开"
recreation,n. 娱乐；消遣；休养
amusement,n. 消遣，娱乐；乐趣
entertainment,n. 娱乐；消遣；款待
elevate,vt. 提升；举起；振奋情绪等；提升…的职位
hoist,"n. 起重机；升起，吊起
vt. （用绳索，起重机等）使升起
vi. 升起；吊起
"
lift,"vt. 举起；提升；鼓舞；空运；抄袭
vi. 消散；升起；耸立
n. 电梯；举起；起重机；搭车"
mend,"vt. 修理，修补；改善；修改
vi. 改善，好转
n. 好转，改进；修补处"
repair,"n. 修理，修补；修补部位
vt. 修理；恢复；补救，纠正
vi. 修理；修复"
patch,"n. 眼罩；斑点；碎片；小块土地
vi. 打补丁
vt. 修补；解决；掩饰
"
obstacle,n. 障碍，干扰；妨害物
hindrance,n. 障碍；妨碍；妨害；阻碍物
obstruction,n. 障碍；阻碍；妨碍
tale,"n. 故事；传说；叙述；流言蜚语
"
narrative,"n. 叙述；故事；讲述
adj. 叙事的，叙述的；叙事体的"
anecdote,n. 轶事；奇闻；秘史
scatter,"n. 分散；散播，撒播
vt. 使散射；使散开，使分散；使散播，使撒播
vi. 分散，散开；散射"
disperse,"vt. 分散；使散开；传播
adj. 分散的
vi. 分散"
spread,"n. 传播；伸展
adj. 伸展的
vt. 传播，散布；展开；伸展；铺开
vi. 传播；伸展"
conflict,"n. 冲突，矛盾；斗争；争执
vi. 冲突，抵触；争执；战斗"
contest,"n. 竞赛；争夺；争论
vt. 争辩；质疑
vi. 竞争；争辩"
combat,"n. 战斗；争论
adj. 战斗的；为…斗争的
vi. 战斗；搏斗
vt. 反对；与…战斗
"
fight,"n. 打架；战斗，斗志
vi. 打架；与…打仗，与…斗争；反对…提案"
state,"n. 国家；州；情形
adj. 国家的；州的；正式的
vt. 规定；声明；陈述
"
declare,"vt. 宣布，声明；断言，宣称
vi. 声明，宣布"
announce,"vt. 宣布；述说；预示；播报
vi. 宣布参加竞选；当播音员"
proclaim,vt. 宣告，公布；声明；表明；赞扬
release,"n. 释放；发布；让与
vt. 释放；发射；让与；允许发表"
publish,"vi. 出版；发行；刊印
vt. 出版；发表；公布"
alike,"adj. 相似的；相同的
adv. 以同样的方式；类似于"
similar,"n. 类似物
adj. 相似的"
additional,adj. 附加的，额外的
extra,"n. 临时演员；号外；额外的事物；上等产品
adj. 额外的，另外收费的；特大的
adv. 特别地，非常；另外"
assign,"vt. 分配；指派；[计][数] 赋值
vi. 将财产过户（尤指过户给债权人）"
allocate,"vt. 分配；拨出；使坐落于
vi. 分配；指定"
convict,"n. 罪犯
vt. 证明…有罪；宣告…有罪"
sentence,"n. [语][计] 句子，命题；宣判，判决
vt. 判决，宣判"
contend,"vi. 竞争；奋斗；斗争；争论
vt. 主张；为...斗争"
rival,"n. 对手；竞争者
adj. 竞争的
vt. 与…竞争；比得上某人
vi. 竞争
"
slack,"n. 煤末；峡谷
adj. 松弛的；疏忽的；不流畅的
vt. 放松；使缓慢
adv. 马虎地；缓慢地
vi. 松懈；减弱
"
loose,"adj. 宽松的；散漫的；不牢固的；不精确的
vt. 释放；开船；放枪
vi. 变松；开火
adv. 松散地
n. 放纵；放任；发射
"
undermine,vt. 破坏，渐渐破坏；挖掘地基
weaken,"vt. 减少；使变弱；使变淡
vi. 变弱；畏缩；变软弱"
ornament,"n. 装饰；[建][服装] 装饰物；教堂用品
vt. 装饰，修饰"
decorate,"vt. 装饰；布置；授勋给
vi. 装饰；布置"
scar,"n. 创伤；伤痕
vt. 伤害；给留下伤痕
vi. 结疤；痊愈"
seam,"n. 缝；接缝
vt. 缝合；接合；使留下伤痕
vi. 裂开；产生裂缝"
isolate,"n. [生物] 隔离种群
vt. 使隔离；使孤立；使绝缘
adj. 隔离的；孤立的
vi. 隔离；孤立"
separate,"n. .分开；抽印本
adj. 单独的；分开的；不同的；各自的；
vt. 使分离；使分开；使分居
vi. 分开；隔开；分居"
clear,"n. 清除；空隙
adj. 清楚的；清澈的；晴朗的；无罪的
vt. 通过；清除；使干净；跳过
vi. 放晴；变清澈
adv. 清晰地；完全地
"
distinct,adj. 明显的；独特的；清楚的；有区别的
slaughter,"n. 屠宰，屠杀；杀戮；消灭
vt. 屠宰，屠杀；杀戮；使惨败
"
massacre,"vt. 残杀；彻底击败
n. 大屠杀；惨败
"
yell,"n. 喊声，叫声
vi. 大叫，叫喊
vt. 喊叫着说"
shout,"n. 呼喊；呼叫
vi. 呼喊；喊叫；大声说
vt. 呼喊；大声说"
fake,"n. 假货；骗子；假动作
adj. 伪造的
vt. 捏造；假装…的样子
vi. 假装；做假动作
"
imitation,"n. 模仿，仿造；仿制品
adj. 人造的，仿制的"
administer,"vt. 管理；执行；给予
vi. 给予帮助；执行遗产管理人的职责；担当管理人"
manage,"vt. 管理；经营；控制；设法
vi. 处理；应付过去"
appeal,"n. 呼吁，请求；吸引力，感染力；上诉；诉诸裁判
vt. 将…上诉，对…上诉
vi. 呼吁，恳求；上诉；诉诸，求助；有吸引力，迎合爱好；（体育比赛中）诉诸裁判"
lure,"n. 诱惑；饵；诱惑物
vt. 诱惑；引诱
"
route,"n. 路线；航线；通道
vt. 按某路线发送"
passage,"n. 一段（文章）；走廊；通路
"
authentic,adj. 真正的，真实的；可信的
real,"n. 现实；实数
adj. 实际的；真实的；实在的
adv. 真正地；确实地
"
originate,"vt. 引起；创作
vi. 发源；发生；起航"
initiate,"n. 开始；新加入者，接受初步知识者
vt. 开始，创始；发起；使初步了解
adj. 新加入的；接受初步知识的"
grief,n. 悲痛；忧伤；不幸
misery,"n. 痛苦，悲惨；不幸；苦恼；穷困
"
shrewd,"n. 精明（的人）；机灵（的人）
adj. 精明的；狡猾的；机灵的"
smart,"adj. 聪明的；巧妙的；敏捷的；厉害的；潇洒的；剧烈的；时髦的
"
skip,"n. 跳跃；跳读
vt. 跳过；遗漏
vi. 跳跃；跳绳；遗漏；跳读
"
leap,"vi. 跳，跳跃
n. 飞跃；跳跃
vt. 跳跃，跳过；使跃过
"
staple,"n. 主要产品；订书钉；主题；主食
adj. 主要的，大宗生产的；常用的；纺织纤维的
vt. 把…分级；钉住"
principal,"adj. 主要的；资本的
n. 首长；校长；资本；当事人"
vain,adj. 徒劳的；自负的；无结果的；无用的
arrogant,adj. 自大的，傲慢的
fascinate,"vt. 使着迷，使神魂颠倒
vi. 入迷"
charm,"n. 魅力，吸引力；魔力
vt. 使陶醉；行魔法
vi. 有魔力；用符咒"
swamp,"vt. 使陷于沼泽；使沉没；使陷入困境
n. 沼泽；湿地
vi. 下沉；陷入沼泽；陷入困境；不知所措（过去式swamped，过去分词swamped，现在分词swamping，第三人称单数swamps，名词swampiness，形容词swampy）"
marsh,"n. 沼泽；湿地
adj. 沼泽的；生长在沼泽地的
"
token,"n. 表征；代币；记号
adj. 象征的；表意的；作为对某事的保证的
vt. 象征；代表"
souvenir,"n. 纪念品；礼物
vt. 把…留作纪念"
deduction,n. 扣除，减除；推论；减除额
induction,n. [电磁] 感应；归纳法；感应现象；入门培训，入职仪式，就职；诱导
reverse,"n. 背面；相反；倒退；失败
adj. 反面的；颠倒的；反身的
vt. 颠倒；倒转
vi. 倒退；逆叫"
invert,"n. 颠倒的事物；倒置物；倒悬者
adj. 转化的
vt. 使…转化；使…颠倒；使…反转；使…前后倒置"
pistol,"n. 手枪；信号枪
vt. 用手枪射击
"
gun,"n. 枪支；枪状物；持枪歹徒
vt. 向…开枪；开大油门
vi. 用枪射击；加大油门快速前进
"
pact,n. 协定；公约；条约；契约
bargain,"n. 交易；便宜货；契约
v. 讨价还价；议价；(谈价钱后)卖"
comic,"n. 连环漫画；喜剧演员；滑稽人物
adj. 喜剧的；滑稽的；有趣的"
ridiculous,adj. 可笑的；荒谬的
vacant,"adj. 空虚的；空的；空缺的；空闲的；茫然的
"
blank,"n. 空白；空虚；空白表格
adj. 空白的；空虚的；单调的
vt. 使…无效；使…模糊；封锁
vi. 消失；成为空白
"
empty,"n. 空车；空的东西
adj. 空的；无意义的；无知的；徒劳的
vt. 使失去；使…成为空的
vi. 成为空的；流空"
naked,adj. 裸体的；无装饰的；无证据的；直率的
bare,"adj. 空的；赤裸的，无遮蔽的
vt. 露出，使赤裸
"
bald,"adj. 秃顶的；光秃的；单调的；无装饰的
vi. 变秃
"
pause,"n. 暂停；间歇
vi. 暂停，停顿，中止；踌躇
"
cease,"n. 停止
vi. 停止；终了
vt. 停止；结束"
halt,"n. 停止；立定；休息
vt. 使停止；使立定
vi. 停止；立定；踌躇，犹豫
"
excessive,adj. 过多的，极度的；过分的
extravagant,adj. 奢侈的；浪费的；过度的；放纵的
extreme,"n. 极端；末端；最大程度；极端的事物
adj. 极端的；极度的；偏激的；尽头的"
display,"n. 显示；炫耀
vt. 显示；表现；陈列
adj. 展览的；陈列用的
vi. [动] 作炫耀行为"
expose,vt. 揭露，揭发；使曝光；显示
reveal,"n. 揭露；暴露；门侧，窗侧
vt. 显示；透露；揭露；泄露"
crucial,adj. 重要的；决定性的；定局的；决断的
critical,adj. 鉴定的；[核] 临界的；批评的，爱挑剔的；危险的；决定性的；评论的
vital,"adj. 至关重要的；生死攸关的；有活力的
"
subsidiary,"n. 子公司；辅助者
adj. 附属的；辅助的"
auxiliary,"n. 助动词；辅助者，辅助物；附属机构
adj. 辅助的；副的；附加的"
secondary,"n. 副手；代理人
adj. 第二的；中等的；次要的；中级的"
resource,n. 资源，财力；办法；智谋
source,"n. 来源；水源；原始资料
"
origin,n. 起源；原点；出身；开端
hinder,"vt. 阻碍；打扰
adj. 后面的
vi. 成为阻碍
"
restrict,vt. 限制；约束；限定
prohibit,vt. 阻止，禁止
profit,"n. 利润；利益
vt. 有益于
vi. 获利；有益
"
advantage,"n. 优势；利益；有利条件
vt. 有利于；使处于优势
vi. 获利"
benefit,"n. 利益，好处；救济金
vt. 有益于，对…有益
vi. 受益，得益"
position,"n. 位置，方位；职位，工作；姿态；站位
vt. 安置；把……放在适当位置"
vocation,n. 职业；天职；天命；神召
career,"n. 生涯；职业；事业；速度，全速
adj. 作为毕生职业的
vi. 全速前进，猛冲"
expectation,n. 期待；预期；指望
hope,"n. 希望；期望；信心
vi. 希望；期待；信赖
vt. 希望；期望
"
outlook,"n. 展望；观点；景色
vt. 比……好看；用目光压倒
vi. 朝外看"
controversy,n. 争论；论战；辩论
argument,n. 论证；论据；争吵；内容提要
debate,"n. 辩论；辩论会
vt. 辩论，争论，讨论
vi. 辩论，争论，讨论"
former,"n. 模型，样板；起形成作用的人
adj. 从前的，前者的；前任的
"
preceding,"v. 在...之前（precede的ing形式）
adj. 在前的；前述的"
previous,"adj. 以前的；早先的；过早的
adv. 在先；在…以前"
available,adj. 可获得的；可购得的；可找到的；有空的
accessible,adj. 易接近的；可进入的；可理解的
attainable,adj. 可得到的；可达到的；可到达的
attractive,adj. 吸引人的；有魅力的；引人注目的
beautiful,"adj. 美丽的
出色地
出色的
迷人的
迷人地"
handsome,adj. （男子）英俊的；可观的；大方的，慷慨的；健美而端庄的
pretty,"n. 有吸引力的事物（尤指饰品）；漂亮的人
adj. 漂亮的；可爱的；优美的
adv. 相当地；颇
"
conference,"n. 会议；讨论；协商；联盟；（正式）讨论会；[工会、工党用语]（每年的）大会
vi. 举行或参加（系列）会议"
rally,"n. 集会；回复；公路赛车会
vt. 团结；集合；恢复健康、力量等
vi. 团结；重整；恢复；（网球等）连续对打
"
session,n. 会议；（法庭的）开庭；（议会等的）开会；学期；讲习会
symposium,n. 讨论会，座谈会；专题论文集；酒宴，宴会
leak,"n. 泄漏；漏洞，裂缝
vt. 使渗漏，泄露
vi. 漏，渗；泄漏出去
"
seep,"n. 小泉；水陆两用的吉普车
vi. 漏；渗出"
dazzle,"n. 耀眼的光；灿烂
vt. 使……目眩；使……眼花
vi. 眼花缭乱；炫耀"
shine,"vt. 照射，擦亮；把…的光投向；（口）通过擦拭使…变得有光泽或光
vi. 发出光；反射光，闪耀；出类拔萃，表现突出；露出；照耀；显露；出众
n. 光亮，光泽；好天气；擦亮；晴天；擦皮鞋；鬼把戏或诡计
"
levy,"n. 征收；征兵，征税
vt. 征收（税等）；征集（兵等）
vi. 征税；征兵
"
impose,"vt. 强加；征税；以…欺骗
vi. 利用；欺骗；施加影响"
contaminate,vt. 污染，弄脏
pollute,vt. 污染；玷污；败坏
detach,vt. 分离；派遣；使超然
separate,"n. .分开；抽印本
adj. 单独的；分开的；不同的；各自的；
vt. 使分离；使分开；使分居
vi. 分开；隔开；分居"
rigorous,adj. 严格的，严厉的；严密的；严酷的
rigid,adj. 严格的；僵硬的，死板的；坚硬的；精确的
solidarity,n. 团结，团结一致
unity,"n. 团结；一致；联合；个体
"
revive,"vt. 使复兴；使苏醒；回想起；重演，重播
vi. 复兴；复活；苏醒；恢复精神"
restore,"vi. 恢复；还原
vt. 恢复；修复；归还"
percentage,n. 百分比；百分率，百分数
proportion,"n. 比例，占比；部分；面积；均衡
vt. 使成比例；使均衡；分摊"
deny,"vi. 否认；拒绝
vt. 否定，否认；拒绝给予；拒绝…的要求"
contradict,"vt. 反驳；否定；与…矛盾；与…抵触
vi. 反驳；否认；发生矛盾"
revenge,"n. 报复；复仇
vt. 报复；替…报仇；洗雪
vi. 报仇；雪耻"
retaliate,"vi. 报复；回敬
vt. 报复"
clutch,"n. 离合器；控制；手；紧急关头
vt. 抓住；紧握
adj. 没有手提带或背带的；紧要关头的
vi. 攫；企图抓住"
clench,"vt. 紧握；确定；把…敲弯
vi. 握紧；钉牢
n. 紧抓；敲环脚
"
character,"n. 性格，品质；特性；角色；[计] 字符
vt. 印，刻；使具有特征
"
temperament,n. 气质，性情，性格；急躁
ambitious,adj. 野心勃勃的；有雄心的；热望的；炫耀的
aspiring,"v. 立志（aspire的ing形式）
adj. 有抱负的；追求…的；高耸的"
spacious,adj. 宽敞的，广阔的；无边无际的
capacious,adj. 宽敞的；广阔的；容积大的
esteem,"n. 尊重；尊敬
vt. 尊敬；认为；考虑；估价"
regard,"n. 注意；尊重；问候；凝视
vi. 注意，注重；注视
vt. 注重，考虑；看待；尊敬；把…看作；与…有关
"
stimulate,"vi. 起刺激作用；起促进作用
vt. 刺激；鼓舞，激励"
propel,vt. 推进；驱使；激励；驱策
vocal,"adj. 直言不讳的
adj. 歌唱的；声音的，有声的
n. 声乐作品；元音
"
outspoken,adj. 坦率的，直言不讳的
attribute,"n. 属性；特质
vt. 归属；把…归于"
ascribe,vt. 归因于；归咎于
attach,"vi. 附加；附属；伴随
vt. 使依附；贴上；系上；使依恋"
adhere,"vi. 坚持；依附；粘着；追随
vt. 使粘附"
remove,"n. 移动；距离；搬家
vt. 移动，迁移；开除；调动
vi. 移动，迁移；搬家"
deprive,vt. 使丧失，剥夺
upright,"n. 垂直；竖立
adj. 正直的，诚实的；垂直的，直立的；笔直的；合乎正道的"
straightforward,"adj. 简单的；坦率的；明确的；径直的
adv. 直截了当地；坦率地"
amend,"vt. 修改；改善，改进
vi. 改正，改善；改过自新
"
correct,"adj. 正确的；恰当的；端正的
vt. 改正；告诫
vi. 调整；纠正错误"
junction,n. 连接，接合；交叉点；接合点
juncture,n. 接缝；连接；接合
abnormal,adj. 反常的，不规则的；变态的
unusual,adj. 不寻常的；与众不同的；不平常的
supervise,"vt. 监督，管理；指导
vi. 监督，管理；指导"
administer,"vt. 管理；执行；给予
vi. 给予帮助；执行遗产管理人的职责；担当管理人"
scorn,"n. 轻蔑；嘲笑；藐视的对象
vt. 轻蔑；藐视；不屑做
vi. 表示轻蔑；表示鄙视"
despise,vt. 轻视，鄙视
gesture,"n. 姿态；手势
vt. 用动作表示
vi. 作手势；用动作示意"
posture,"n. 姿势；态度；情形
vt. 作…的姿势
vi. 摆姿势"
decline,"n. 下降；衰退；斜面
vt. 谢绝；婉拒
vi. 下降；衰落；谢绝"
descend,"vi. 下降；下去；下来；遗传；屈尊
vt. 下去；沿…向下"
aggressive,adj. 侵略性的；好斗的；有进取心的；有闯劲的
militant,"adj. 好战的
n. 富有战斗性的人；好斗者；激进分子"
compensate,"vt. 补偿，赔偿；付报酬
vi. 补偿，赔偿；抵消"
pay,"n. 工资，薪水；付款；报答
vt. 支付，付；偿还，补偿；给予
vi. 付款；偿还
adj. 收费的；需付费的"
contrary,"n. 相反；反面
adj. 相反的；对立的
adv. 相反地"
opposite,"adj. 相反的；对面的；对立的
n. 对立面；反义词
prep. 在…的对面
adv. 在对面"
shatter,"n. 碎片；乱七八糟的状态
vt. 粉碎；打碎；破坏；破掉；使散开
vi. 粉碎；损坏；落叶"
smash,"n. 破碎；扣球；冲突；大败
vt. 粉碎；使破产；溃裂
adj. 了不起的；非常轰动的；出色的
vi. 粉碎；打碎"
environment,n. 环境，外界
setting,"n. 环境；安装；布置；[天] 沉落
v. 放置；沉没；使…处于某位置（set的ing形式）"
surroundings,n. 环境；周围的事物
magazine,n. 杂志；弹药库；胶卷盒
periodical,"n. 期刊；杂志
adj. [数] 周期的；定期的"
journal,n. 日报，杂志；日记；分类账
distant,adj. 遥远的；冷漠的；远隔的；不友好的，冷淡的
remote,"n. 远程
adj. 遥远的；偏僻的；疏远的"
far,"n. 远方
adj. 远的；久远的
adv. 很；遥远地；久远地；到很远的距离；到很深的程度
"
legal,"adj. 法律的；合法的；法定的；依照法律的
"
lawful,adj. 合法的；法定的；法律许可的
legitimate,"adj. 合法的；正当的；合理的；正统的
vt. 使合法；认为正当（等于legitimize）"
criterion,n. （批评判断的）标准；准则；规范；准据
standard,"n. 标准；水准；旗；度量衡标准
adj. 标准的；合规格的；公认为优秀的
"
gauge,"n. 计量器；标准尺寸；容量规格
vt. 测量；估计；给…定规格"
assignment,n. 分配；任务；作业；功课
task,"n. 工作，作业；任务
vt. 分派任务"
job,"n. 工作；职业
vt. 承包；代客买卖
vi. 做零工
"
factor,"n. 因素；要素；[物] 因数；代理人
vt. 把…作为因素计入；代理经营；把…分解成
vi. 做代理商
"
element,"n. 元素；要素；原理；成分；自然环境
"
ingredient,"n. 原料；要素；组成部分
adj. 构成组成部分的"
maintain,vt. 维持；继续；维修；主张；供养
preserve,"n. 保护区；禁猎地；加工成的食品
vt. 保存；保护；维持；腌；禁猎"
stay,"n. 逗留；停止；支柱
vi. 停留；坚持；暂住；停下
vt. 坚持；暂住；抑制"
age,"n. 年龄；时代；寿命，使用年限；阶段
vt. 使成熟；使变老，使上年纪
vi. 成熟；变老
"
era,"n. 时代；年代；纪元
"
epoch,n. [地质] 世；新纪元；新时代；时间上的一点
response,n. 响应；反应；回答
reply,"n. 回答；[法] 答辩
vt. 回答；答复
vi. 回答；[法] 答辩；回击"
answer,"n. 回答；答案；答辩
vt. 回答；符合
vi. 回答；符合"
adequate,adj. 充足的；适当的；胜任的
sufficient,adj. 足够的；充分的
enough,"n. 很多；充足
adj. 充足的
adv. 足够地，充足地
int. 够了！"
ultimate,"n. 终极；根本；基本原则
adj. 最终的；极限的；根本的"
final,"n. 决赛；期末考试；当日报纸的末版
adj. 最终的；决定性的；不可更改的"
last,"n. 末尾，最后；上个；鞋楦（做鞋的模型）
adj. 最后的；最近的，最新的；仅剩的；最不可能…的
vi. 持续；维持，够用；持久
vt. 度过，拖过；使维持
adv. 最后地；上次，最近；最后一点
"
adolescent,"n. 青少年
adj. 青春期的；未成熟的"
teenager,n. 十几岁的青少年；十三岁到十九岁的少年
youth,n. 青年；青春；年轻；青少年时期
remove,"n. 移动；距离；搬家
vt. 移动，迁移；开除；调动
vi. 移动，迁移；搬家"
eliminate,vt. 消除；排除
dismiss,"vt. 解散；解雇；开除；让...离开；不予理会、不予考虑
vi. 解散"
queer,"n. 同性恋者；怪人；伪造的货币
adj. 奇怪的；同性恋的；不舒服的；心智不平衡的
vt. 搞糟；使陷于不利地位"
odd,"adj. 奇数的；古怪的；剩余的；临时的；零散的
n. 奇数；怪人；奇特的事物
"
peculiar,"n. 特权；特有财产
adj. 特殊的；独特的；奇怪的；罕见的"
wholesome,adj. 健全的；有益健康的；合乎卫生的；审慎的
well,"n. 井；源泉
adj. 良好的；健康的；适宜的
adv. 很好地；充分地；满意地；适当地
v. 涌出

"
healthy,"adj. 健康的，健全的；有益于健康的
"
sound,"n. 声音，语音；噪音；海峡；吵闹；听力范围；[医] 探条
adj. 健全的，健康的；合理的；可靠的；有效彻底的
vt. 听（诊）；测量，测…深；使发声；试探；宣告
vi. 听起来；发出声音；回响；测深
adv. 彻底地，充分地"
seize,"vt. 抓住；夺取；理解；逮捕
vi. 抓住；利用；（机器）卡住"
snatch,"n. 抢夺；抓举；小量
vt. 夺得；抽空做；及时救助
vi. 抢走；很快接受"
grab,"n. 攫取；霸占；夺取之物
vt. 攫取；霸占；将…深深吸引
vi. 攫取；夺取"
capture,"n. 捕获；战利品，俘虏
vt. 俘获；夺得；捕捉，拍摄,录制"
be contrary to,"v. 不同于
"
in and out,"na. 迂曲；忽隐忽现
"
prefer to,"un. 较喜欢；宁愿:
"
lack of,"v. 缺乏
"
by accident,"na. 偶然 (opp. on purpose)
"
contribute to,"na. 捐助；给…投稿；捐(款)给；投寄(一篇论文)给(某杂志)
"
provide ... with,"v. 供给；供应
"
if only,"na. 只要；只要…就好了
"
rather than,"na. 而不
"
be obliged to,"na. 感谢；不得已而…
"
aim for,"un. 力求；以…为最终目的
"
give up,"na. 放弃；断绝；投降；自首
"
in theory, 理论上；从理论上看；在理论上
take measures,"na. 测定
"
depend on,"v. 依靠
"
at large,"na. 随便；拉杂地
"
give in,"na. 让步；屈服；投降；上交
"
be inclined to,"v. 倾向于；想要
"
concern for,"un. 关心
"
no longer,"na. 不再
"
go against,"na. 违背；不利于
"
show up,"na. 显眼；揭发；嘲笑；露面
"
only if,"conj. 只有当
"
renege on, 食言；违背；违约
take advantage of,"na. 乘；利用；欺骗；引诱(女人)
"
keep ... from doing, 避免做；避免做某事；从某事中停下来
on behalf of,"na. 替；为…的利益
"
be confronted with,"na. 碰到(困难)
"
be unlikely to, 不可能；不太可能
stay away from,"un. 退避三舍；回避；不要到…去；停止和…交往
"
take the lead,"v. 率先
"
be considered as,"v. 被认为是
"
be puzzled by,无
by nature,"na. 生就；从本性上说
"
as a result,"adv. 结果
"
pay attention to,"na. 注意
"
be dominant over,无
get over,"na. 同“get across”
"
at the end of,"na. 在…末端；在…的结尾
"
as usual,"adv. 照常；照例
"
a bit of,"na. 一点儿
"
be peculiar to,"v. 限于
"
as for,"na. 至于
"
as to,"na. 〈正式〉至于；说到
"
derive from,"v. 来自；起源于
"
be generous to,无
sum up,"na. 〈口〉概括；总结
"
in contrast,"adv. 相反
"
die out,"na. 死绝
"
take one's stand,在…的位置；在…上站岗；站在…的立场；以…为根据
wipe out,"na. 擦去；【无线】遮蔽；遮蔽地域；【信】封闭
"
search for,"na. 寻找；寻求；探求
"
be resistant to, 抵抗的；抗拒；有抵抗力的
up in arms,"na. 武装反抗；武装起义；采取敌对态度
"
approve of,"na. 赞成
"
benefit from,"v. 从…得到好处
"
be similar to,"na. 像
"
subscribe to,"v. 同意；赞成；订阅；定期捐款
"
seek to, 试图；设法；力图
make no difference,"un. 在意；没关系；没有差别；无动于衷
"
add to,"na. 增加
"
turn out,v. （以某种方式）发生；最后是；结果是 （尤指天气突然）变得（晴好） 原来是；结果发现 出席;参加;前去观看关掉，熄灭（电灯、煤气等） 出席;参加;前去观看生产；制造 （尤指把某人从其长期居住处）撵走，赶出，逐出 翻出；倒出 出席；参加；前去观看
as if,"na. 彷佛；活像
"
as a result of,"na. (作)为…的结果
"
intend to,"打算(做)..., 想要(做)..."
trade with,"un. 从事贸易；与…做生意:
"
cast doubt on,"un. 令人对…置信不疑；令人不疑
"
lose faith in,"na. 对…失去信念
"
would rather,"na. 宁愿
"
anything but,"na. 决不是；除…外什么都
"
do harm to,"v. 损害
"
owe to,"v. 由于；把…归功于
"
be cautious about,无
refer to,"v. 查阅；提到
"
in terms of,"na. 依…；从…方面；用…特有的字眼
"
be applicable to,"v. 适用于；能应用
"
in turn,"na. 挨次
"
feel disappointed at,无
be disappointed at, 对…失望；对……感到失望；后应接指东西的词
set out,"n. 开始；出发；动身；准备
"
make up,"na. 弥补；起草；定；签订
"
sign on,"na. 签字聘用[就聘]；签字承认；作工作记录
"
prior to,"adj. 前于
"
exert influence on, 施加影响；对…施加影响；感化
take pride in,"na. 以…自豪；对…感到满意
"
suffer from, 患（某种病），受（某种病痛）折磨; 因…而受罚[苦，损]; 闹; 罹
conform to,"na. 遵照；顺应；遵守
"
stumble on,"un. 踌躇地转着；碰上
"
be obsessed with,"un. 昼夜萦绕在…心头；被…缠住；埋头研究
"
instead of,"prep. 代替；作为…的替换
"
stick to,"na. 忠于
"
in brief,"na. 简单地说
"
be conscious of,"na. 意识到
"
no less than,"prep. 多达
"
by all means,"na. 必定；千方百计；不惜一切；好的
"
on average, 平均；平均起来；通常
on the average,"na. 平均；一般说来
"
on an average,"na. 平均；一般说来
"
accuse of,"un. 控告
"
have nothing to do with,"na. 办完；和…断绝关系；已和…无关
"
fail to,"v. 未能；使…失望
"
in fact,"na. 事实上；总之
"
at odds with,"adj. 相抗争于
"
compete with,"v. 竞争
"
in favor of,"na. 赞成；有利于；付与
"
draw a conclusion,"na. 引出结论
"
insist on,"v. 坚持；强调
"
show sympathy for,无
once for all,"na. 只此一次；断然
"
be equipped with,"na. 安置着；身上穿着
"
put down to, 归因于；说…因而起；归因为
for fear of,"na. 因为怕；唯恐
"
for fear that,"na. 生怕
"
bring about,"na. 造成；带来；【航】(使船)回转
"
cling to,"v. 依附；坚持
"
persuade sb. into,劝某人做某事
ward off,"v. 挡开；架开
"
shut down,"na. 关闭；关拢(窗等)；停业；禁止
"
in addition,"na. 加之
"
be accessible to, 能接近；容易接近的；可进入的
be interested in,"v. 对…感兴趣
"
in trouble,"na. 为难；被捕；未婚怀孕
"
be vulnerable to, 易于患上；易受；对…无能为力
take efforts,无
play a role in,"v. 起作用于
"
impinge on,"v. 影响到；冲击；打击
"
out of date,"adj. 过时的；缺乏新信息的；陈腐的；失效的
"
result in,"na. 终于(失败)
"
for instance,"na. 例如
"
comply with,"v. 遵守
"
as a means of, 以资；作为…的方法；作为…的工具
be second to, 次于；仅次于；次於
for example,"na. 例如
"
such as,"un. 例如；像；象…这样；诸如…之类
"
prevent ... from doing,无
evolve from, 进化自；从……发展而成；由……进化而来
on the basis of,"na. 以…为基础
"
on the contrary,"na. 反之
"
slow down,"na. 闲下来；减缓；放慢速度；减速
"
result from,"v. 由于
"
be deprived of,"na. 失却
"
cope with,"v. 对付；应付
"
in consequence,"na. 因此
"
provide for,"v. 为…作准备
"
at stake,"na. 被赌着；在危险中；利害[生死]攸关
"
be satisfied with,"v. 满足于
"
split up,"na. (使)分裂；〔美俚〕吵架；同“split”
"
draw on,"na. 穿；依赖；靠；吸收
"
stress the importance of,无
so that,"conj. 因此；以便
"
regard as,"v. 当作
"
be accountable to,无
be entitled to, 有权；有资格；有权做
discontent with,无
put forward,"na. 提出(计划,意见等)；建议；促进；推举(候补人等)
"
by way of,"na. 当做；作出…的样子；经由；以便
"
be agreeable to,"v. 欣然同意
"
at risk,"un. 担风险
"
go through,"na. 认真检查；仔细地搜；(提案或法案)通过；被批准
"
indifference to, 对……漠不关心；对……不关心；对…无动于衷
regardless of,"prep. 不管；不顾；不理会
"
be susceptible to,"na. 对…敏感
"
come across,"na. 尽(义务)；发现；碰见；(穿过…)来到
"
in a sense,"na. 在某种意义上；有一点儿
"
be worth doing,值得做……
in vain,"na. 无益地；轻慢地
"
be likely to, 可能；很可能；很有可能
apart from,"prep. 除了…外（都）；要不是；除了…外（还）；此外
"
trifle with,"un. 玩弄；心不在焉地做；摆弄:；戏弄:
"
for long,"na. 长久 longs and shorts 1. 诗〔尤指古希腊的和古拉丁的〕. 2. 【建筑】长短砌合
"
according to,"prep. 根据；按照；据（…所说）；按（…所报道）
"
in a word,"na. “in a few words”的变体
"
doze off,"v. 打瞌睡
"
be parallel to,"v. 与…平行
"
be parallel with,"与...同时, 随着..., 与...比较, 与...相应, 与...并联"
so long as,"na. 只要；“as/so long as”的变体
"
as long as,"conj. 只要
"
be unprepared for,无
root in, 扎根于；来源于；起因于
on the whole,"na. 整体上说
"
owing to,"conj. 由于；因为
prep. 因为；由于
"
be subject to,"un. 给；降伏；受…支配；受…影响
"
at all,"na. 全然；究竟
"
be exposed to, 暴露于；面临；暴露在
so far,"na. 就是那么些；到现在为止；到目前(此地)为止；就此范围来说
"
in effect,"na. 实际上；总之；有效
"
with regard to,"na. 关于；对于；为了答复；“in/with regard to”的变体
"
adhere to,"v. 坚持；依附
"
as far as,"na. 远到；就；尽；至于
"
because of,"na. 因
"
point out,"na. 指出
"
filter out,"un. 〔物〕滤光；滤出；慢慢传出；听不进去
"
be willing to,"na. 乐意进行
"
lead up to,"na. 渐渐诱入；【牌戏】设法引出
"
fall asleep,"na. 入睡
"
be eager to,"v. 渴望
"
other than,"na. 与…不同；除了
"
cannot but, 不得不；禁不住；不能不
be dependent on,"na. 依靠
"
in order to,"na. 为了；从而；以便
"
look up to,"v. 尊敬；另眼看待；向…一举一动看齐
"
thirst for,"v. 非常想望
"
shut out,"na. 不让进来；遮得看不见；【棒球】不让得分
"
take in,"na. 加以考虑；〔美国〕访问；收进；收容
"
at all costs,"na. 无论如何
"
in particular,"na. 特别；一一
"
be biased against,"na. 对…抱有偏见
"
fold into,"v. 调入；拌入
"
take ... to extremes, 做得过多
be immune to,"对...有免疫力, 可避免..., 不受...的影响"
be reluctant to, 不愿意；不情愿；不愿做…的
in general,"na. 一般；大体上
"
now that,"na. 由于
"
keep down,"na. 压住；压服；【印】用小活字排印；缩减
"
by contrast,"un. 相比之下；作对比；与此相反
"
in contrast,"adv. 相反
"
make fun of,"na. 嘲弄
"
at length,"na. 最后；充分地
"
apply to,"v. 应用于
"
in time,"na. 经过一段时间以后；早晚；在恰好的时候；和…合拍
"
blame on, 把责任推给；责怪；归罪于
by means of,"na. 以
"
run against,"v. 背叛
"
get rid of,"na. 除掉；摆脱；撵走
"
rest on,"na. 被支持在…上；(目光等)停留在…上
"
be regarded as, 被认为是；被当做是；视为
reliance on, 依赖；依靠；对……的依赖
arise from,"v. 从…而得的
"
check on,"na. 检查
"
take place,"na. 发生；举行
"
along with,"na. 与…一道；以外
"
nothing more than,"un. 只有；跟…迥然不同；只不过
"
call for,"na. 呼吁；主张；需要；接(某人)
"
in the wake of,"na. 在…后接踵而来；在后追随
"
tend to,"v. 倾向于；有助于
"
stick to,"na. 忠于
"
lay off,"na. 辞退；停止；暂停
"
carry on,"adj. (飞机乘客的行李)可随身携带的
n. (飞机乘客的)随身行李
"
scrape through,"na. 好容易完成；(考试)勉强及格；勉强对付过去；勉强通过
"
act on,"na. “Act upon”的变体
"
act upon,"v. 对…起作用
"
above all,"na. 最主要的；最重要的是
"
seem to,"v. 似乎
"
in line with,"na. 和…成一直线；〔美国〕和…一致
"
ignorance about,无
deal with,"na. 办理；对待；与…交涉；与…交易
"
access to, 接近；进入；通向…的入口
resort to,"na. 使用(武力)
"
wake up,"na. 同“wake”；叫醒；醒来；振作起来
"
on the other hand,"na. 从另一方面来说；在另一方面
"
step out of,"un. 闯进；脱掉
"
in face of,"v. 当面对
"
oppose to,"v. 反对；反抗
"
by chance,"na. 偶然
"
look for,"v. 寻找；探索；渴望；盼望
"
be concerned with,"na. 干与；关怀
"
be busy with,"v. 忙于
"
adapt to,"na. 使(自己行动)配合(同伴)
"
live up to,"na. 量…过日子；实行(主义等)；够得上；达到预期标准
"
thank sb. for sth., 感谢；为……感谢；就…而感谢
by occasion of, 由于；因为
engage with,"un. 与…交战；与…接洽
"
in sequence,"na. 挨次；顺次；逐一
"
fall in with,"na. “meet with”的变体
"
face up to,"na. 大胆面向；正面对付；同“face”
"
take pleasure in,"na. 高兴地；以…为乐；欣然
"
take a pleasure in,"na. 高兴地；以…为乐；欣然
"
exchange ... for ...,"un. 以…换:
"
be opposite to,"v. 在…对面
"
give credit to sb. for ...,无
give sb. credit for,"na. 把…贷给(某人)；把…归功于(某人)；认为当然有(某种性质等)
"
make an impression on sb., 给某人留下印象；给……印象；留下深刻的印象
leave an impression on sb.,无
be opposed to,"v. 反对；与…相对
"
in short supply,"na. 供应不足
"
come into use,"na. (某物)开始被使用
"
commit oneself to ...,"na. 委身于
"
accuse ... of ...,"un. 控告
"
be critical of, 批评的；爱挑毛病的；对……持批评态度
complain of,"v. 抱怨；叫屈
"
be short of, 缺少；缺乏；短缺
lean against,"v. 靠着
"
be worthy of, 值得；配得上；对得起
play with fire,"na. 轻举妄动
"
in no case,"na. 决不
"
pick up,"v. 拾起；探出；重新开始
"
be identified with,以…著名
be honest with,"na. 对…说老实话
"
be acquainted with,"na. 了解；与…相识
"
by no means,"na. 决不；并没有
"
remedy for, 补救；对…治疗法；药物
within reach of,"na. 在…附近
"
within one's reach,伸手可及
flesh out,"na. 充实；使…具体化
"
to date,"na. 至今
"
apologize to sb. for sth., 因某事向某人道歉
share with,"un. 合伙；合住；承担；跟…看法一致
"
no end of,"na. 非常；非常的
"
stick with, 坚持；继续支持；坚持做
in memory of,"na. 纪念…
"
give effect to,"na. 实施
"
break sb. of sth., 放弃；除去习性；分离
deride ... as,嘲笑为
seize on sth.,"na. 猛扑；袭击；利用；采用(提议)
"
seize upon sth.,"na. 猛扑；袭击；利用；采用(提议)
"
be intent on,"v. 对…一心一意
"
call ... in question,"na. 疑；非难；表示不服；要求…的证据
"
be supposed to do sth.,"na. …(在职务上)要；〈口〉不许
"
in behalf of,"na. 为…
"
agree on,"na. 对…意见一致
"
agree upon,"un. 赞成；达成协议的；商妥
"
allow for,"v. 考虑到
"
on equal terms,"na. 处于平等的地位；(与…)平等相处
"
in of sight,无
be in sight,"na. 看得见
"
out of sight,"adv. 无影无踪
"
be out of sight,"在视线外
看不见"
be sensitive to,"na. 对…敏感
"
distinguish between,"v. 分清
"
speak ill of,"na. 诽谤；说…的坏话
"
set aside,"na. 搁置；拨出；驳回
"
in decline,"un. 一落千丈；走向衰落
"
be on holiday, 在度假；在假期中；渡假
go on holiday,"v. 去渡假
"
feed on sth.,"na. 同“feed off ”；“live on”的变体
"
feed sb. on sth.,"na. 同“feed off ”；“live on”的变体
"
with all one's heart,"na. 诚心诚意
"
be aware of,"na. 知道
"
be convenient to,"v. 方便于
"
be convenient for,"v. 方便
"
blame sb. for sth., 因……责备；责怪；因…怪罪
strike into,"突然,开始;(突然)跑,逃;打,扎(进),忽然转入"
come into action,"na. 开战
"
in ignorance of,对……不知道
correspond to,"v. 符合
"
be at home, 在家；感到象在家一样舒适自在；呆在家里
feel at home,"na. 舒松；“be/feel/look at home”的变体
"
arrive on, 到达
in person,"na. 亲自；身体上；外貌上
"
keep one's word,"na. 守约；履行诺言；说话算话
"
take the side of, 站在…一边；支持某人；站在……边
consist of,"v. 由…合成
"
of one's own,"na. 自己的
"
come into effect,"na. 开始实施
"
go into force,(开始)实施(或实行)；(政府法令、法律、协议等)开始生效
in the way,"na. 在路上；妨碍
"
at intervals,"na. 时时；处处；偶尔
"
at ... intervals,"na. 时时；处处；偶尔
"
perform on, 演奏；表演；上演
perform ... on, 演奏；表演；上演
come into fashion,"na. 流行起来
"
at ease,"na. 自由自在；=stand at ease.
"
at one's ease,没有拘束的
enter into,"na. 入；动手；参加；缔结(协约等)
"
be eligible for, 有资格；对•••有资格；合格的
proceed with,"un. 开始；继续:
"
beyond the reach of,"un. 没办法；没有资格；绝对办不到的；超越…的范围
"
on one's honor, 以名誉担保
stem from,"v. 出于；基于
"
be content to do sth.,无
confess to,"v. 承认
"
in the absence of,"na. 无…时
"
run risk of,无
take risk of,无
in respect to,"na. 关于
"
with respect to,"na. 〈正式〉考虑到
"
owe ... to,"v. 由于；把…归功于
"
be in the habit of, 习惯于；有…习惯；有……的习惯
in pursuit of,"na. 寻求
"
come into power,"na. 掌权
"
in essence,"na. 本质上；大体上
"
in keeping with,"na. 和…一致
"
knock out,"na. 敲出；敲空；使屈服；使无用
"
strike sb. as sth.,无
exclude from, 把…排斥于…之外；把……排除在外；同上但是使用档案
in one's favor, 对…有利; 支持某人
intervene in,"v. 干涉
"
compensate for sth.,"v. 补偿；抵偿
"
compensate sb. for sth.,"v. 补偿；抵偿
"
go to great pains,"un. 叫…头痛；让…难过；采取一切办法
"
in the view of, 按…的意思；按……的意见；根据……的观点
in the eyes of,"na. 在…的心目中
"
in one's eyes,"na. 在…的心目中
"
on occasion,"na. 有时；遇必要时
"
be equal to,"na. 等于；胜任；赶得上；忍耐得住
"
drop out,"na. 退出；(因不满传统制度而)退出正常社会；落出；隐退
"
sort out,vt.& vi. 把…安排妥当; （从…中）区分出来，辨别出来; 分类; 整理; 整顿; 解决
bound for,"adj. 驶往…的
"
in the face of,"na. 不避；不管；〈英〉在…前面；面临
"
be preferable to,"v. 优于；胜过
"
come into sight,"v. 出现；看见
"
prevail over,"v. 胜过
"
emerge from,"v. 从…里露出
"
have an ear for,"v. 有欣赏…的能力
"
place trust in,无
put trust in,"对…有信心,信任…"
have trust in, 相信；对…有信心
be faithful to, 忠于；对……忠诚；忠诚于
in no way,"na. 决不
"
speak well of,"na. 称赞；“speak well for/of”的变体
"
be subject to,"un. 给；降伏；受…支配；受…影响
"
trust to, 依靠，依赖; 交给…（保管、办理等）
trust ... to,"v. 依靠；信赖
"
have words with sb.,"na. 和…争论
"
be out of use,不用了
distinguish ... from ..., 区别；区分；识别，辨别，辨认
on schedule,"na. 按时；按时间表；按照预定计划
"
give rise to,"na. 惹起
"
be relevant to,"v. 有关
"
be valid for, 对…有效的；有效期为；对……有效
close off,"na. 结(账)；隔离；封锁；阻塞
"
cry out against,"v. 大声反对
"
remark on,"v. 评论；批评
"
remark upon,"v. 评论；批评
"
cater to sb.,"v. 迎合
"
cater to sth.,"v. 迎合
"
in accord with,"un. 符合；与…和谐；一致；与…观点一致
"
take the initiative,"na. 带头
"
at the mercy of,"na. 完全受…支配
"
in view of,"na. 鉴于；为要；在…能看见的地方；估计[预料]到才
"
interfere in,"v. 干涉
"
coupled with,"un. 接在一起
"
combined with,"un. 联合
"
in of touch with sb.,无
out of touch with sb.,"na. 和…没有通信；和…不一致
"
it occurs to sb. that ...,无
be concerned with,"na. 干与；关怀
"
dispose of,"na. 安排；解决；办妥；杀掉
"
throw away,"na. 抛弃；浪费；拒绝(劝告)；失去(机会)
"
react against,"na. 反抗
"
to one's heart's content,"na. 尽情
"
be popular with,"na. 受…欢迎
"
be popular among,无
cope with,"v. 对付；应付
"
take ... into account,"na. 考虑
"
specialize in,"v. 专攻；专门研究
"
in charge of ...,"na. 受托…的
"
be liable to,"该受(罚), 应遵守..., 有...的倾向, 易于..."
amount to,"v. 合计
"
go for sth.,"na. 去喊；〈美〉拥护；被认为；袭击
"
go into effect,"v. 生效
"
go on duty,"v. 上班
"
come off duty, 下班；放工
work one's way through, 费劲地完成；靠做工读完；从头到尾做
escape from,"v. 逃脱
"
be on the watch for sb.,"na. 看守着；守候着
"
be on the watch for sth.,"na. 看守着；守候着
"
press on,"na. 向前挤；坚决推进；“press ahead”的变体
"
in the light of,"na. 按照；以…的模样；当作…
"
attempt to,"un. 企图
"
persuade sb. to do sth.,无
on one's guard,"na. 警戒
"
on one's guard against,无
come into blossom, 开花；开始开花
be fortunate in,vt.在...方面很幸运
prohibit ... from,"v. 禁止
"
have an effect on,"na. 对…有影响
"
be ignorant of,"na. 不了解
"
convince sb. of,"na. 使(人)承认
"
take ... into consideration,"v. 顾及
"
jump on,"na. 严词责备；突然袭击；同“jump”
"
at a standstill,"adv. 陷于停顿
"
be on one's back, 仰卧；生病卧床；仰躺
originate in,"v. 来源于
"
originate from,"v. 起源于；发源于
"
be scheduled for,"订于…,定于…"
in excuse of,"na. 为…辩明
"
beyond dispute,"na. 无争论余地；的确；无疑
"
in support of,"na. 支持；支援；拥护
"
impress on,"v. 给…深刻印象；盖印于
"
take charge of,"na. 看守
"
lend itself to,"na. 对…有用[适合]
"
lend themselves to,"vt.帮助,同意,鼓励"
have impact,无
have an impact, 有影响；上劲儿
have an impact on, 对…有影响；对…起作用，产生效果；对于…有影响
have impact on, 对…有影响；产生巨大影响；对……造成影响
a matter of course,"na. 理所当然的(事情)；(作为)当然的事情
"
as a matter of course,"na. “a matter of course”的变体
"
catch a glimpse of,"na. 瞥见；看一眼
"
get a glimpse of,"na. 瞥见；看一眼
"
rest on,"na. 被支持在…上；(目光等)停留在…上
"
rest upon,"na. 被支持在…上；(目光等)停留在…上
"
in the position of, 处在…位置上；方位概念
on no account,"na. … on any account 决不
"
impose ... on,"v. 强迫；欺骗
"
on one's own,"na. 独自地；独立地；凭自己力量；主动地
"
no more than,"na. 不过是；仅仅
"
of one's own accord,"na. 自愿地
"
be engaged in,"na. 正做着
"
boast of,"na. 夸耀
"
boast about,"na. 夸耀
"
at the risk of,"na. 冒着…的危险
"
in despair,"na. 绝望地
"
make the most of,"na. 充分使用；尽量使好[不好]看；极为重视；尽量称赞[贬损]
"
range between,"v. 无意中听到
"
live from hand to mouth,"na. 糊口度日；勉强糊口
"
in accordance with,"na. 照；与…一致
"
in the short term, 从短期来说；短期内；从眼前的观点看
in doubt,"na. 感到疑心；被怀疑
"
with reference to,"na. 关于
"
in reference to,"na. 关于
"
adjust to,"v. 适应
"
come at sb.,"v. 得到；达到
"
be fed up with,"na. 吃…吃得过饱；厌倦
"
get fed up with,无
gain access to,"na. 接近；会见；接通(计算机)
"
be in debt to ...,"na. 借着…的钱
"
beyond belief,"na. 难以置信；非常
"
be grateful to sb. for sth.,感激某人因某事
be fit for sth.,"na. 适于
"
be fit to do sth.,无
at the expense of,"na. 以…为代价；由…出钱；牺牲…
"
be distinct from,"v. 与…有差别
"
be different from,"na. 和…不同
"
in good repair,"na. 维修良好；“in good/bad repair”的变体
"
for the sake of,"adv. 为了…起见
"
under consideration,"na. 考虑中
"
restrain ... from, 抑制；制止；控制
revolve around,"v. 旋绕
"
reflect on,"v. 考虑；回想
"
take delight in,"na. 对…感觉愉快[快乐]
"
be in a mess, 乱七八糟；处境困难；处境狼狈
appeal to,"v. 求助于；引起N
"
keep a watch on, 照看；监视；照看，监视
keep a close watch on,"v. 密切注意
"
tell ... from,"un. 辨别；区分开:
"
keep pace with,"na. 赶上；保持同步；随着…而增长
"
put sb. at one's ease,无
at a loss,"na. 无办法；(猎犬)失去猎物嗅迹；亏本地
"
with ease,"na. 轻易地；容易
"
in force,"na. 大举；有效
"
on demand,"na. 请求即
"
probe into,"v. 探索；刺激
"
relieve ... of ...,"v. 解除
"
come into existence,"na. 产生；成立
"
exert ... on ...,"un. 施加于
"
behind schedule,"na. 比预定时间晚
"
get laid off, 下岗；被解雇；被裁员
in the mood to,无
in the mood for,"na. 想…
"
know sb. by sight,"na. 曾经见过
"
be typical of ...,"v. 代表；象征
"
have little to do with ...,"v. 与…几乎无关
"
on the face of it,"na. (单)由外表判断
"
derive ... from,"v. 来自；起源于
"
obtain ... from, 从…得到
when it comes to sth., 一谈到；当提到；当谈到
at one's convenience,"na. 顺便；得便时
"
be response for,无
concentrate on,"na. 集中在；专心于
"
concentrate upon,na. 集中在；专心于
adapt ... for ...,"un. 借鉴；适用于
"
confirm sb. in,"un. 增强
"
by virtue of,"na. 靠
"
in virtue of,"na. 靠
"
be caught in,"na. 遇(雨)；落入(陷阱,圈套)
"
react to,"v. 对…有反应
"
in existence,"na. 现存的；存在的
"
be in existence,"vi.存在着,现在"
close one's eyes to, 不理会
close shut one's eyes to,无
under way,"na. 进行着；【航海】航行中
"
spare a moment to do,无
range from ... to ..., 范围从到；从……到……的范围；在……中变化
senior to,"adj. 年长于
"
dismiss sb. as sth.,认为…而辞退；认为…而不予考虑
dismiss sth. as sth.,认为…而辞退；认为…而不予考虑
knock off,"na. 敲落；中止(工作)；即席作(诗文等)；减低(价格)
"
out of breath,"na. 大喘气
"
concern oneself about,"vt.关心,挂念"
concern oneself with,"na. 从事
"
on earth,"na. 到底；在地球上；全然
"
have the last word,"un. 和…聊聊；最后拿主意
"
substitute for,"v. 取代；替代
"
for certain,"na. 的确
"
be considerate of,"v. 体谅
"
on the ground of,"na. 由于
"
on the grounds of,"na. 根据
"
on the ground that,"conj. 理由是
"
on the grounds that,"un. 基于；由于
"
have confidence in sb.,"信任,信赖 in confidence 秘密地,私下,暗中"
have confidence in sth.,"信任,信赖 in confidence 秘密地,私下,暗中"
share in,"v. 分享；参与
"
take a glance at,"na. 瞥一眼
"
take a look at,"na. (仔细)看一看
"
in place,"na. 得其所；适当的
"
bring ... into practice,实行，实施；付诸实践
put ... into practice,"na. 实行
"
abide by,"na. 坚持；服从
"
be on about sth., （英，非正式）滔滔不绝地谈
by turns,"na. 轮流
"
on memory of,无
be ashamed of,"na. 以为…是耻辱
"
congratulate sb. on,"un. 祝贺
"
in place of,"na. 代替
"
instead of,"prep. 代替；作为…的替换
"
have an advantage over,"na. 胜过
"
be indicative of, 表明；暗示；表示
at one's leisure,"na. 方便时
"
keep ... to oneself,"un. 强调；紧贴；秘而不宣；独自承受
"
be used to doing,无
at random,"na. 碰运气地；无目标地
"
lean on,"na. 靠在；倚赖；【军】据险(固守)
"
encourage sb. in, 鼓励
look sb. in the eye, 直视；正视
on the increase, 在增加；正在增加；正在增长
demand sth. of sb.,"na. 向(某人)要求(某物)
"
demand sth. from sb.,"na. 向(某人)要求(某物)
"
on the back of,"na. 由…背后；此外
"
with the result that, 其结果是；因而；因此
turn one's back on sb.,"na. 不理睬；丢弃；逃出
"
on record, 记录在案的；记录在案；记录下来的
be out of practice, 荒废；不熟练
get out of practice,无
on a large scale,"na. 大规模地
"
in search of,"na. 寻找；去找；追求；为了寻求
"
by comparison,"na. 比较起来
"
in comparison with,"na. 和…比起来
"
fit into, （使）适合， （使）合乎…的时间[空间]，与…融为一体; 纳入
inferior to,"adj. 次于
"
in one's face, 迎面；公开地；当着某人的面
fade away,"n. 逐渐消失
"
absence of mind,"na. 心不在焉
"
plead for,"na. 恳求
"
hinder ... from,"阻碍, 使不能"
force ... on ...,"un. 压入
"
be involved in,"na. 被包入；被卷入漩涡
"
in consequence of,"na. 因为…的原故
"
as a whole,"na. (作为一个)整体
"
protect ... from, 保护；保护……免受；不受…之害
be guilty of,"na. 犯…罪
"
spread out,"na. 张开；铺开；扩张；同“spread”
"
on condition that,"na. 在…的条件下
"
out of reach,"adj. 够不着的；无法连络的；超出范围的
"
center one's attention on,无
restrict ... to, 限制；把…限制在；限制欄位
sensible of,"adj. 感觉；觉得
"
mention sth. to sb., 提及；提到；向……提及
be fond of,"v. 爱好
"
yield to,"v. 服从；屈服于；弯曲
"
as a matter of fact,"na. 事实上；事实是
"
in order,"na. 整整齐齐；合规则；情况正常；健康
"
be in order, 就绪；有序的；合适，恰当
make reflection on ...,无
in good faith,"na. 真诚地
"
in one's own right,"na. 依据自己的权利；依据自己生来应有的权利
"
lay the roots for,无
come to the point,"na. 说正题
"
in the first place,"na. 首先；第一
"
in agreement,"un. 誓约；诺言；一致的
"
in agreement with,"na. 符合…照…
"
get stuck in, 开始起劲地做某事; <俚>全神贯注吃饭或工作，使劲干
free of charge,"na. 免费
"
be sorry for,"对...感到懊悔, 对...感到遗憾, 为...感到惋惜, 对...感到怜悯"
to taste,"na. 酌量
"
to one's taste,"un. 喜欢；合…口胃；合意的
"
be under repair,aux.在修理中
fall to the ground,"na. 坠地；成画饼；落在地上；(计划等)落空
"
rest with,"na. 取决于
"
in one's honor,无
keep faith with, 对…守信用；忠于信仰；对…失去信心
be shocked at, 对……感到震惊；对…非常震惊；对……很震惊
be shocked by,无
be based on,"v. 以…为基础
"
be based upon, 基于
side with sb.,"v. 援助；偏袒
"
be in effect,"na. 正在实行[厉行]
"
be certain of,"v. 确信；深信
"
work out ideas, 出主意；课外制作
on no consideration,"na. 决不
"
superior to,"adj. 胜过；优于
"
to one's delight,无
to one's regret,无
to one's sorrow,无
to one's relief,无
be jealous of,"v. 妒忌
"
to begin with,"na. 首先；本来〔插入语〕
"
leave sb. in the dust, 撇下某人或某物
leave sth. in the dust, 撇下某人或某物
be absorbed in,"na. 全神贯注在…；热衷于
"
bring to mind,"na. 想起
"
call to mind, （使）记起， （使）想起; 忆起; 想到; 忆及
be consistent with,"v. 与…一致
"
operate on sb.,"v. 对…施行手术；用…开动
"
attach ... to ...,"v. 连接在…上；归于
"
jump at,"v. 欣然接受
"
under the impression that, 认为；有……的印象；觉得
by reason of,"na. 凭…的理由
"
account for,"na. 证明；由于；说明(银钱等的)用途；打死
"
out of the question,"adv. 不可能
"
take ... for granted,"v. 想当然
"
be capable of,"v. 能够承担
"
be accustomed to,"na. 惯于(苦干,早起)
"
set sth. on fire,"na. 放火；放火烧；使兴奋
"
arise from of,无
arise out of,"v. 由…而引起
"
except for,"na. 只有
"
apart from,"prep. 除了…外（都）；要不是；除了…外（还）；此外
"
in contrast to,"un. 相形之下；与…相比；与…相反；与…对比
"
in contrast with,"na. 和…成对比；和…大不相同
"
keep track of,"na. 追踪；记录；保持联系；密切注意…的动向
"
in fear of,"un. 为-而担心
"
persist in,"v. 坚持
"
be bound up with,"na. 与…有密切联系；与…结合在一起；和…有密切关系
"
discharge from ...,"na. 解(雇)；免(职)；使出(医院)；使出(狱)
"
be confident of,"na. 对(成功)满怀信心
"
in the form of,"na. 用…的形式
"
of no account,"na. 不重要的
"
in advance,"na. 预先；在先头
"
be occupied with,"v. 忙着
"
be true to, 忠实；忠于；忠实于
proceed from,"un. 来到；发生:
"
bear in mind,"na. 记住；铭记不忘；注意
"
bear ... in mind,"na. 记住；铭记不忘；注意
"
keep in mind,"na. 记在心里；记住；注意
"
keep ... in mind,"na. 记在心里；记住；注意
"
be free from,"v. 免除
"
to the point,"na. 露骨；中肯
"
play ... off against ..., 完成同其他优胜者的平分比赛; （使）相互争斗以坐收渔利
be stuck in, 陷入；陷进；陷于
get into the habit of,"na. 养成某种习惯
"
be exclusive of ...,"除去,不包括…"
comment on ...,"v. 评论
"
respond to,"v. 响应
"
in honor of,"na. 向…表示敬意
"
at the cost of,"na. 以…为牺牲
"
on one's own account,"na. 独自地；独立地；凭自己力量；主动地
"
in hopes of,"na. 希望着
"
charge sb. with sth.,"na. 托付；使负…的罪名；使受…的责备
"
fall into the habit,无
fall into the habit of,"na. 养成某种习惯
"
find fault with,"na. 吹毛求疵；找…的岔子
"
in condition,"un. 病势很重；高兴；健康状况好
"
in out of condition,无
a string of,"det. 一串；一系列
"
shed light on,"na. 阐明；解释；将…弄明白；照亮
"
break up,"v. 拆散；打碎；剖割(兽体等)；破坏
"
be in the right, 正确的；站在正义与真理一边；有理
in the air,"na. (计划等)悬着；在空中；(谣言等)流传；【军】无掩护的
"
with the exception of,"na. 除…外
"
expose ... to ...,"un. 暴露于
"
at the sight of,"na. 一看见就
"
at the thought of,"na. 一想到
"
for short,"na. 简称
"
at peace with ..., 与…和睦相处；与…和平相处；自在安详
be at peace with ...,"v. 和…和平相处
"
occupy oneself with, 从事；忙于某事；忙于做某事
occupy oneself in, 忙于；从事于；专心于
up in the air,"na. 悬而未决的
"
be tempted to do sth.,无
equivalent to,"v. 等于N；相当于N
"
be equivalent to,"na. 等于；相当于
"
conceive of,"na. 想出(计划)
"
word for word,"adv. 逐字翻译
"
be eager for,"v. 迫切要
"
do away with,"na. 废除；干掉
"
throw ... into ...,"na. 使投身于
"
behind one's back, 背后；在某人之背后；背着某人
compare ... to ...,"un. 核对记录；商量了一番；比较；和…相仿
"
go short of,"v. 缺乏
"
at will,"na. 任意；随意
"
be content with,"na. 以…为满足
"
beyond expression,"na. 形容不出；无法表达
"
on a diet,"adj. 在节食
"
in good condition,"na. 情况良好；健康；(物件)无破损；(食品)新鲜
"
in bad condition,"un. 状态恶劣
"
answer for,"na. 负…的责任；负责(受处分)；代(被问人)回答
"
make sense,"na. (话等)有意义；合理；有道理；讲得通
"
in connection with,"prep. 与…相关
"
be in use, 在使用中；使用之中；投入使用
be used, 被使用；被用做；被动表示被使用
catch sight of,"na. 看出
"
catch the sight of,无
in dispute,"na. (在)争论中的
"
consult sb. on sth., 商量
consult sb. about sth.,就…向(某人)请教〔询问〕
turn a blind eye to,"na. 对…熟视无睹；假装不见
"
hunt for,"na. 追猎；搜寻
"
long for,"v. 渴望
"
be equipped with,"na. 安置着；身上穿着
"
in response to,"na. 应…而
"
in demand,"un. 要求；抢手
"
get the better of,"na. 胜过
"
give sb. an account of,"na. 叙述；说明
"
on faith,"un. 丧失对…的信心；盲目地(相信)；一厢情愿
"
beat ... at,大声敲(门等); 在(比赛)中击败(某人)
to the purpose,"na. 剀切地
"
objection to, 反对；反对某事；对……反对
objection to doing sth.,无
abundant in,"adj. 富于
"
be abundant in,丰富的，富裕的
there is no point in doing sth.,无
for a change,"na. 为了改变一下
"
in public,"na. 公然
"
in difficulty, 处境困难；处于困境；在困境中
detach from,"v. 分离自
"
beyond hope,"na. 毫无希望
"
have sb. by the throat,扼住喉咙；扼杀
throw light on,"na. 弄明白
"
beyond reason, 毫无道理；超越理由；理智之外
beyond all reason, 没有道理的；不合理的；毫无道理
forge ahead,"na. (不停地)努力前进；(赛跑)努力赶上
"
fall short of,"na. “come short”的变体；“fall short”的变体
"
in relation to,"na. 关于…
"
with relation to,"na. 关于…
"
react on,"v. 对…有反应
"
react upon,vt.影响
on the spot,"na. 当场；立刻；【商业】用现货[现款]；(人)准备妥当
"
make out,"na. 理解；发现；起草；证明
"
confine to,"v. 限于
"
be obliged to,"na. 感谢；不得已而…
"
be obliged to sb.,"na. 感谢；不得已而…
"
participate in,"v. 参加；分享
"
be liable for, 对…应负责任的；对…负责；有责任
cast off,"na. 脱掉(衣服)；放弃；【航】放(船)；【印,纺】织完
"
invest ... in,"v. 投资到
"
keep company with,"na. 和…常来往；同…结伴
"
at the back of,"na. 在…背后
"
place an emphasis on,无
at all events,"na. 无论怎样；总之
"
extract from,"un. 榨出(汁等)；提取:；拔取；拔出
"
arrange for sb. to do sth.,无
in excess of,"na. 超过
"
be identical with,"v. 与…相同
"
for the benefit of,"na. 为…(利益)打算；〔反意语〕为惩戒…
"
be cautious of,"na. 留意
"
be anxious about,"na. 担忧(某人健康)；害怕(结果)
"
charge ... for ...,"un. 索价
"
stand down,"na. 【法】退出证人席位；暂时辞退；【军】不在值勤中
"
expect of, 对…期望；对……表示期待；期望会作出
fall back,"na. 后退；下降；减少
"
favorable to,"un. 赞成
"
be favorable to,"v. 有利于
"
at first glance,"adv. 初看起来
"
at first sight,"na. 乍看；一见就；乍看起来
"
compare ... with ...,"na. 和…比较[对照]
"
have a word with sb.,"na. 和…说一句话
"
rely on,"v. 依靠；信赖
"
be particular about,"v. 对…讲究
"
be particular over,讲究
accord with,"na. 和…一致
"
in accord with,"un. 符合；与…和谐；一致；与…观点一致
"
in consideration of,"na. 因；以作…的谢礼
"
in proportion to,"na. 与…成比例；与…相称；按…的比例(越…越…)
"
contrast ... with ...,"un. 对比
"
on the decline,"na. 没落；在低落中；在衰退中
"
feel equal to ...,"na. 以为能承担
"
admit of,"na. 容有…的余地
"
in the interests of,"na. 为了…的利益
"
be absent from ...,"na. 不在(家)；缺(工)
"
interfere with,干扰，干涉；妨碍；触动或弄坏；乱动；与……抵触
put ... down to ..., 归因于；说…因而起；归因为
attend to,"na. 照料(工作)
"
on business,"na. 因公
"
with a will,"na. 热心
"
on account of,"na. 因为
"
pile into,"v. 蜂拥而入
"
