cause,"n. 原因；事业；目标
vt. 引起；使遭受"
financial,adj. 金融的；财政的，财务的
afford,"vt. 给予，提供；买得起
"
tuition,n. 学费；讲授
secondary,"n. 副手；代理人
adj. 第二的；中等的；次要的；中级的"
remit,"n. 移交的事物
vt. 宽恕；免除；减轻；传送；使恢复原状
vi. 汇款；缓和"
donation,n. 捐款，捐赠物；捐赠
noble cause, 崇高目的；伟大的事业；崇高的目的
Project Hope, 希望工程；世界健康基金会；美国世界健康基金会
offer financial aid,无
seek out,"na. 找出；寻求；想获得
"
pay for,"na. 付开销；赔偿(损失)；(为某种过失)付出代价；吃亏
"
on an annual basis, 年同比；按年度基准；以每年的基础
secondary education,"n. 中等教育
"
remit one's donation,无
volunteer,"n. 志愿者；志愿兵
adj. 志愿的
vt. 自愿
vi. 自愿"
conference,"n. 会议；讨论；协商；联盟；（正式）讨论会；[工会、工党用语]（每年的）大会
vi. 举行或参加（系列）会议"
globalization,n. 全球化
requirement,n. 要求；必要条件；必需品
familiarity,n. 熟悉，精通；亲密；随便
proficiency,n. 精通，熟练
interpersonal,adj. 人际的；人与人之间的
responsibility,n. 责任，职责；义务
preference,n. 偏爱，倾向；优先权
experienced,adj. 老练的，熟练的；富有经验的
interview,"n. 接见，采访；面试，面谈
vt. 采访；接见；对…进行面谈；对某人进行面试"
enquiry,n. [计] 询问，[贸易] 询盘
encourage,vt. 鼓励，怂恿；激励；支持
postgraduate,"n. 研究生，研究所学生
adj. 大学毕业后的"
be needed for sth.,无
the theme of sth.,无
proficiency in sth., 熟练；精通；熟练精通
sense of responsibility, 责任感；责任心；责任意识
experienced in sth., 有经验；在……有经验；对…有经验
reception,n. 接待；接收；招待会；感受；反应
cultural,adj. 文化的；教养的
exchange,"n. 交换；交流；交易所；兑换
vt. 交换；交易；兑换
vi. 交换；交易；兑换"
impression,n. 印象；效果，影响；压痕，印记；感想；曝光（衡量广告被显示的次数。打开一个带有该广告的网页，则该广告的impression 次数增加一次）
memory,"n. 记忆，记忆力；内存，[计] 存储器；回忆
"
mention,"vt. 提到，谈到；提及，论及；说起
n. 提及，说起
"
guide,"n. 指南；向导；入门书
vt. 引导；带领；操纵
vi. 担任向导
"
beforehand,"adj. 提前的；预先准备好的
adv. 事先；预先"
regard,"n. 注意；尊重；问候；凝视
vi. 注意，注重；注视
vt. 注重，考虑；看待；尊敬；把…看作；与…有关
"
thank sb. for sth., 感谢；为……感谢；就…而感谢
cultural exchange program,无
leave a deep impression upon sb.,无
mention doing sth.,无
be warmly welcomed,无
best regards,"un. 最良好的问候
"
recommend,"vt. 推荐，介绍；劝告；使受欢迎；托付
vi. 推荐；建议"
primary,"n. 原色；最主要者
adj. 主要的；初级的；基本的"
factor,"n. 因素；要素；[物] 因数；代理人
vt. 把…作为因素计入；代理经营；把…分解成
vi. 做代理商
"
recommendation,n. 推荐；建议；推荐信
fiction,n. 小说；虚构，编造；谎言
bet,"n. 打赌，赌注；被打赌的事物
vt. 打赌；敢断定，确信
vi. 打赌
"
manager,n. 经理；管理人员
vivid,adj. 生动的；鲜明的；鲜艳的
description,n. 描述，描写；类型；说明书
incident,"n. 事件，事变；插曲
adj. [光] 入射的；附带的；易发生的，伴随而来的"
recommend sth. to sb., 交付；向…推荐；把…推荐给某人
as follows,"na. 如下；以下
"
tell sb. about sth.,把某事告诉某人
make a bet, 打赌；打赌看谁先背下这篇文章；来场打赌
travel around the world,"na. 作环球旅行
"
look forward to,"na. 盼望
"
union,n. 联盟，协会；工会；联合
extend,"vt. 延伸；扩大；推广；伸出；给予；使竭尽全力；对…估价
vi. 延伸；扩大；伸展；使疏开"
heartfelt,adj. 衷心的；真诚的；真心真意的
prestigious,adj. 有名望的；享有声望的
abundant,adj. 丰富的；充裕的；盛产
frequent,"adj. 频繁的；时常发生的；惯常的
vt. 常到，常去；时常出入于"
hectic,"n. 脸红；患肺结核
adj. 兴奋的，狂热的；脸上发红；肺病的；忙碌的"
extra-curricular,adj. 课外的
contest,"n. 竞赛；争夺；争论
vt. 争辩；质疑
vi. 竞争；争辩"
ample,"adj. 丰富的；足够的；宽敞的
"
esteemed,"adj. 受人尊敬的
v. 尊敬；认为（esteem的过去分词）"
worthwhile,adj. 值得做的，值得花时间的
enhance,vt. 提高；加强；增加
on behalf of,"na. 替；为…的利益
"
Students' Union, 学生会； 学生活动中心（大楼）
extend welcome,无
offer suggestions,无
in the first place,"na. 首先；第一
"
be bound by, 由什么注定；受…约束；由…联系起来
be prepared for sth.,"na. 准备着
"
in the second place,"na. 第二(点)；其次
"
in spite of,"na. spite of 不管；〔古语〕无视
"
provide opportunities to do sth.,无
all in all,"na. 全部；完全；第一
"
electronic,"adj. 电子的
n. 电子电路；电子器件"
battery,"n. [电] 电池，蓄电池
n. [法]殴打
n. [军]炮台，炮位"
recharge,"vt. 再充电；再袭击；再控告
n. 再袭击；再装填
vi. 再袭击"
charger,n. 充电器；军马；袭击者；委托者；控诉者
personally,adv. 亲自地；当面；个别地；就自己而言
unacceptable,adj. 不能接受的；不受欢迎的
refund,"n. 退款；偿还，偿还额
vt. 退还；偿还；付还
vi. 退还；偿还，归还"
appreciate,"vi. 增值；涨价
vt. 欣赏；感激；领会；鉴别"
online store, 网上商店；在线商店；网店
to begin with,"na. 首先；本来〔插入语〕
"
in addition,"na. 加之
"
a full refund, 全额退款；全额退费；个额退款
talent,n. 才能；天才；天资
contest,"n. 竞赛；争夺；争论
vt. 争辩；质疑
vi. 竞争；争辩"
committee,n. 委员会
judge,"vt. 判断；审判
n. 法官；裁判员
vi. 审判；判决
"
core,"n. 核心；要点；果心；[计] 磁心
vt. 挖...的核
"
auditorium,n. 礼堂，会堂；观众席
competitor,n. 竞争者，对手
enlightening,"adj. 使人领悟的；有启发作用的
v. 启蒙；通知（enlighten的ing形式）"
comment,"n. 评论；意见；批评
vi. 发表评论；发表意见
vt. 为…作评语
"
native,"adj. 本国的；土著的；天然的；与生俱来的；天赋的
n. 本地人；土产；当地居民"
knowledgeable,adj. 知识渊博的，有知识的；有见识的；聪明的
specifically,adv. 特别地；明确地
handmade,adj. 手工的；手制的
RSVP,abbr. 请回复 Répondez s'il vous plaît.（法语）
on behalf of,"na. 替；为…的利益
"
enlightening comments,无
at most,"na. 至多
"
handmade presents,无
extremely,adv. 非常，极其；极端地
traditionally,adv. 传统上；习惯上；传说上
harmonious,adj. 和谐的，和睦的；协调的；悦耳的
familiar,"n. 常客；密友
adj. 熟悉的；常见的；亲近的
"
statement,n. 声明；陈述，叙述；报表，清单
ideology,n. 意识形态；思想意识；观念学
refinement,n. 精制；文雅；[化工][油气][冶] 提纯
temper,"n. 脾气；（钢等）回火；性情；倾向
vt. 使回火；锻炼；调和；使缓和
vi. 回火；调和"
spiritual,"n. 圣歌（尤指美国南部黑人的）
adj. 精神的，心灵的"
enlightenment,n. 启迪；启蒙运动；教化
generous,adj. 慷慨的，大方的；宽宏大量的；有雅量的
accept one's invitation,无
give a presentation to,无
a host of,"det. 很多
"
key points, 关键点，要点(key point的复数)
first of all,"na. 第一
"
compared with,"na. 和…比起来
"
pay attention to,"na. 注意
"
in addition,"na. 加之
"
lay emphasis upon,"注重,着重于,强调,加强(语气),重读"
lay emphasis on,"na. 着重在；加强(语气)
"
logical reasoning, 逻辑推理；逻辑推理法；逻辑推论
beyond words,"un. 明理人不用细说；难以形容
"
look forward to,"na. 盼望
"
hear from,"na. 得到…的消息
"
diagnose,"vt. 诊断；断定
vi. 诊断；判断"
infection,n. 感染；传染；影响；传染病
departure,n. 离开；出发；违背
postpone,"vt. 使…延期；把…放在次要地位；把…放在后面
vi. 延缓，延迟；延缓发作"
inconvenience,"n. 不便；麻烦
vt. 麻烦；打扰"
inform,"vi. 告发；告密
vt. 通知；告诉；报告"
prompt,"n. 提示；付款期限；DOS命令：改变DOS系统提示符的风格
adj. 敏捷的，迅速的；立刻的
vt. 提示；促进；激起；（给演员）提白
adv. 准时地"
appreciate,"vi. 增值；涨价
vt. 欣赏；感激；领会；鉴别"
look forward to sth.,"na. 盼望
"
look forward to doing sth.,无
be diagnosed with sth., 被诊断为；被诊断出；被诊断为什么病
apologize for sth.,"v. 为…道歉
"
inform sb. of sth.,"v. 通知关于
"
honor,"n. 荣誉；信用；头衔
vt. 尊敬（等于honour）；给…以荣誉"
debate,"n. 辩论；辩论会
vt. 辩论，争论，讨论
vi. 辩论，争论，讨论"
theme,"n. 主题；主旋律；题目
adj. 以奇想主题布置的"
specific,"n. 特性；细节；特效药
adj. 特殊的，特定的；明确的；详细的；[药] 具有特效的"
private,"n. 列兵；二等兵
adj. 私人的；私有的；私下的"
blessing,"n. 祝福；赐福；祷告
v. 使幸福（bless的ing形式）；使神圣化；为…祈神赐福
"
curse,"n. 诅咒；咒骂
vt. 诅咒；咒骂
vi. 诅咒；咒骂"
primary,"n. 原色；最主要者
adj. 主要的；初级的；基本的"
claim,"n. 要求；声称；索赔；断言；值得
vt. 要求；声称；需要；认领
vi. 提出要求"
possess,vt. 控制；使掌握；持有；迷住；拥有，具备
mobility,n. 移动性；机动性；[电子] 迁移率
maintain,vt. 维持；继续；维修；主张；供养
contribute,"vt. 贡献，出力；投稿；捐献
vi. 贡献，出力；投稿；捐献
[ 过去式 contributed 过去分词 contributed 现在分词 contributing ]"
congestion,n. 拥挤；拥塞；淤血
cancel,"vi. 取消，撤销
vt. 取消；删去
vi. 取消；相互抵消
n. 取消，撤销
"
frustration,n. 挫折
arrangement,n. 布置；整理；准备
recreational,adj. 娱乐的，消遣的；休养的
private cars, 私家车；私人汽车；私人小汽车
strongly object to sth.,无
contribute to,"na. 捐助；给…投稿；捐(款)给；投寄(一篇论文)给(某杂志)
"
traffic congestion,"na. 交通拥塞
"
traffic jams,"na. 交通拥挤
"
cancel out,"v. 相约；相消；抵消
"
thrift,"n. 节俭；节约；[植] 海石竹
"
extravagant,adj. 奢侈的；浪费的；过度的；放纵的
naturally,"adv. 自然地
自然而然地
轻而易举
天生地
大方地"
expenditure,n. 支出，花费；经费，消费额
consumer,n. 消费者；用户，顾客
take ... for granted,"v. 想当然
"
the apple in one's eyes,无
pocket money,"n. 零用钱；常用于英式英语
"
from my point of view, 在我看来；依我看；我的看法是
daily necessities,"n. 日用品
"
regardless of,"prep. 不管；不顾；不理会
"
senior,"n. 上司；较年长者；毕业班学生
adj. 高级的；年长的；地位较高的；年资较深的，资格较老的
"
assistance,n. 援助，帮助；辅助设备
finance,"n. 财政，财政学；金融
vt. 负担经费，供给…经费
vi. 筹措资金
"
hence,adv. 因此；今后
priority,n. 优先；优先权；[数] 优先次序；优先考虑的事
loan,"n. 贷款；借款
vi. 借出
vt. 借；借给"
exactly,adv. 恰好地；正是；精确地；正确地
appreciate,"vi. 增值；涨价
vt. 欣赏；感激；领会；鉴别"
repayment,n. 偿还；[金融] 付还
anticipation,n. 希望；预感；先发制人；预支
major in,"v. 主修
"
cut back on, 缩减；减少；削减，缩减
related to,"prep. 关于
"
interest rate,"n. 利率
"
in anticipation of,"na. 期待
"
heartfelt,adj. 衷心的；真诚的；真心真意的
gratitude,n. 感谢（的心情）；感激
assistance,n. 援助，帮助；辅助设备
consequence,n. 结果；重要性；推论
quick-witted,adj. 机智灵敏的
emergency,"n. 紧急情况；突发事件；非常时刻
adj. 紧急的；备用的"
satisfactory,adj. 满意的；符合要求的；赎罪的
preach,"n. 说教
vt. 说教；讲道；鼓吹；传道；反复灌输
vi. 说教；讲道；鼓吹；宣扬"
refer to,"v. 查阅；提到
"
the other day,"na. 上回
"
knock off,"na. 敲落；中止(工作)；即席作(诗文等)；减低(价格)
"
first aid,"n. 急救
"
in mounting numbers,无
feedback,n. 反馈；成果，资料；回复
outline,"n. 轮廓；大纲；概要；略图
vt. 概述；略述；描画…轮廓"
informative,adj. 教育性的，有益的；情报的；见闻广博的
inspiring,"v. 鼓舞；激发；使感悟（inspire的ing形式）
adj. 鼓舞人心的；灌输的；启发灵感的"
memorable,adj. 显著的，难忘的；值得纪念的
handout,n. 散发材料（免费发给的新闻通报）；上课老师发的印刷品；文字资料 	（会议上分发的）；施舍物
deepen,"vt. 使加深；使强烈；使低沉
vi. 变深；变低沉"
in general,"na. 一般；大体上
"
provide sb. with sth.,"v. 供给；供应
"
take down,"na. 扯下；卷起；记下；卸下
"
would like to,"v. 将乐意
"
look forward to,"na. 盼望
"
severely,adv. 严重地；严格地，严厉地；纯朴地
satisfactory,adj. 满意的；符合要求的；赎罪的
therefore,adv. 因此；所以
punctuality,n. 严守时间；正确；规矩
essential,"n. 本质；要素；要点；必需品
adj. 基本的；必要的；本质的；精华的"
steward,"n. 管家；乘务员；膳务员；工会管事
vi. 当服务员；当管事
vt. 管理
"
stewardess,n. 女管家；女干事；女服务员
benefit,"n. 利益，好处；救济金
vt. 有益于，对…有益
vi. 受益，得益"
review,"n. 回顾；复习；评论；检讨；检阅
vt. 回顾；检查；复审
vi. 回顾；复习功课；写评论"
improvement,n. 改进，改善；提高
draw one's attention to sth.,无
in the hope that,"na. “in hopes of”的变体
"
as we all know, 众所周知；我们都知道；大家都知道
be essential to,"v. 对…必不可少
"
from time to time,"na. 时时
"
take sth. into consideration,"v. 顾及
"
as soon as possible,"na. 尽快
"
at the same time,"na. 同时；另一方面；与此同时
"
prestigious,adj. 有名望的；享有声望的
celebrity,n. 名人；名声
Confucius,n. 孔子（中国哲学家，教育家）
thinker,n. 思想家；思想者
educator,n. 教育家；教育工作者；教师
founder,"n. 创始人；建立者；翻沙工
vt. 破坏；使摔倒；垮掉
vi. 失败；沉没；倒塌；变跛"
Confucianism,n. 孔子学说；儒家思想
ancient,"n. 古代人；老人
adj. 古代的；古老的，过时的；年老的"
sage,"n. 圣人；贤人；哲人
adj. 明智的；贤明的；审慎的
"
disciple,n. 门徒，信徒；弟子
enduring,"adj. 持久的；能忍受的
v. 忍耐（endure的ing形式）"
classic,"n. 名著；经典著作；大艺术家
adj. 经典的；古典的，传统的；最优秀的"
influence,"n. 影响；势力；感化；有影响的人或事
vt. 影响；改变"
politician,n. 政治家，政客
scholar,n. 学者；奖学金获得者
long-standing,adj. 长期存在的；存在已久的
inner,"n. 内部
adj. 内部的；内心的；精神的"
Confucian,"n. 儒家，儒家学者；孔子的门徒
adj. 孔子的，儒家的；儒家学说的"
represent,"vt. 代表；表现；描绘；回忆；再赠送
vi. 代表；提出异议"
universal,"n. 一般概念；普通性
adj. 普遍的；通用的；宇宙的；全世界的；全体的"
remain,"n. 遗迹；剩余物，残骸
vi. 保持；依然；留下；剩余；逗留；残存"
the Spring and Autumn Period, 春秋时期；春秋时代；我国古代名
The Analects, 论语；论语集；品味国学
be recorded by,无
thought on Heaven and people,无
not only ... but also ..., 不仅……而且；不但而且；两个不仅……而且
unfortunately,adv. 不幸地
diagnose,"vt. 诊断；断定
vi. 诊断；判断"
infection,n. 感染；传染；影响；传染病
surgery,n. 外科；外科手术；手术室；诊疗室
postpone,"vt. 使…延期；把…放在次要地位；把…放在后面
vi. 延缓，延迟；延缓发作"
apologize,"vi. 道歉；辩解；赔不是
vt. 道歉；谢罪；辩白"
inconvenience,"n. 不便；麻烦
vt. 麻烦；打扰"
inform,"vi. 告发；告密
vt. 通知；告诉；报告"
meet with sb.,"na. 碰见；遭遇；偶然发现；达到
"
be diagnosed with, 被诊断为；被诊断出；被诊断为什么病
ear infection, 耳朵感染；耳部感染；耳炎
on the same day as ...,无
make the interview,无
postpone the interview,无
apologize for sth.,"v. 为…道歉
"
look forward to doing sth.,无
hear from sb.,"na. 得到…的消息
"
be sorry for sth.,"对...感到懊悔, 对...感到遗憾, 为...感到惋惜, 对...感到怜悯"
excuse sb. for doing sth.,无
inform sb. of sth.,"v. 通知关于
"
cordially,adv. 诚挚地，诚恳地；友善地
outstanding,"adj. 杰出的；显著的；未解决的；未偿付的
n. 未偿贷款"
available,adj. 可获得的；可购得的；可找到的；有空的
allocate,"vt. 分配；拨出；使坐落于
vi. 分配；指定"
session,n. 会议；（法庭的）开庭；（议会等的）开会；学期；讲习会
on behalf of,"na. 替；为…的利益
"
be interested in,"v. 对…感兴趣
"
look forward to,"na. 盼望
"
seriously,adv. 认真地；严重地，严肃地
committee,n. 委员会
contact,"n. 接触，联系
vt. 使接触，联系
vi. 使接触，联系"
donate,"n. 捐赠；捐献
vt. 捐赠；捐献
vi. 捐赠；捐献
"
expense,"n. 损失，代价；消费；开支
vt. 向…收取费用
vi. 被花掉"
sufficient,adj. 足够的；充分的
imperative,"n. 必要的事；命令；需要；规则；[语]祈使语气
adj. 必要的，不可避免的；紧急的；命令的，专横的；势在必行的；[语]祈使的"
transfer,"n. 转让；转移；传递；过户
vt. 使转移；调任
vi. 转让；转学；换车"
generously,adv. 慷慨地；宽大地；丰盛地
specialized medical treatment,无
on campus,"na. 在校内
"
set up,"na. 建立；创立；发起；开办
"
be able to,"v. 能够
"
platform,n. 平台；月台，站台；坛；讲台
demonstrate,"vt. 证明；展示；论证
vi. 示威"
outstanding,"adj. 杰出的；显著的；未解决的；未偿付的
n. 未偿贷款"
stage,"n. 阶段；舞台；戏剧；驿站
vt. 举行；上演；筹划
vi. 举行；适于上演；乘驿车旅行
"
extra-curricular,adj. 课外的
multiple,"adj. 多重的；多样的；许多的
n. 倍数；[电] 并联"
participation,n. 参与；分享；参股
strengthen,"vt. 加强；巩固
vi. 变强；变坚挺"
interpersonal,adj. 人际的；人与人之间的
proficiency,n. 精通，熟练
command,"n. 指挥，控制；命令；司令部
vt. 命令，指挥；控制；远望
vi. 命令，指挥；控制
"
enable,vt. 使能够，使成为可能；授予权利或方法
edge,"n. 边缘；优势；刀刃；锋利
vt. 使锐利；将…开刃；给…加上边
vi. 缓缓移动；侧着移动
"
peer,"vt. 封为贵族；与…同等
vi. 凝视，盯着看；窥视
n. 贵族；同等的人；同龄人
"
submit,"vi. 提交；服从
vt. 使服从；主张；呈递"
deadline,n. 截止期限，最后期限
serve as,"v. 用作；充当
"
develop a range of skills,无
be involved in,"na. 被包入；被卷入漩涡
"
a variety of,"det. 种种；形形色色
"
musical dramas,"音乐戏剧
音乐话剧
音乐表演"
group discussions, 分组讨论；团体讨论；小组座谈法
Oscar-winning movies,无
take part in,"na. 参加；贡献
"
in multiple regards,无
sense of responsibility, 责任感；责任心；责任意识
develop interpersonal relations,无
level of proficiency,无
a good command of English,无
enable sb. to do sth., 使某人能做某事；进行作战
get an edge over sb.,〈俚〉胜过某人;〈美〉怀恨某人
a written application,无
attraction,n. 吸引，吸引力；引力；吸引人的事物
opposite,"adj. 相反的；对面的；对立的
n. 对立面；反义词
prep. 在…的对面
adv. 在对面"
illustrate,"vi. 举例
vt. 阐明，举例说明；图解"
emotional,adj. 情绪的；易激动的；感动人的
regard,"n. 注意；尊重；问候；凝视
vi. 注意，注重；注视
vt. 注重，考虑；看待；尊敬；把…看作；与…有关
"
sublime,"n. 崇高；顶点
adj. 庄严的；令人崇敬的；极端的；超群的
vt. 使…纯化；使…升华；使…变高尚
vi. 升华；纯化；变高尚"
ethnicity,n. 种族划分
victim,n. 受害人；牺牲品；牺牲者
deadly,"adj. 致命的；非常的；死一般的
adv. 非常；如死一般地"
hesitate,"vt. 踌躇，犹豫；有疑虑，不愿意
vi. 踌躇，犹豫；不愿"
needy,"adj. 贫困的；贫穷的；生活艰苦的
"
complete,"adj. 完整的；完全的；彻底的
vt. 完成"
sorrow,"n. 悲伤；懊悔；伤心事
vt. 为…悲痛
vi. 懊悔；遗憾；感到悲伤"
as a matter of fact,"na. 事实上；事实是
"
regard sth. as sth.,"v. 当作
"
take an example to ...,无
respond to sth.,"v. 响应
"
all over the country, 遍及全国；全国各地；整个国家
hesitate to do sth.,无
not hesitate to do sth.,无
be it money or goods,无
with no thought of gain or reward,无
be ready to do sth., 准备做某事；准备好做某事；为做某事做好了准备
give a helping hand to sb.,无
be in trouble,"un. 自讨苦吃；出事
"
complete strangers,无
make the world a better place,无
as the picture shows,无
depict,vt. 描述；描画
accessory,"n. 配件；附件；[法] 从犯
adj. 副的；同谋的；附属的"
undoubtedly,adv. 确实地，毋庸置疑的
convey,vt. 传达；运输；让与
implication,n. 含义；暗示；牵连，卷入；可能的结果，影响
mysterious,adj. 神秘的；不可思议的；难解的
indicate,vt. 表明；指出；预示；象征
appreciate,"vi. 增值；涨价
vt. 欣赏；感激；领会；鉴别"
unique,"n. 独一无二的人或物
adj. 独特的，稀罕的；[数] 唯一的，独一无二的
"
worldwide,"adj. 全世界的
adv. 在世界各地"
globalization,n. 全球化
irresistible,adj. 不可抵抗的；不能压制的；极为诱人的
preserve,"n. 保护区；禁猎地；加工成的食品
vt. 保存；保护；维持；腌；禁猎"
priceless,"n. 非卖品
adj. 无价的；极贵重的；非常有趣的"
spiritual,"n. 圣歌（尤指美国南部黑人的）
adj. 精神的，心灵的"
advocate,"n. 提倡者；支持者；律师
vt. 提倡，主张，拥护"
internationalize,vt. 使国际化；置于国际管理下
controversial,adj. 有争议的；有争论的
absurd,"n. 荒诞；荒诞作品
adj. 荒谬的；可笑的"
perspective,"n. 观点；远景；透视图
adj. 透视的"
observe,"vt. 庆祝
vt. 观察；遵守；说；注意到；评论
vi. 观察；说；注意到；评论"
confront,vt. 面对；遭遇；比较
promote,"vi. 成为王后或其他大于卒的子
vt. 促进；提升；推销；发扬"
multidimensional,adj. [数] 多维的；多面的
vigorous,adj. 有力的；精力充沛的
with a sweet smile on one's face,无
be characteristic of,"na. …所独有的特征
"
a certain Chinese minority group,无
oriental charm,无
go far beyond,无
cultural implication, 文化内涵；文化蕴涵；文化意蕴
be attracted to sth., 被……所吸引；被吸引到；对……有吸引力的
to some extent,"na. 在某种程度上
"
economic and cultural exchange,无
at first sight,"na. 乍看；一见就；乍看起来
"
in the long run,"na. 归根到底；“in the long run/term”的变体
"
be confronted with,"na. 碰到(困难)
"
be sensible enough to do sth.,无
absorb its virtues and to resist its dark side,无
destiny,"n. 命运，定数，天命
"
circumstance,n. 环境，情况；事件；境遇
shelter,"n. 庇护；避难所；遮盖物
vt. 保护；使掩蔽
vi. 躲避，避难
"
expose,vt. 揭露，揭发；使曝光；显示
wither,"vi. 枯萎；凋谢；衰弱
vt. 使凋谢；使畏缩；使衰弱
"
withstand,"vt. 抵挡；禁得起；反抗
vi. 反抗"
symbolic,adj. 象征的；符号的；使用符号的
delicate,adj. 微妙的；精美的，雅致的；柔和的；易碎的；纤弱的；清淡可口的
specific,"n. 特性；细节；特效药
adj. 特殊的，特定的；明确的；详细的；[药] 具有特效的"
epitomize,vt. 摘要；概括；成为…的缩影
shield,"n. 盾；防护物；保护者
vt. 遮蔽；包庇；避开；保卫
vi. 防御；起保护作用
"
implication,n. 含义；暗示；牵连，卷入；可能的结果，影响
competitive,adj. 竞争的；比赛的；求胜心切的
in full bloom,"na. (花)盛开；充分发挥
"
shelter ... from ...,"v. 躲；躲避；托庇
"
on the contrary,"na. 反之
"
take ... seriously,"na. 重视；认真(想)；当真
"
in the face of,"na. 不避；不管；〈英〉在…前面；面临
"
derive ... from ...,"v. 来自；起源于
"
reveal,"n. 揭露；暴露；门侧，窗侧
vt. 显示；透露；揭露；泄露"
phenomenon,n. 现象；奇迹；杰出的人才
pitiful,adj. 可怜的，令人同情的
unjust,adj. 不公平的，不公正的；非正义的
arouse,"vt. 引起；唤醒；鼓励
vi. 激发；醒来；发奋"
indignation,n. 愤慨；愤怒；义愤
virtue,"n. 美德；优点；贞操；功效
"
reiterate,vt. 重申；反复地做
indebted,"adj. 负债的；感激的；受惠的
v. 使负债；使受恩惠（indebt的过去分词）"
prick,"n. 刺，扎；刺痛，刺伤；阴茎；锥
vt. 刺，戳；刺伤，刺痛；竖起
vi. 刺；竖起
adj. 竖起的"
take care of,"na. 照看；处理；清除
"
filial piety,"na. 孝道；孝顺
"
try every means to do sth.,无
look after,"na. 照看；照顾；看管；对…负责
"
bear in mind,"na. 记住；铭记不忘；注意
"
live up to,"na. 量…过日子；实行(主义等)；够得上；达到预期标准
"
vividly,adv. 生动地；强烈地
superstar,n. 超级明星，巨星；超级星体
striking,"v. 打（strike的ing形式）
adj. 显著的，突出的，惊人的；打击的；罢工的"
popularity,n. 普及，流行；名气；受大众欢迎
adolescent,"n. 青少年
adj. 青春期的；未成熟的"
appear,vi. 出现；显得；似乎；出庭；登场
caption,"n. 标题；字幕；说明；逮捕
vt. 加上说明；加上标题"
indicate,vt. 表明；指出；预示；象征
worship,"n. 崇拜；礼拜；尊敬
vt. 崇拜；尊敬；爱慕
vi. 拜神；做礼拜"
chic,"n. 时髦；别致的款式
adj. 别致的
"
imitate,vt. 模仿，仿效；仿造，仿制
undoubtedly,adv. 确实地，毋庸置疑的
subtly,adv. 精细地；巧妙地；敏锐地
phenomenon,n. 现象；奇迹；杰出的人才
prevalent,adj. 流行的；普遍的，广传的
idolize,"vt. 极端崇拜；把...当偶像崇拜
vi. 崇拜偶像"
excel,"vt. 超过；擅长
vi. (在某方面)胜过(或超过)别人"
represent,"vt. 代表；表现；描绘；回忆；再赠送
vi. 代表；提出异议"
appearance,n. 外貌，外观；出现，露面
unparalleled,adj. 无比的；无双的；空前未有的
passionately,adv. 热情地；强烈地；激昂地
adore,"vt. 崇拜；爱慕；喜爱；极喜欢
vi. 崇拜；爱慕
"
likewise,adv. 同样地；也
provoke,vt. 驱使；激怒；煽动；惹起
idolatry,n. 偶像崇拜；盲目崇拜；邪神崇拜
thought-provoking,adj. 发人深省的；引起思考的
pursue,"vi. 追赶；继续进行
vt. 继续；从事；追赶；纠缠"
unreasonably,adv. 不合理地
obsession,n. 痴迷；困扰；[内科][心理] 强迫观念
endanger,vt. 危及；使遭到危险
efficiency,n. 效率；效能；功效
accordingly,adv. 因此，于是；相应地；照著
adopt,"vi. 采取；过继
vt. 采取；接受；收养；正式通过"
enjoy a striking popularity,无
chic style, 新潮款式；时髦别致的
briefly speaking, 简而言之；简单说来；简单地讲
be inclined to do sth., 倾向于做某事；喜欢做；表示强烈的意愿
win one's fame overnight,无
a double-edged sword, 双刃剑（指有利有弊的情况或行为）; 宝剑
exert profound influence on ...,无
on the contrary,"na. 反之
"
endeavor to do sth.,无
bridge the gap between A and B,无
lead a positive life,无
symbolically,adv. 象征性地；象征意义地
illustrate,"vi. 举例
vt. 阐明，举例说明；图解"
striker,"n. 罢工者；打击者；[军] 撞针；钟锤；叉鱼的人
"
defend,"vi. 保卫；防守
vt. 辩护；防护"
insurmountable,adj. 不能克服的；不能超越的；难以对付的
predicament,n. 窘况，困境；状态
possess,vt. 控制；使掌握；持有；迷住；拥有，具备
self-confidence,n. 自信
utmost,"n. 极限；最大可能
adj. 极度的；最远的"
significance,n. 意义；重要性；意思
encounter,"n. 遭遇，偶然碰见
vi. 遭遇；偶然相遇
vt. 遭遇，邂逅；遇到"
determine,"v. （使）下决心，（使）做出决定
vt. 决定，确定；判定，判决；限定
vi. 确定；决定；判决，终止；[主用于法律]了结，终止，结束"
illustration,n. 说明；插图；例证；图解
conquer,"vt. 战胜，征服；攻克，攻取
vi. 胜利；得胜"
multiple,"adj. 多重的；多样的；许多的
n. 倍数；[电] 并联"
handicap,"n. 障碍；不利条件，不利的因素
vt. 妨碍，阻碍；使不利"
inspiration,n. 灵感；鼓舞；吸气；妙计
effectively,adv. 有效地，生效地；有力地；实际上
overestimate,"vt. 对……评价过高；对……估计过高
n. 估计过高；评价过高；出价过高
vi. 估计过高；评价过高"
underestimate,"n. 低估
vt. 低估；看轻"
in one's mind, 牢记某事；在某人的脑海里；脑海中
fill up,"na. 同“fill”
"
in the face of,"na. 不避；不管；〈英〉在…前面；面临
"
regardless of,"prep. 不管；不顾；不理会
"
there be bound to be,无
at critical times,无
play a role in sth.,"v. 起作用于
"
play a role in doing sth.,无
turn failure into victory,无
be an inspiration to sb.,激励着
be confronted with sth.,"na. 碰到(困难)
"
stretch,"vt. 伸展,张开；（大量地）使用，消耗（金钱，时间）；使竭尽所能；使全力以赴；
n. 伸展，延伸
vi. 伸展；足够买（或支付）"
entertain,"vt. 娱乐；招待；怀抱；容纳
vi. 款待"
ironic,adj. 讽刺的；反话的
isolate,"n. [生物] 隔离种群
vt. 使隔离；使孤立；使绝缘
adj. 隔离的；孤立的
vi. 隔离；孤立"
impressive,adj. 感人的；令人钦佩的；给人以深刻印象的
metaphorical,adj. 比喻性的，隐喻性的
portrayal,n. 描绘；画像，肖像
subtly,adv. 精细地；巧妙地；敏锐地
reveal,"n. 揭露；暴露；门侧，窗侧
vt. 显示；透露；揭露；泄露"
duality,n. 二元性；[物] 二象性
interpersonal,adj. 人际的；人与人之间的
register,"n. 登记；注册；记录；寄存器；登记簿
vt. 登记；注册；记录；挂号邮寄；把…挂号；正式提出
vi. 登记；注册；挂号
"
indulge,"vi. 沉溺；满足；放任
vt. 满足；纵容；使高兴；使沉迷于…"
fictitious,adj. 虚构的；假想的；编造的；假装的
reluctant,adj. 不情愿的；勉强的；顽抗的
approach,"n. 方法；途径；接近
vt. 接近；着手处理
vi. 靠近"
concentrate,"n. 浓缩，精选；浓缩液
vi. 集中；浓缩；全神贯注；聚集
vt. 集中；浓缩"
alienate,vt. 使疏远，离间；让与
restrain,vt. 抑制，控制；约束；制止
overindulgence,n. 放纵；沉溺；任性
surf on line,无
meet the needs of,"v. 适应
"
separate A from B,无
attempt to do sth., 试图；试图做某事；企图做某事
isolate A from B,无
register for, 注册；选课；登记参加
be addicted to,"na. 嗜好
"
face-to-face contact,面对面接触，当面接触
concentrate on,"na. 集中在；专心于
"
restrain sb. from doing sth.,无
after all,"na. 毕竟；终究；最后
"
set barriers,无
portray,vt. 描绘；扮演
discard,"n. 抛弃；被丢弃的东西或人
vt. 抛弃；放弃；丢弃
vi. 放弃"
leftover,"n. 残留物；吃剩的饭菜；剩余物
adj. 残余的；吃剩的"
container,n. 集装箱；容器
rind,"n. 壳；外皮
vt. 剥壳；削皮"
spoil,"n. 次品；奖品
vt. 溺爱；糟蹋；破坏；掠夺
vi. 掠夺；变坏；腐败"
boom,"n. 繁荣；吊杆；隆隆声
vt. 使兴旺；发隆隆声
vi. 急速发展；发隆隆声
"
ignore,vt. 驳回诉讼；忽视；不理睬
ecological,adj. 生态的，生态学的
excessively,adv. 过分地；极度
ban,"n. 禁令，禁忌
vt. 禁止，取缔
"
unchecked,adj. 未经核对的；未加抑制的
render,"n. 打底；交纳；粉刷
vt. 致使；提出；实施；着色；以…回报
vi. 给予补偿
"
unsustainable,adj. 无法支撑的；不可证实的；不能成立的
rectify,vt. 改正；精馏；整流
be filled with, 充满；装满；充满着
be flooded with, 充斥；充满；被……所淹没
serve as,"v. 用作；充当
"
shrug off,"na. (耸肩)表示轻蔑[不屑]；摆脱；扭身脱掉(衣服)
"
exert pressure on,无
shore up,"v. 用支柱撑住
"
enhance one's awareness,无
take sth. into consideration,"v. 顾及
"
vividly,adv. 生动地；强烈地
tough,"n. 恶棍
adj. 艰苦的，困难的；坚强的，不屈不挠的；坚韧的，牢固的；强壮的，结实的
vt. 坚持；忍受，忍耐
adv. 强硬地，顽强地
"
postgraduate,"n. 研究生，研究所学生
adj. 大学毕业后的"
preference,n. 偏爱，倾向；优先权
entrepreneurial,adj. 企业家的，创业者的；中间商的
ambition,"n. 野心，雄心；抱负，志向
vt. 追求；有…野心"
undergraduate,"n. 大学生；大学肄业生
adj. 大学生的"
financial,adj. 金融的；财政的，财务的
strain,"n. 张力；拉紧；负担；扭伤；血缘
vt. 拉紧；滥用；滤去；竭力
vi. 拉紧；尽力
n. （植物、动物的）品种；种类"
intended,"n. 已订婚者
v. 打算；准备（intend的过去分词）
adj. 故意的，有意的；打算中的"
gloomy,adj. 黑暗的；沮丧的；阴郁的
prospect,"n. 前途；预期；景色
vt. 勘探，勘察
vi. 勘探，找矿"
optimal,adj. 最佳的；最理想的
the vast majority of ..., 大多数的；绝大多数；绝大部分
start one's own business,无
a variety of ...,"det. 种种；形形色色
"
run one's own business,无
financial status,"un. 财务状况；财政状况
"
financial situation,"un. 财务状态；财政状况
"
financial strain,"un. 资金紧张
"
take sth. into account,"na. 考虑
"
career prospect,无
symbolically,adv. 象征性地；象征意义地
illustrate,"vi. 举例
vt. 阐明，举例说明；图解"
emphasize,vt. 强调，着重
innovation,n. 创新，革新；新方法
portrayal,n. 描绘；画像，肖像
intimidate,vt. 恐吓，威胁；胁迫
strengthen,"vt. 加强；巩固
vi. 变强；变坚挺"
impasse,n. 僵局；死路
brilliant,adj. 灿烂的，闪耀的；杰出的；有才气的；精彩的，绝妙的
unemployed,adj. 失业的；未被利用的
clinical,adj. 临床的；诊所的
depression,n. 沮丧；洼地；不景气；忧愁；低气压区
despair,"n. 绝望；令人绝望的人或事
vi. 绝望，丧失信心"
best-selling,"n. 畅销品
adj. 最畅销的；畅销作品的"
hardship,n. 困苦；苦难；艰难险阻
unavoidable,adj. 不可避免的；不能废除的
triumph,"n. 胜利，凯旋；欢欣
vi. 获得胜利，成功"
unbeatable,adj. 无敌的；无以伦比的
course selective system,无
an either-or choice,无
take a shortcut,"走捷径,抄小路"
strengthen one's will,无
lead sb. out of ...,na. 直通
commit suicide,"na. 自杀；自尽
"
under such circumstances,无
in summary,"adv. 扼要
"
curb,"n. 抑制；路边；勒马绳
vt. 控制；勒住"
shortage,n. 缺乏，缺少；不足
leftover,"n. 残留物；吃剩的饭菜；剩余物
adj. 残余的；吃剩的"
approach,"n. 方法；途径；接近
vt. 接近；着手处理
vi. 靠近"
recycle,"n. 再生；再循环；重复利用
vt. 使再循环；使…重新利用
vi. 重复利用"
disposable,adj. 可任意处理的；可自由使用的；用完即可丢弃的
depletion,n. 消耗；损耗；放血
degradation,n. 退化；降格，降级；堕落
be aware of,"na. 知道
"
cut down on,"un. 削减；节省；减轻
"
climate change,"n. 气候变化
"
make a positive difference,无
stand for,"na. 〈口〉忍耐；忍受；主张；拥护
"
turn off,"v. 关掉
"
grasp,"n. 抓住；理解；控制
vi. 抓
vt. 抓住；领会"
caption,"n. 标题；字幕；说明；逮捕
vt. 加上说明；加上标题"
indicate,vt. 表明；指出；预示；象征
universal,"n. 一般概念；普通性
adj. 普遍的；通用的；宇宙的；全世界的；全体的"
multitude,n. 群众；多数
deem,"vt. 认为，视作；相信
vi. 认为，持某种看法；作某种评价
"
clarify,"vt. 澄清；阐明
vi. 得到澄清；变得明晰；得到净化"
individual,"n. 个人，个体
adj. 个人的；个别的；独特的"
graduate,"n. 研究生；毕业生
adj. 毕业的；研究生的
vt. 授予…学位；分等级；标上刻度
vi. 毕业；渐变"
admission,n. 承认；入场费；进入许可；坦白；录用
convince,vt. 说服；使确信，使信服
advisable,adj. 明智的，可取的，适当的
derive,"vt. 源于；得自；获得
vi. 起源
"
depend on,"v. 依靠
"
long for,"v. 渴望
"
contribute to,"na. 捐助；给…投稿；捐(款)给；投寄(一篇论文)给(某杂志)
"
average people, 普通老百姓；一般人
lie in,"na. 存在于；(分娩后)坐月子
"
in view of,"na. 鉴于；为要；在…能看见的地方；估计[预料]到才
"
vividly,adv. 生动地；强烈地
reveal,"n. 揭露；暴露；门侧，窗侧
vt. 显示；透露；揭露；泄露"
tenacity,n. 韧性；固执；不屈不挠；黏性
quickness,n. 急速，迅速；尖锐化
coincidence,n. 巧合；一致；同时发生
random,"n. 随意
adj. [数] 随机的；任意的；胡乱的
adv. 胡乱地"
exploit,"n. 勋绩；功绩
vt. 开发，开拓；剥削；开采"
forfeit,"n. 罚金；没收物；丧失的东西
vt. （因犯罪、失职、违约等）丧失（权利、名誉、生命等）
adj. 因受罚而丧失的；被没收的"
throne,"n. 王座；君主；王权
vt. 使登王位
vi. 登上王座
"
mindset,n. 心态；倾向；习惯；精神状态
enterprise,n. 企业；事业；进取心；事业心
perseverance,"n. 坚持不懈；不屈不挠
n. 耐性；毅力"
utilize,vt. 利用
endowment,n. 捐赠；捐助；捐款；天资
play a role in,"v. 起作用于
"
in addition to,"na. 加之
"
stem from,"v. 出于；基于
"
take advantage of,"na. 乘；利用；欺骗；引诱(女人)
"
in sum,"na. 总之
"
a combination of, 一种……的结合；合成；组成
make the most of,"na. 充分使用；尽量使好[不好]看；极为重视；尽量称赞[贬损]
"
capitalize on,"v. 利用
"
ax,"n. 斧头
vt. 削减；用斧修整；解雇"
hew,"vt. 砍；劈；砍倒
vi. 砍；劈；坚持"
despair,"n. 绝望；令人绝望的人或事
vi. 绝望，丧失信心"
precious,"adj. 宝贵的；珍贵的；矫揉造作的
"
caption,"n. 标题；字幕；说明；逮捕
vt. 加上说明；加上标题"
indicate,vt. 表明；指出；预示；象征
conservatism,n. 保守主义；守旧性
regression,n. 回归；退化；逆行；复原
utmost,"n. 极限；最大可能
adj. 极度的；最远的"
innovation,n. 创新，革新；新方法
watchword,n. 口号；标语；口令；暗号
innumerable,adj. 无数的，数不清的
vaccine,"n. 疫苗；牛痘苗
adj. 疫苗的；牛痘的"
ascribe,vt. 归因于；归咎于
entrepreneur,n. 企业家；承包人；主办者
endeavor,"n. 努力；尽力（等于endeavour）
vi. 努力；尽力（等于endeavour）
vt. 努力；尽力（等于endeavour）"
dedicated,"adj. 专用的；专注的；献身的
v. 以…奉献；把…用于（dedicate的过去式和过去分词）"
ideal,"n. 理想；典范
adj. 理想的；完美的；想象的；不切实际的"
hew out,un. 劈出；开辟出:；努力开创；闯出:
attach importance to,"na. 重视；把重点放在
"
to begin with,"na. 首先；本来〔插入语〕
"
carry out,"na. 实行；开展；完成
"
live trial,无
be ascribed to, 归结于
for instance,"na. 例如
"
put emphasis on,"na. 着重在；强调
"
reward sb. with sth., 奖赏；回馈
treasure,"n. 财富，财产；财宝；珍品
vt. 珍爱；珍藏
"
civilization,n. 文明；文化
pleasantly,adv. 愉快地；和蔼地，亲切地；友好地
appreciate,"vi. 增值；涨价
vt. 欣赏；感激；领会；鉴别"
obviously,"adv. 明显地
显然地"
elegant,adj. 高雅的，优雅的；讲究的；简炼的；简洁的
charm,"n. 魅力，吸引力；魔力
vt. 使陶醉；行魔法
vi. 有魔力；用符咒"
survive,"vi. 幸存；活下来
vt. 幸存；生还；幸免于；比...活得长"
thrive,vi. 繁荣，兴旺；茁壮成长
prosper,"vi. 繁荣，昌盛；成功
vt. 使……成功；使……昌盛；使……繁荣
"
preservation,n. 保存，保留
commercialization,n. 商品化，商业化
widespread,adj. 普遍的，广泛的；分布广的
growing,"v. 生长（grow的ing形式）
adj. 发展的；成长的"
age-old,adj. 古老的；由来已久的
modernization,n. 现代化
perish,"vi. 死亡；毁灭；腐烂；枯萎
vt. 使麻木；毁坏"
tragedy,n. 悲剧；灾难；惨案
immeasurable,adj. 无限的；[数] 不可计量的；不能测量的
proportion,"n. 比例，占比；部分；面积；均衡
vt. 使成比例；使均衡；分摊"
unwavering,adj. 坚定的；不动摇的
secure,"vt. 保护；弄到；招致；缚住
adj. 安全的；无虑的；有把握的；稳当的
vi. 获得安全；船抛锚；停止工作"
in the photo above,无
in my opinion,"na. 我的意见是
"
traditional Chinese culture, 中国传统文化；传统文化的传播；传统中国文化
be destined to, 注定；注定要；注定的
contribute to,"na. 捐助；给…投稿；捐(款)给；投寄(一篇论文)给(某杂志)
"
on the part of, 就…而言，在…一边，由…表现出来的，由…所经历的，由…所作出的
a developing country,无
in the shadow of,"na. 在…的附近[身边]；与…很接近
"
as a result of,"na. (作)为…的结果
"
Tai Chi,太极拳，太极
Kung Fu,"n. 功夫（中国拳术）
v. 用功夫击打(对手)
"
Peking opera,"n. 京戏
"
inseparable,"n. 不可分离的事物；形影不离的朋友
adj. [数] 不可分割的；不能分离的"
vividly,adv. 生动地；强烈地
depict,vt. 描述；描画
click,"n. 单击；滴答声
vi. 作咔哒声
vt. 点击；使发咔哒声"
actually,adv. 实际上；事实上
surf,"vi. 作冲浪运动
vt. 在…冲浪
n. 海浪，拍岸浪
"
routine,"n. [计] 程序；日常工作；例行公事
adj. 日常的；例行的"
ironic,adj. 讽刺的；反话的
cord,"n. 绳索；束缚
vt. 用绳子捆绑
"
exaggerative,adj. 夸张的
impressive,adj. 感人的；令人钦佩的；给人以深刻印象的
portrayal,n. 描绘；画像，肖像
subtly,adv. 精细地；巧妙地；敏锐地
reveal,"n. 揭露；暴露；门侧，窗侧
vt. 显示；透露；揭露；泄露"
duality,n. 二元性；[物] 二象性
currently,adv. 当前；一般地
considerably,adv. 相当地；非常地
veteran,"n. 老兵；老手；富有经验的人；老运动员
adj. 经验丰富的；老兵的"
purchase,"n. 购买；紧握；起重装置
vt. 购买；赢得
vi. 购买东西"
wholesome,adj. 健全的；有益健康的；合乎卫生的；审慎的
resemble,vt. 类似，像
kaleidoscope,n. 万花筒；千变万化
pattern,"n. 模式；图案；样品
vt. 模仿；以图案装饰
vi. 形成图案"
illusion,n. 幻觉，错觉；错误的观念或信仰
indulge,"vi. 沉溺；满足；放任
vt. 满足；纵容；使高兴；使沉迷于…"
fictitious,adj. 虚构的；假想的；编造的；假装的
barely,adv. 仅仅，勉强；几乎不；公开地；贫乏地
consequently,adv. 因此；结果；所以
immoderately,adv. 过度地，无节制地
skip,"n. 跳跃；跳读
vt. 跳过；遗漏
vi. 跳跃；跳绳；遗漏；跳读
"
inevitably,adv. 不可避免地；必然地
restrain,vt. 抑制，控制；约束；制止
overindulgence,n. 放纵；沉溺；任性
shackle,"n. 束缚；桎梏；脚镣
vt. 束缚；加枷锁
"
develop a relationship with sb.,无
be convenient for sb. to do sth.,无
surf online,无
become a daily routine in our life,无
the relationship between ... and ...,无
discussions on,无
on the one hand,"na. 一方面
"
people from different walks of life,无
benefit from,"v. 从…得到好处
"
register for, 注册；选课；登记参加
web courses,无
exchange information with sb.,无
a net friend,无
download music,无
a veteran online shopper,无
at much lower prices,无
on the other hand,"na. 从另一方面来说；在另一方面
"
a good many,"na. 很多的
"
be addicted to,"na. 嗜好
"
indulge in,"v. 沉迷于
"
concentrate on,"na. 集中在；专心于
"
play computer games, 玩电脑游戏；打电脑游戏；玩电子游戏
lead to failure in exams,无
in a reasonable way,无
restrain from, 抑制；制止；控制
after all,"na. 毕竟；终究；最后
"
enrich our life,无
improve the efficiency of,无
shackle sb. with a chain,无
inform,"vi. 告发；告密
vt. 通知；告诉；报告"
extensively,adv. 广阔地；广大地
tendency,n. 倾向，趋势；癖好
disturbing,"v. 干扰；打断（disturb的ing形式）
adj. 令人不安的；烦扰的"
derive,"vt. 源于；得自；获得
vi. 起源
"
companionship,n. 友谊；陪伴；交谊
instruction,n. 指令，命令；指示；教导；用法说明
foremost,"adj. 最重要的；最先的
adv. 首先；居于首位地"
faithful,"adj. 忠实的，忠诚的；如实的；准确可靠的
"
contentment,n. 满足；满意
lessen,"vt. 使…变小；使…减轻；使…变少
vi. 减少；减轻；变小
"
marvel,"n. 奇迹
vt. 对…感到惊异
vi. 感到惊讶
"
mingle,"vi. 混合；交往
vt. 使混合；使相混
"
throng,"n. 人群；众多
vt. 群集；挤满
vi. 蜂拥而至；群集
adj. 拥挤的"
stroll,"n. 漫步；闲逛；巡回演出
vt. 散步；闲逛
vi. 散步；闲逛；巡回演出"
boulevard,"n. [建] 林荫大道；（美）大马路
adj. 娱乐性的
vt. 给…提供林阴大街；把…建成林阴大街"
intellectual,"n. 知识分子；凭理智做事者
adj. 智力的；聪明的；理智的"
advent,n. 到来；出现；基督降临；基督降临节
replace,vt. 取代，代替；替换，更换；归还，偿还；把…放回原处
be absorbed in,"na. 全神贯注在…；热衷于
"
concentrate on,"na. 集中在；专心于
"
first and foremost,"na. 首先
"
a wide range of,"un. 许多
"
marvel at,"v. 对…感到惊异
"
Niagara Falls,n. 尼亚加拉大瀑布; [地名] [加拿大·美国] 尼亚加拉瀑布; [地名] [加拿大、美国] 尼亚加拉瀑布城; [电影]尼亚拉加瀑布
last but not least,"na. 最后但不是最不重要的一点
"
intellectual ability, 智力；心理能力；智能
broaden one's mind,无
appearance,n. 外貌，外观；出现，露面
depict,vt. 描述；描画
slim,"adj. 苗条的；修长的；微小的；差的
vt. 使…体重减轻；使…苗条
vi. 减轻体重；变细
"
therapeutic,"n. 治疗剂；治疗学家
adj. 治疗的；治疗学的；有益于健康的"
cosmetic,"n. 化妆品；装饰品
adj. 美容的；化妆用的"
tremendous,adj. 极大的，巨大的；惊人的；极好的
enlargement,n. 放大；放大的照片；增补物
diagnose,"vt. 诊断；断定
vi. 诊断；判断"
mammary,adj. 乳腺的；[解剖] 乳房的
gland,"n. 腺
密封压盖"
mainstream,n. 主流
cultivation,n. 培养；耕作；耕种；教化；文雅
outweigh,vt. 比…重（在重量上）；比…重要；比…有价值
a great many,"na. 很多的
"
fall into the category,无
plastic surgery,"n. 整形外科
"
breast feed,"v. 自己奶养(婴孩)；给(婴儿)喂奶
"
bring about,"na. 造成；带来；【航】(使船)回转
"
lay more attention on,无
in the long run,"na. 归根到底；“in the long run/term”的变体
"
symbolically,adv. 象征性地；象征意义地
illustrate,"vi. 举例
vt. 阐明，举例说明；图解"
gown,"n. 长袍，长外衣；礼服；睡袍；法衣
vt. 使穿睡衣"
stethoscope,"n. [临床] 听诊器
vt. 用听诊器诊断"
ward,"n. 病房；保卫；监视
vt. 避开；保卫；守护
"
apparently,adv. 显然地；似乎，表面上
numerous,adj. 许多的，很多的
variously,adv. 不同地；多方面地；个别地；多彩地
jog,"vt. 慢跑；轻推；蹒跚行进；使颠簸
vi. 慢跑；轻推；蹒跚行进；颠簸着移动
n. 慢跑；轻推，轻撞
"
skate,"n. 溜冰；冰鞋
vi. 滑冰；滑过
"
energetic,adj. 精力充沛的；积极的；有力的
sufficient,adj. 足够的；充分的
indispensable,"n. 不可缺少之物；必不可少的人
adj. 不可缺少的；绝对必要的；责无旁贷的"
adversity,n. 逆境；不幸；灾难；灾祸
peculiar,"n. 特权；特有财产
adj. 特殊的；独特的；奇怪的；罕见的"
yoga,"n. 瑜珈（意为“结合”，指修行）；瑜珈术
n. 联想可360°翻转的超轻薄笔记本电脑"
vigorous,adj. 有力的；精力充沛的
optimistic,adj. 乐观的；乐观主义的
persistent,adj. 固执的，坚持的；持久稳固的
wear a white gown,无
keep fit,"na. 保持健康
"
first and foremost,"na. 首先
"
physical exercises,"n. 体操
"
put emphasis on,"na. 着重在；强调
"
be indispensible to,"对...必不可少, 对...是必需的"
what's more, 而且；另外；更重要的是
in adversity,"na. 在艰难中
"
maintain an optimistic mentality to,无
pains and sorrows,无
twists and turns,"na. 迂回曲折；〔比喻〕曲折复杂的情况
"
as far as I am concerned, 就我而言；就个人而言；据我所知
have interest in, 有兴趣；对……感兴趣；是在某方面有兴趣
keep a balanced diet,无
burn the midnight oil,"na. 干到深夜；开夜车
"
stay up,"na. 不去睡觉；不沉
"
be harmful to, 对…有害；对…有危害；对……是有害的
to sum up, 总之；概括地说；总之，总而言之
plagiarize,"vt. 剽窃；抄袭
vi. 剽窃；抄袭"
tactic,"n. 策略，战略
adj. 按顺序的，依次排列的"
propel,vt. 推进；驱使；激励；驱策
perpetrator,n. 犯罪者；作恶者；行凶者
reputation,n. 名声，名誉；声望
diploma,"n. 毕业证书，学位证书；公文，文书；奖状
vt. 发给…毕业文凭"
deceitful,adj. 欺骗的；欺诈的；谎言的；虚伪的
prevalent,adj. 流行的；普遍的，广传的
adverse,adj. 不利的；相反的；敌对的（名词adverseness，副词adversely）
facet,"n. 面；方面；小平面
vt. 在…上琢面"
in an attempt to,"un. 〔律〕未遂罪；设法；从而
"
instead of,"prep. 代替；作为…的替换
"
for instance,"na. 例如
"
be detrimental to, 对……有害的；有害于；对…有害
at large,"na. 随便；拉杂地
"
in short,"na. 简单地说；总之
"
end up,"na. 结束；完事；[俚]死；直立着
"
striking,"v. 打（strike的ing形式）
adj. 显著的，突出的，惊人的；打击的；罢工的"
subscription,n. 捐献；订阅；订金；签署
dramatic,adj. 戏剧的；急剧的；引人注目的；激动人心的
fundamental,"n. 基本原理；基本原则
adj. 基本的，根本的"
telecommunication,n. 电讯；[通信] 远程通信；无线电通讯
incredible,adj. 难以置信的，惊人的
extremely,adv. 非常，极其；极端地
advanced,"adj. 先进的；高级的；晚期的；年老的
v. 前进；增加；上涨（advance的过去式和过去分词形式）"
civilization,n. 文明；文化
enlargement,n. 放大；放大的照片；增补物
saturate,"adj. 浸透的，饱和的；深颜色的
vt. 浸透，使湿透；使饱和，使充满"
restraint,n. 抑制，克制；约束
prevalent,adj. 流行的；普遍的，广传的
imbue,vt. 灌输；使感染；使渗透
intelligence,n. 智力；情报工作；情报机关；理解力；才智，智慧；天分
prudence,n. 审慎
discretion,n. 自由裁量权；谨慎；判断力；判定；考虑周到
sidestep,"n. 台阶；横跨的一步
vt. 回避；横跨一步躲避
vi. 回避问题；侧向跨步"
drawback,n. 缺点，不利条件；退税
merit,"n. 优点，价值；功绩；功过
vt. 值得
vi. 应受报答"
a striking contrast,无
a dramatic increase,无
meet the demand of,满足…的要求
narrow the distance between,无
a double-edged sword, 双刃剑（指有利有弊的情况或行为）; 宝剑
take advantage of,"na. 乘；利用；欺骗；引诱(女人)
"
reflect,"vt. 反映；反射，照出；表达；显示;反省
vi. 反射，映现；深思"
satisfaction,n. 满意，满足；赔偿；乐事；赎罪
conclude,"vi. 推断；断定；决定
vt. 推断；决定，作结论；结束"
determinant,"n. 决定因素；[数] 行列式
adj. 决定性的"
undertake,vt. 承担，保证；从事；同意；试图
responsibility,n. 责任，职责；义务
pursue,"vi. 追赶；继续进行
vt. 继续；从事；追赶；纠缠"
status,n. 地位；状态；情形；重要身份
symbol,n. 象征；符号；标志
shift,"n. 移动；变化；手段；轮班
vt. 转移；改变；替换
vi. 移动；转变；转换"
ultimate,"n. 终极；根本；基本原则
adj. 最终的；极限的；根本的"
relatively,adv. 相当地；相对地，比较地
convinced,"v. 使确信（convince的过去分词）；说服
adj. 确信的；深信的"
adjust,"vt. 调整，使…适合；校准
vi. 调整，校准；适应"
expectation,n. 期待；预期；指望
welfare,"n. 福利；幸福；福利事业；安宁
adj. 福利的；接受社会救济的"
in contrast,"adv. 相反
"
lie in,"na. 存在于；(分娩后)坐月子
"
be under pressure, 有压力；在压力之下；受到压力
be inclined to,"v. 倾向于；想要
"
be satisfied with,"v. 满足于
"
in view of,"na. 鉴于；为要；在…能看见的地方；估计[预料]到才
"
be content with,"na. 以…为满足
"
pay more attention to, 更加注意；注重；更注重
illustrate,"vi. 举例
vt. 阐明，举例说明；图解"
purpose,"n. 目的；用途；意志
vt. 决心；企图；打算"
appreciate,"vi. 增值；涨价
vt. 欣赏；感激；领会；鉴别"
relieve,vt. 解除，减轻；使不单调乏味；换…的班；解围；使放心
cultivate,vt. 培养；陶冶；耕作
phenomenon,n. 现象；奇迹；杰出的人才
marvel,"n. 奇迹
vt. 对…感到惊异
vi. 感到惊讶
"
incredible,adj. 难以置信的，惊人的
throng,"n. 人群；众多
vt. 群集；挤满
vi. 蜂拥而至；群集
adj. 拥挤的"
stroll,"n. 漫步；闲逛；巡回演出
vt. 散步；闲逛
vi. 散步；闲逛；巡回演出"
boulevard,"n. [建] 林荫大道；（美）大马路
adj. 娱乐性的
vt. 给…提供林阴大街；把…建成林阴大街"
bitterness,n. 苦味；苦难；怨恨
juggle,"vi. 玩杂耍；欺骗；歪曲
vt. 歪曲；欺骗
n. 玩戏法；欺骗"
calendar,"n. 日历；[天] 历法；日程表
vt. 将…列入表中；将…排入日程表"
predict,"vi. 作出预言；作预料，作预报
vt. 预报，预言；预知"
forthcoming,"n. 来临
adj. 即将来临的"
account for,"na. 证明；由于；说明(银钱等的)用途；打死
"
aim at,"v. 目的在于
"
contribute to,"na. 捐助；给…投稿；捐(款)给；投寄(一篇论文)给(某杂志)
"
mingle with,"na. 和…混合
"
be susceptible to,"na. 对…敏感
"
take sth. into consideration,"v. 顾及
"
chart,"n. 图表；海图；图纸；排行榜
vt. 绘制…的图表；在海图上标出；详细计划；记录；记述；跟踪（进展或发展
"
reveal,"n. 揭露；暴露；门侧，窗侧
vt. 显示；透露；揭露；泄露"
factor,"n. 因素；要素；[物] 因数；代理人
vt. 把…作为因素计入；代理经营；把…分解成
vi. 做代理商
"
concern,"n. 关系；关心；关心的事；忧虑
vt. 涉及，关系到；使担心"
category,n. 种类，分类；[数] 范畴
percentage,n. 百分比；百分率，百分数
respectively,adv. 分别地；各自地，独自地
primary,"n. 原色；最主要者
adj. 主要的；初级的；基本的"
contribute,"vt. 贡献，出力；投稿；捐献
vi. 贡献，出力；投稿；捐献
[ 过去式 contributed 过去分词 contributed 现在分词 contributing ]"
phenomenon,n. 现象；奇迹；杰出的人才
summarize,"vt. 总结；概述
vi. 作总结；作概括"
prosperity,n. 繁荣，成功
interpersonal,adj. 人际的；人与人之间的
mounting,"n. 装备，装配；上马；衬托纸
v. 增加（mount的ing形式）；爬上
adj. 逐渐增加的"
predict,"vi. 作出预言；作预料，作预报
vt. 预报，预言；预知"
utmost,"n. 极限；最大可能
adj. 极度的；最远的"
significance,n. 意义；重要性；意思
account for,"na. 证明；由于；说明(银钱等的)用途；打死
"
on the contrary,"na. 反之
"
take up,"na. 拿起；举起；拾起；给搭(火车等)
"
contribute to,"na. 捐助；给…投稿；捐(款)给；投寄(一篇论文)给(某杂志)
"
as follows,"na. 如下；以下
"
pay attention to,"na. 注意
"
in a bid to, 为了；试图；力求
prefer ... to ...,"un. 较喜欢；宁愿:
"
attach significance to,无
rather than,"na. 而不
"
accordance,n. 一致；和谐
statistic,"n. 统计数值
adj. 统计的，统计学的"
bar,"n. 条，棒；酒吧；障碍；法庭
prep. 除……外
vt. 禁止；阻拦
"
chart,"n. 图表；海图；图纸；排行榜
vt. 绘制…的图表；在海图上标出；详细计划；记录；记述；跟踪（进展或发展
"
percentage,n. 百分比；百分率，百分数
whereabouts,"n. 下落；行踪；去向；所在之处
adv. 在何处；靠近什么地方"
undergo,"vt. 经历，经受；忍受
"
enormous,adj. 庞大的，巨大的；凶暴的，极恶的
seek,"vt. 寻求；寻找；探索；搜索
vi. 寻找；探索；搜索"
sharply,adv. 急剧地；锐利地
whereas,conj. 然而；鉴于；反之
markedly,adv. 明显地；显著地；引人注目地
respectively,adv. 分别地；各自地，独自地
perspective,"n. 观点；远景；透视图
adj. 透视的"
tendency,n. 倾向，趋势；癖好
trace,"n. 痕迹，踪迹；微量；[仪] 迹线；缰绳
vt. 追踪，查探；描绘；回溯
vi. 追溯；沿路走"
contributor,n. 贡献者；投稿者；捐助者
foremost,"adj. 最重要的；最先的
adv. 首先；居于首位地"
keen,"adj. 敏锐的，敏捷的；渴望的；强烈的；热心的；锐利的
n. 痛哭，挽歌
"
grim,"adj. 冷酷的；糟糕的；残忍的
"
essential,"n. 本质；要素；要点；必需品
adj. 基本的；必要的；本质的；精华的"
rewarding,adj. 有益的，值得的；有报酬的，报答的
manageable,adj. 易管理的；易控制的；易办的
schedule,"n. 时间表；计划表；一览表
vt. 安排，计划；编制目录；将……列入计划表"
exploratory,adj. 勘探的；探究的；考察的
entrepreneurial,adj. 企业家的，创业者的；中间商的
benefit,"n. 利益，好处；救济金
vt. 有益于，对…有益
vi. 受益，得益"
handsome,adj. （男子）英俊的；可观的；大方的，慷慨的；健美而端庄的
paycheck,n. 付薪水的支票，薪水
conclusion,n. 结论；结局；推论
financial,adj. 金融的；财政的，财务的
status,n. 地位；状态；情形；重要身份
personal,"n. 人事消息栏；人称代名词
adj. 个人的；身体的；亲自的"
preference,n. 偏爱，倾向；优先权
consideration,n. 考虑；原因；关心；报酬
optimal,adj. 最佳的；最理想的
in accordance with,"na. 照；与…一致
"
run one's own business,无
from one's perspective,无
be traced back to,无
first and foremost,"na. 首先
"
in addition,"na. 加之
"
further education,"n. 继续教育
"
last but not least,"na. 最后但不是最不重要的一点
"
not to mention,"na. …不用说
"
generally speaking,"na. 一般地说；一般地说来
"
reach one's own conclusion,无
take sth. into consideration,"v. 顾及
"
diagram,"n. 图表；图解
vt. 用图解法表示"
illustrate,"vi. 举例
vt. 阐明，举例说明；图解"
dramatic,adj. 戏剧的；急剧的；引人注目的；激动人心的
recruitment,n. 补充；征募新兵
contribute,"vt. 贡献，出力；投稿；捐献
vi. 贡献，出力；投稿；捐献
[ 过去式 contributed 过去分词 contributed 现在分词 contributing ]"
qualified,"v. 限制（qualify的过去分词）；描述；授权予
adj. 合格的；有资格的"
expansion,n. 膨胀；阐述；扩张物
oblige,"vt. 迫使；强制；赐，施恩惠；责成；义务
vi. 帮忙；施恩惠"
predict,"vi. 作出预言；作预料，作预报
vt. 预报，预言；预知"
forthcoming,"n. 来临
adj. 即将来临的"
tendency,n. 倾向，趋势；癖好
ensure,vt. 保证，确保；使安全
theoretical,adj. 理论的；理论上的；假设的；推理的
according to,"prep. 根据；按照；据（…所说）；按（…所报道）
"
be on a steady rise,无
no more than,"na. 不过是；仅仅
"
contribute to,"na. 捐助；给…投稿；捐(款)给；投寄(一篇论文)给(某杂志)
"
as follows,"na. 如下；以下
"
first and foremost,"na. 首先
"
on the whole,"na. 整体上说
"
keep pace with,"na. 赶上；保持同步；随着…而增长
"
last but not least,"na. 最后但不是最不重要的一点
"
take sth. into account,"na. 考虑
"
on the other side of the coin,无
bring about,"na. 造成；带来；【航】(使船)回转
"
theoretical knowledge,"un. 理论知识
"
practical skills, 实用技能；实用技巧；实践技能
chart,"n. 图表；海图；图纸；排行榜
vt. 绘制…的图表；在海图上标出；详细计划；记录；记述；跟踪（进展或发展
"
reveal,"n. 揭露；暴露；门侧，窗侧
vt. 显示；透露；揭露；泄露"
respectively,adv. 分别地；各自地，独自地
tendency,n. 倾向，趋势；癖好
disturbing,"v. 干扰；打断（disturb的ing形式）
adj. 令人不安的；烦扰的"
extensively,adv. 广阔地；广大地
companionship,n. 友谊；陪伴；交谊
faithful,"adj. 忠实的，忠诚的；如实的；准确可靠的
"
contentment,n. 满足；满意
lessen,"vt. 使…变小；使…减轻；使…变少
vi. 减少；减轻；变小
"
intellectual,"n. 知识分子；凭理智做事者
adj. 智力的；聪明的；理智的"
broaden,"vt. 使扩大；使变宽
vi. 扩大，变阔；变宽，加宽"
advent,n. 到来；出现；基督降临；基督降临节
based upon, 基于；第二段第三行
account for,"na. 证明；由于；说明(银钱等的)用途；打死
"
on the contrary,"na. 反之
"
take up,"na. 拿起；举起；拾起；给搭(火车等)
"
no less ... than,"prep. 多达
"
first and foremost,"na. 首先
"
a wide range of,"un. 许多
"
last but not least,"na. 最后但不是最不重要的一点
"
broaden one's minds,无
with the advent of, 随着…的出现；随着某物的出现；随着…的到来
chart,"n. 图表；海图；图纸；排行榜
vt. 绘制…的图表；在海图上标出；详细计划；记录；记述；跟踪（进展或发展
"
illustrate,"vi. 举例
vt. 阐明，举例说明；图解"
gymnasium,n. 体育馆；健身房
reveal,"n. 揭露；暴露；门侧，窗侧
vt. 显示；透露；揭露；泄露"
graph,"n. 图表；曲线图
vt. 用曲线图表示
"
gym,n. 健身房；体育；体育馆
gymnasium,n. 体育馆；健身房
considerably,adv. 相当地；非常地
factor,"n. 因素；要素；[物] 因数；代理人
vt. 把…作为因素计入；代理经营；把…分解成
vi. 做代理商
"
tendency,n. 倾向，趋势；癖好
pace,"n. 一步；步速；步伐；速度
vi. 踱步；缓慢而行
vt. 踱步于；用步测
"
urban,"adj. 城市的；住在都市的
"
mounting,"n. 装备，装配；上马；衬托纸
v. 增加（mount的ing形式）；爬上
adj. 逐渐增加的"
universal,"n. 一般概念；普通性
adj. 普遍的；通用的；宇宙的；全世界的；全体的"
accordingly,adv. 因此，于是；相应地；照著
variously,adv. 不同地；多方面地；个别地；多彩地
jogging,"n. 慢跑
v. 慢跑（jog的ing形式）；轻推；唤起"
energetic,adj. 精力充沛的；积极的；有力的
peculiar,"n. 特权；特有财产
adj. 特殊的；独特的；奇怪的；罕见的"
yoga,"n. 瑜珈（意为“结合”，指修行）；瑜珈术
n. 联想可360°翻转的超轻薄笔记本电脑"
vigorous,adj. 有力的；精力充沛的
optimistic,adj. 乐观的；乐观主义的
confident,adj. 自信的；确信的
persistent,adj. 固执的，坚持的；持久稳固的
guarantee,"n. 保证；担保；保证人；保证书；抵押品
vt. 保证；担保"
on a steady rise,无
contribute to,"na. 捐助；给…投稿；捐(款)给；投寄(一篇论文)给(某杂志)
"
concerned departments,无
have a peculiar interest in ...,无
stay up late,"un. 整晚不睡；守着；迟睡
"
keep a balanced diet,无
burning midnight oil,无
be harmful to ..., 对…有害；对…有危害；对……是有害的
currently,adv. 当前；一般地
widespread,adj. 普遍的，广泛的；分布广的
concern,"n. 关系；关心；关心的事；忧虑
vt. 涉及，关系到；使担心"
regarding,prep. 关于，至于
previously,adv. 以前；预先；仓促地
neglected,"adj. 被忽视的；未被好好照管的
v. 忽视；疏忽（neglect的过去分词）"
connection,n. 连接；关系；人脉；连接件
portray,vt. 描绘；扮演
accompany,"vt. 陪伴，伴随；伴奏
vi. 伴奏，伴唱"
extinction,n. 灭绝；消失；消灭；废止
wildlife,"n. 野生动植物
adj. 野生动植物的"
correlation,n. [数] 相关，关联；相互关系
exert,vt. 运用，发挥；施以影响
tremendously,adv. 非常地；可怕地；惊人地
negative,"adj. [数] 负的；消极的；否定的；阴性的
n. 否定；负数；[摄] 底片
vt. 否定；拒绝"
aforementioned,adj. 上述的；前面提及的
booming,"adj. 兴旺的，繁荣的；大受欢迎的
v. 兴旺（boom的ing形式）；发出隆隆声"
inhabit,"vt. 栖息；居住于；占据
vi. （古）居住；栖息"
grassland,n. 草原；牧草地
industrialization,n. 工业化
urbanization,n. 都市化；文雅化
generate,vt. 使形成；发生；生殖；产生物理反应
severe,adj. 严峻的；严厉的；剧烈的；苛刻的
essentially,adv. 本质上；本来
ecosystem,n. 生态系统
forecast,"n. 预测，预报；预想
vt. 预报，预测；预示
vi. 进行预报，作预测"
unpromising,adj. 无前途的，没有希望的
eliminate,vt. 消除；排除
regulation,"n. 管理；规则；校准
adj. 规定的；平常的"
enforce,vt. 实施，执行；强迫，强制
unspoiled,adj. 未损坏的；未宠坏的
drastic,"n. 烈性泻药
adj. 激烈的；猛烈的"
measure,"n. 测量；措施；程度；尺寸
vt. 测量；估量；权衡
vi. 测量；估量"
apply,"vi. 申请；涂，敷；适用；请求
vt. 申请；涂，敷；应用"
ensure,vt. 保证，确保；使安全
remove,"n. 移动；距离；搬家
vt. 移动，迁移；开除；调动
vi. 移动，迁移；搬家"
accompanied by ...,"un. 双管齐下；伴有；伴随；随着
"
exert a tremendously ... influence on ...,无
natural resources,"na. 自然资源；天然资源
"
be responsible for ...,"v. 负责；担负
"
to satisfy the ... demands of ...,无
in addition,"na. 加之
"
be applied to ...,"适用于,应用于,施加于,用来表示,与…接触"
apparent,adj. 显然的；表面上的
graph,"n. 图表；曲线图
vt. 用曲线图表示
"
whereas,conj. 然而；鉴于；反之
mysterious,adj. 神秘的；不可思议的；难解的
indicate,vt. 表明；指出；预示；象征
appreciate,"vi. 增值；涨价
vt. 欣赏；感激；领会；鉴别"
globalization,n. 全球化
irresistible,adj. 不可抵抗的；不能压制的；极为诱人的
mutual,adj. 共同的；相互的，彼此的
preserve,"n. 保护区；禁猎地；加工成的食品
vt. 保存；保护；维持；腌；禁猎"
cherish,"vt. 珍爱
vt. 怀有（感情等）；抱有（希望等）"
spiritual,"n. 圣歌（尤指美国南部黑人的）
adj. 精神的，心灵的"
advocate,"n. 提倡者；支持者；律师
vt. 提倡，主张，拥护"
controversial,adj. 有争议的；有争论的
absurd,"n. 荒诞；荒诞作品
adj. 荒谬的；可笑的"
nevertheless,"adv. 然而，不过；虽然如此
conj. 然而，不过"
confront,vt. 面对；遭遇；比较
sensible,"n. 可感觉到的东西; 敏感的人;
adj. 明智的; 通情达理的; 合乎情理的; 意识到的，能感觉到的;"
resist,"n. [助剂] 抗蚀剂；防染剂
vt. 抵抗；忍耐，忍住
vi. 抵抗，抗拒；忍耐"
multidimensional,adj. [数] 多维的；多面的
vigorous,adj. 有力的；精力充沛的
line graph,"un. 线图
"
on a steady rise,无
to some extent,"na. 在某种程度上
"
the trend of,无
at first sight,"na. 乍看；一见就；乍看起来
"
in the long run,"na. 归根到底；“in the long run/term”的变体
"
be confronted with,"na. 碰到(困难)
"
to absorb its virtues and to resist its dark side,无
commerce,n. 贸易；商业；商务
dramatically,"adv. 戏剧地；引人注目地
adv. 显著地，剧烈地"
phenomenon,n. 现象；奇迹；杰出的人才
boom,"n. 繁荣；吊杆；隆隆声
vt. 使兴旺；发隆隆声
vi. 急速发展；发隆隆声
"
foremost,"adj. 最重要的；最先的
adv. 首先；居于首位地"
mature,"adj. 成熟的；充分考虑的；到期的；成年人的
vi. 成熟；到期
vt. 使…成熟；使…长成；慎重作出"
convince,vt. 说服；使确信，使信服
formality,n. 礼节；拘谨；仪式；正式手续
teleworker,n. 远程工作人员（通过电脑终端、电传等与办公室联系的在家工作者）
inevitable,adj. 必然的，不可避免的
irretrievable,adj. 不能弥补的；不能复原的；无法挽救的
contribute to,"na. 捐助；给…投稿；捐(款)给；投寄(一篇论文)给(某杂志)
"
have access to,"na. 得接近；得会见；得进入
"
give birth to, 生（孩子），生育; 引起，产生; 娩出; 娩
get prepared to,无
apparent,adj. 显然的；表面上的
splendid,adj. 辉煌的；灿烂的；极好的；杰出的
expand,"vt. 扩张；使膨胀；详述
vi. 发展；张开，展开"
vision,"n. 视力；美景；眼力；幻象；想象力；幻视（漫威漫画旗下超级英雄）
vt. 想象；显现；梦见"
mutual,adj. 共同的；相互的，彼此的
boost,"n. 推动；帮助；宣扬
vi. 宣扬；偷窃
vt. 促进；增加；支援
"
crucial,adj. 重要的；决定性的；定局的；决断的
upgrade,"n. 升级；上升；上坡
vt. 使升级；提升；改良品种
adj. 向上的
adv. 往上"
prejudice,"n. 偏见；侵害
vt. 损害；使有偏见"
bias,"n. 偏见；偏爱；斜纹；乖离率
adj. 偏斜的
vt. 使存偏见
adv. 偏斜地
"
at a growth rate of,无
account for,"na. 证明；由于；说明(银钱等的)用途；打死
"
first and foremost,"na. 首先
"
reform and opening-up, 改革开放；改革和开放
scope of knowledge,无
at the same time,"na. 同时；另一方面；与此同时
"
make good use of, 充分利用；好好利用；合理利用
awareness,"n. 意识，认识；明白，知道
n. 人群对品牌或产品的认知"
dependability,n. 可靠性；可信任
responsibility,n. 责任，职责；义务
punctuality,n. 严守时间；正确；规矩
cultivate,vt. 培养；陶冶；耕作
foster,"vt. 培养；养育，抚育；抱（希望等）
adj. 收养的，养育的
"
accomplishment,n. 成就；完成；技艺，技能
assume,"vt. 僭取；篡夺；夺取；擅用；侵占
vi. 假定；设想；承担；采取"
participate in,"v. 参加；分享
"
interact with sb.,"v. 与…相互作用
"
in addition,"na. 加之
"
last but not least,"na. 最后但不是最不重要的一点
"
case in point, 例证；很好的例子；例证，证明
generally speaking,"na. 一般地说；一般地说来
"
fit in with sb.,"v. 符合
"
reveal,"n. 揭露；暴露；门侧，窗侧
vt. 显示；透露；揭露；泄露"
ownership,n. 所有权；物主身份
possess,vt. 控制；使掌握；持有；迷住；拥有，具备
mobility,n. 移动性；机动性；[电子] 迁移率
confine,"n. 界限，边界;约束；限制
vt. 限制；禁闭"
immediate,adj. 立即的；直接的；最接近的
maintain,vt. 维持；继续；维修；主张；供养
volume,"n. 量；体积；卷；音量；大量；册
adj. 大量的
vt. 把…收集成卷
vi. 成团卷起"
poisonous,adj. 有毒的；恶毒的；讨厌的
congestion,n. 拥挤；拥塞；淤血
frustration,n. 挫折
eliminate,vt. 消除；排除
a rise of,无
in the meantime,"na. 在这期间
"
rely on,"v. 依靠；信赖
"
to the full,"na. 充分地
"
give off,"na. 发散(水蒸气等)
"
contribute to,"na. 捐助；给…投稿；捐(款)给；投寄(一篇论文)给(某杂志)
"
cancel out,"v. 相约；相消；抵消
"
traffic jam,"n. 堵车；交通阻塞
"
witness,"n. 证人；目击者；证据
vt. 目击；证明；为…作证
vi. 作证人
"
ownership,n. 所有权；物主身份
percentage,n. 百分比；百分率，百分数
considerably,adv. 相当地；非常地
approximately,adv. 大约，近似地；近于
corresponding,"adj. 相当的，相应的；一致的；通信的
v. 类似（correspond的ing形式）；相配"
dramatically,"adv. 戏剧地；引人注目地
adv. 显著地，剧烈地"
installment,n. 安装；分期付款；部分；就职
subsidy,n. 补贴；津贴；补助金
forthcoming,"n. 来临
adj. 即将来临的"
attainable,adj. 可得到的；可达到的；可到达的
authority,n. 权威；权力；当局
account for,"na. 证明；由于；说明(银钱等的)用途；打死
"
result in,"na. 终于(失败)
"
economic condition, 经济景况；经济条件；经济状况
put in force,"na. 施行；实施
"
a series of,"na. 一系列；许多
"
real estate investment, 房地产投资；不动产投资；房地产投资与金融
be able to,"v. 能够
"
column,n. 纵队，列；专栏；圆柱，柱形物
entertain,"vt. 娱乐；招待；怀抱；容纳
vi. 款待"
deserve,"vi. 应受，应得
vt. 应受，应得"
opponent,"n. 对手；反对者；敌手
adj. 对立的；敌对的"
bomb,"n. 炸弹
vt. 轰炸，投弹于
vi. 轰炸，投弹；失败"
violent,adj. 暴力的；猛烈的
induce,vt. 诱导；引起；引诱；感应
indulge,"vi. 沉溺；满足；放任
vt. 满足；纵容；使高兴；使沉迷于…"
irritable,adj. 过敏的；急躁的；易怒的
malnutrition,n. 营养失调，营养不良
a rise of,无
first and foremost,"na. 首先
"
the majority of,"adj. 大多数
"
turn of mind, 性情；思维的变式；性格
what is more,"na. 加之
"
indulge in,"v. 沉迷于
"
do harm to,"v. 损害
"
be lack of,无
be inclined to,"v. 倾向于；想要
"
significant,"n. 象征；有意义的事物
adj. 重大的；有效的；有意义的；值得注意的；意味深长的"
frequent,"adj. 频繁的；时常发生的；惯常的
vt. 常到，常去；时常出入于"
habitually,adv. 习惯地；日常地
sharply,adv. 急剧地；锐利地
summarize,"vt. 总结；概述
vi. 作总结；作概括"
quality,"n. 质量，[统计] 品质；特性；才能
adj. 优质的；高品质的；<英俚>棒极了"
pupil,n. 学生；[解剖] 瞳孔；未成年人
reference,"n. 参考，参照；涉及，提及；参考书目；介绍信；证明书
vt. 引用
vi. 引用"
available,adj. 可获得的；可购得的；可找到的；有空的
consequence,n. 结果；重要性；推论
thirst,"n. 渴望；口渴；热望
vi. 渴望；口渴"
quench,"vt. 熄灭，[机] 淬火；解渴；结束；冷浸
vi. 熄灭；平息"
treaty,n. 条约，协议；谈判
periodical,"n. 期刊；杂志
adj. [数] 周期的；定期的"
crucial,adj. 重要的；决定性的；定局的；决断的
as well as,"na. 和…一样；…不用说
"
a jump of,无
as follows,"na. 如下；以下
"
as a consequence,"adv. 因此
"
at the same time,"na. 同时；另一方面；与此同时
"
increasingly,adv. 越来越多地；渐增地
prior,"adj. 优先的；在先的，在前的
adv. 在前，居先
"
entrepreneur,n. 企业家；承包人；主办者
category,n. 种类，分类；[数] 范畴
cautious,adj. 谨慎的；十分小心的
entrepreneurial,adj. 企业家的，创业者的；中间商的
insight,"n. 洞察力；洞悉
"
mere,"adj. 仅仅的；只不过的
n. 小湖；池塘
"
handy,"adj. 便利的；手边的，就近的；容易取得的；敏捷的
"
despite,"prep. 尽管，不管
n. 轻视；憎恨；侮辱"
crucial,adj. 重要的；决定性的；定局的；决断的
academic,"n. 大学生，大学教师；学者
adj. 学术的；理论的；学院的"
priority,n. 优先；优先权；[数] 优先次序；优先考虑的事
allocate,"vt. 分配；拨出；使坐落于
vi. 分配；指定"
schedule,"n. 时间表；计划表；一览表
vt. 安排，计划；编制目录；将……列入计划表"
exploratory,adj. 勘探的；探究的；考察的
spirit,"n. 精神；心灵；情绪；志气；烈酒
vt. 鼓励；鼓舞；诱拐"
paycheck,n. 付薪水的支票，薪水
pie chart,"n. 饼形图；饼分图
"
account for,"na. 证明；由于；说明(银钱等的)用途；打死
"
as long as,"conj. 只要
"
above all,"na. 最主要的；最重要的是
"
as a result of,"na. (作)为…的结果
"
in addition,"na. 加之
"
regardless of,"prep. 不管；不顾；不理会
"
come in handy,"na. 迟早有用
"
not to mention,"na. …不用说
"
column,n. 纵队，列；专栏；圆柱，柱形物
clearly,adv. 清晰地；明显地；无疑地；明净地
illustrate,"vi. 举例
vt. 阐明，举例说明；图解"
weekly,"n. 周刊
adj. 每周的；周刊的；一周一次的
adv. 每周一次；逐周"
earnings,n. 收入
bureau,"n. 局，处；衣柜；办公桌
"
steady,"n. 关系固定的情侣；固定支架
adj. 稳定的；不变的；沉着的
vt. 使稳定；稳固；使坚定
adv. 稳定地；稳固地
vi. 稳固"
average,"n. 平均；平均数；海损
adj. 平均的；普通的；通常的
vt. 算出…的平均数；将…平均分配；使…平衡
vi. 平均为；呈中间色"
diploma,"n. 毕业证书，学位证书；公文，文书；奖状
vt. 发给…毕业文凭"
doctoral,"n. 博士论文
adj. 博士的；博士学位的；有博士学位的"
pre-requisite,"n. 首要事，必要事
adj. 首要的，必须的"
promising,"v. 许诺，答应（promise的现在分词形式）
adj. 有希望的，有前途的"
imply,vt. 意味；暗示；隐含
progression,n. 前进；连续
whereby,adv. 凭借；通过…；借以；与…一致
progress,"n. 进步，发展；前进
vi. 前进，进步；进行
"
responsible,adj. 负责的，可靠的；有责任的
commensurate,adj. 相称的；同量的；同样大小的
highly,adv. 高度地；非常；非常赞许地
hardly,adv. 几乎不，简直不；刚刚
bachelor,"n. 学士；单身汉；（尚未交配的）小雄兽
"
analysis,n. 分析；分解；验定
predict,"vi. 作出预言；作预料，作预报
vt. 预报，预言；预知"
competitive,adj. 竞争的；比赛的；求胜心切的
workplace,n. 工作场所；车间
mounting,"n. 装备，装配；上马；衬托纸
v. 增加（mount的ing形式）；爬上
adj. 逐渐增加的"
range from ... to ..., 范围从到；从……到……的范围；在……中变化
as follows,"na. 如下；以下
"
in the first place,"na. 首先；第一
"
in the second place,"na. 第二(点)；其次
"
it can be said that ...,"据说,因此可以说"
at least,"na. 至少
"
continue on, 继续；接着而来；续继往…走
bar,"n. 条，棒；酒吧；障碍；法庭
prep. 除……外
vt. 禁止；阻拦
"
illustrate,"vi. 举例
vt. 阐明，举例说明；图解"
perspective,"n. 观点；远景；透视图
adj. 透视的"
rank,"n. 排；等级；军衔；队列
adj. 讨厌的；恶臭的；繁茂的
vt. 排列；把…分等
vi. 列为；列队
"
respectively,adv. 分别地；各自地，独自地
grim,"adj. 冷酷的；糟糕的；残忍的
"
keen,"adj. 敏锐的，敏捷的；渴望的；强烈的；热心的；锐利的
n. 痛哭，挽歌
"
otherwise,"adv. 否则；另外；在其他方面
adj. 另外的；其他方面的；原本，本来
conj. 其他；如果不；然后"
foothold,n. 据点；立足处
adequate,adj. 充足的；适当的；胜任的
meanwhile,"adv. 同时，其间
n. 其间，其时"
corporation,n. 公司；法人（团体）；社团；大腹便便；市政当局
expectation,n. 期待；预期；指望
realistic,adj. 现实的；现实主义的；逼真的；实在论的
career,"n. 生涯；职业；事业；速度，全速
adj. 作为毕生职业的
vi. 全速前进，猛冲"
enrollment,n. 登记；入伍
crucial,adj. 重要的；决定性的；定局的；决断的
from the perspective of ...,无
account for,"na. 证明；由于；说明(银钱等的)用途；打死
"
to begin with,"na. 首先；本来〔插入语〕
"
find no foothold for,无
the majority of,"adj. 大多数
"
a large number of ...,"adj. 极多；许多
"
aim at ...,"v. 目的在于
"
graduate,"n. 研究生；毕业生
adj. 毕业的；研究生的
vt. 授予…学位；分等级；标上刻度
vi. 毕业；渐变"
practical,adj. 实际的；实用性的
adopt,"vi. 采取；过继
vt. 采取；接受；收养；正式通过"
native,"adj. 本国的；土著的；天然的；与生俱来的；天赋的
n. 本地人；土产；当地居民"
remote,"n. 远程
adj. 遥远的；偏僻的；疏远的"
qualified,"v. 限制（qualify的过去分词）；描述；授权予
adj. 合格的；有资格的"
proposal,n. 提议，建议；求婚
to begin with,"na. 首先；本来〔插入语〕
"
apply for,"v. 寻求；申请
"
in addition,"na. 加之
"
a good many,"na. 很多的
"
primary school,"n. 小学
"
in need of,"adj. 需要
"
food for thought,"n. 令人深思的事物；发人深省的事物
"
portrayal,n. 描绘；画像，肖像
murmur,"n. 低语；低语声；低声抱怨；潺潺声
vi. 低声说；私下抱怨；发出轻柔持续的声音
vt. 低声说"
appealing,"v. 恳求（appeal的ing形式）；将…上诉
adj. 吸引人的；动人的；引起兴趣的；恳求似的"
intention,n. 意图；目的；意向；愈合
endow,vt. 赋予；捐赠；天生具有
instill,vt. 徐徐滴入；逐渐灌输
enthusiastic,adj. 热情的；热心的；狂热的
sparkle,"n. 闪耀；火花；活力
vt. 使闪耀；使发光
vi. 闪耀；发泡；活跃"
lilt,"n. 轻快的动作；轻快活泼的调子
vt. 轻快地动；唱轻快的调子；用欢快节奏唱
vi. 轻快地动；唱轻快的调子；用欢快节奏唱"
wrinkle,"n. 皱纹
vi. 起皱
vt. 使起皱纹"
celebrity,n. 名人；名声
attach attention to,无
be born with, 天生具有；生而具有；生就
no matter how,"na. 不管怎样
"
regardless of,"prep. 不管；不顾；不理会
"
in short,"na. 简单地说；总之
"
interpreter,n. 解释者；口译者；注释器
detail,"n. 细节，详情
vt. 详述；选派
vi. 画详图"
prestigious,adj. 有名望的；享有声望的
proficient,"n. 精通；专家，能手
adj. 熟练的，精通的"
appreciation,n. 欣赏，鉴别；增值；感谢
generous,adj. 慷慨的，大方的；宽宏大量的；有雅量的
online meeting,无
first of all,"na. 第一
"
be proficient in,"v. 精通
"
take part in,"na. 参加；贡献
"
beyond words,"un. 明理人不用细说；难以形容
"
reflect,"vt. 反映；反射，照出；表达；显示;反省
vi. 反射，映现；深思"
percentage,n. 百分比；百分率，百分数
respectively,adv. 分别地；各自地，独自地
phenomenon,n. 现象；奇迹；杰出的人才
summarize,"vt. 总结；概述
vi. 作总结；作概括"
benefit,"n. 利益，好处；救济金
vt. 有益于，对…有益
vi. 受益，得益"
strength,n. 力量；力气；兵力；长处
agility,n. 敏捷；灵活；机敏
furthermore,adv. 此外；而且
sportsmanship,n. 运动员精神，运动道德
sportsmanlike,adj. 有体育道德的；有运动员精神的
competitive,adj. 竞争的；比赛的；求胜心切的
circumstance,n. 环境，情况；事件；境遇
gracious,"adj. 亲切的；高尚的；和蔼的；雅致的
int. 天哪；哎呀"
account for,"na. 证明；由于；说明(银钱等的)用途；打死
"
take up,"na. 拿起；举起；拾起；给搭(火车等)
"
to start with,"na. 首先
"
immune system,"n. 免疫系统
"
in general,"na. 一般；大体上
"
to sum up, 总之；概括地说；总之，总而言之
