a case in point,"na. 范例
"
a sea of,"det. 一片；大量
"
a variety of,"det. 种种；形形色色
"
abandon oneself to,"na. 恣意
"
above all,"na. 最主要的；最重要的是
"
according to,"prep. 根据；按照；据（…所说）；按（…所报道）
"
account for,"na. 证明；由于；说明(银钱等的)用途；打死
"
adapt to,"na. 使(自己行动)配合(同伴)
"
add to,"na. 增加
"
add up to,"na. 总计共达；〔口语〕总之就是
"
adjust to,"v. 适应
"
against all odds, 再看我一眼；危情；冲破禁忌
against all the odds, 意思是冲破重重阻力；尽管有极大的困难；尽管困难重重
again and again,"na. 再三再四
"
ahead of,"prep. （时间、空间）在…前面；早于；领先
"
aim at,"v. 目的在于
"
all but,"na. 几乎跟…一样
"
all in all,"na. 全部；完全；第一
"
all manner of,"na. 各色各样的(人,东西等等)
"
all the same,"na. 依然；“all/just the same”的变体
"
all the way,"na. 路上一直；老远；〈美〉(从…到…)逐一
"
allow for,"v. 考虑到
"
allow of,"v. 容许
"
along with,"na. 与…一道；以外
"
and so forth,"na. 等等；云云；“and so on/forth”的变体
"
anything but,"na. 决不是；除…外什么都
"
apart from,"prep. 除了…外（都）；要不是；除了…外（还）；此外
"
appeal to,"v. 求助于；引起N
"
approve of,"na. 赞成
"
approximate to,"adj. 接近；约计
"
arise from,"v. 从…而得的
"
around the corner,"na. (= 〔英国〕 round the corner)在拐角那里
"
as a matter of fact,"na. 事实上；事实是
"
as a whole,"na. (作为一个)整体
"
as far as,"na. 远到；就；尽；至于
"
as far as ... be concerned,"就…来说, 就…而论"
so far as ... be concerned,"就…来说, 就…而论"
as follows,"na. 如下；以下
"
as for,"na. 至于
"
as good as,"na. 见 good 条
"
as if,"na. 彷佛；活像
"
as regards,"na. 至于；提到
"
assign to,"un. 指定(时间、地点)；提出(理由等)；分配；分给…用
"
as to,"na. 〈正式〉至于；说到
"
as well,"na. 也；同样
"
as well as,"na. 和…一样；…不用说
"
aside from,"na. 暂置不论；加之；除…外
"
associate with,"v. 与…联系
"
at a loss,"na. 无办法；(猎犬)失去猎物嗅迹；亏本地
"
at a stretch,"na. 一口气
"
at all costs,"na. 无论如何
"
at all events,"na. 无论怎样；总之
"
at all times,"na. 不论什么时候；老是；时时
"
at first sight,"na. 乍看；一见就；乍看起来
"
at heart,"na. 内心里
"
at intervals,"na. 时时；处处；偶尔
"
at large,"na. 随便；拉杂地
"
at leisure,"na. 在闲暇中；从容不迫地；失业
"
at no time,"na. 从来没有
"
at one time,"na. 同时；曾经
"
at random,"na. 碰运气地；无目标地
"
at the cost of,"na. 以…为牺牲
"
at the expense of,"na. 以…为代价；由…出钱；牺牲…
"
at the latest,"na. “at latest”的变体
"
at the moment,"na. “for the moment”的变体
"
at the ready, 准备立即行动；处在准备状态中；处于准备状态
at the risk of,"na. 冒着…的危险
"
at this rate,"na. 这种样子
"
at times,"na. 时时
"
attend to,"na. 照料(工作)
"
attribute to,"na. 认为(成功)是(努力)的结果
"
back down,"na. 打退堂鼓；放弃权利等
"
back out,"na. 打退堂鼓；食言；退出；后退
"
back up,"na. 支持；堵塞；【棒球】抢救后方；【计算机】把(文件等备份)
"
bargain for, 为购买（某物）讨价还价; 料到，考虑到（某情况）; 预料
bargain on, 依靠; 信赖; 料到; 考虑到（某情况）
base on,"v. 根据
"
be accustomed to doing sth.,无
be assigned to do,无
be at ease, 放心；定心；放心的样子
be at fault,"na. (猎犬追捕猎物等时)失去嗅迹；不知所措；出毛病
"
be at liberty,有权
be at odds, 不和；闹别扭
be at odds with,"na. 和…闹别扭；处于不利的条件下
"
be at one's disposal,无
be at sea,"na. 如堕五里雾中；(简直)不晓得怎样才好；茫然
"
be at stake, 叫做；处于险境；处在关键时期
be at the mercy of,无
be better off,"na. 情况[处境]更好；更加富有；处境较好
"
be beyond belief,无
be beyond compare,无
be without compare,无
be born with, 天生具有；生而具有；生就
be bound up in,"na. 热中于
"
be capable of,"v. 能够承担
"
be contrary to,"v. 不同于
"
be dependent on,"na. 依靠
"
be dependent upon,依靠(他人供给吃、住、钱等)，依赖；随…而定；依…而转移
be devoted to,"v. 献身于
"
be entitled to, 有权；有资格；有权做
be equal to,"na. 等于；胜任；赶得上；忍耐得住
"
be identical to sb., 与…相同；一致；同……一模一样
be identical with sb.,"v. 与…相同
"
be identical to sth., 与…相同；一致；同……一模一样
be identical with sth.,"v. 与…相同
"
be in charge, 管事；掌管；变为主管
be in demand,"na. 有需要
"
be in dispute,"有纠纷
有争执"
be in doubt, 值得怀疑
be in full swing, 全面展开；达到高潮；正在全力进行
be in opposition,无
be in opposition to,无
be in shape, 身体好
be in good shape, 身体好；健康状况良好；状态良好
be in sight,"na. 看得见
"
be in the air, 将要发生的事情；即将发生
be in the balance, 悬而未决；处于平衡状态
hang in the balance,"na. 悬置未决；安危未定；成败未决
"
be in the saddle,"un. 吓唬；过着鞍马生涯
"
be in use, 在使用中；使用之中；投入使用
be in the way, 碍事；挡路；绊手绊脚
be in one's way,无
be in the wrong,"v. 不对
"
be indispensable to, 对…必不可少；至关重要的；对……必不可少的
be indispensable for,无
be innocent of, 无罪的；无辜的；清白的
be keen on,"na. 喜爱
"
be keen about,"na. 喜爱
"
be liable for, 对…应负责任的；对…负责；有责任
be liable to,"该受(罚), 应遵守..., 有...的倾向, 易于..."
be obsessed with,"un. 昼夜萦绕在…心头；被…缠住；埋头研究
"
be off guard,无
be off one's guard, 麻痹大意
be on a diet, 节食；节食减肥；正在节食
be on guard, 警惕；防范；有警惕
be on one's guard,"na. 警戒
"
be on sale, 甩卖；正被出售；销行
be on the increase,"na. 不断增加
"
be on the job,无
be on the point of, 即将；正要；就要
be out of action, 失去作用
be out of breath, 上气不接下气；喘不过气来；气喘吁吁
be out of condition,身体很好[不适]
be out of control, 不自禁；忍不住；失掉控制
be out of date,过时的；已废的
be out of print,已售完的; 已绝版的
be out of sight,"在视线外
看不见"
be out of stock,缺货
be out of touch,"un. 和…进行接触；失去联系
"
be out of work, 失业；砸饭碗；工作的人已经失业
be partial to,"na. 偏爱
"
be related to,"na. 和…有(亲戚)关系
"
be relative to,"na. 和…相应
"
be scared of, 害怕；害怕某物；害怕的
be sick of,"v. 讨厌
"
be superior to,"na. 比…好；超然于
"
be sympathetic to,vt.对...表示同情
be under control, 处于控制之中；在控制之中；得到控制
be under way, 在进行中；正在进行；正在开展
be up to date,"vi.最新式的,直至最近的"
be up to the minute,无
beat around the bush,"na. 转弯抹角
"
beat about the bush,"na. 旁敲侧击；拨打草丛搜索猎物；旁敲侧击的刺探人意
"
beat down,"na. 打倒；镇压；〈口〉还(价)；使失望
"
beat up,"na. 搅(蛋)；虐待；冷不防地；打鼓召集
"
become of,"na. (人或事物的)情况
"
beg off,"na. 辞退；谢绝；请求原谅(某人)
"
behind the scenes,"na. 知道内幕；秘密地
"
believe in,"v. 相信
"
bend over backwards,"矫枉过正, 拼命"
beyond measure,"na. 无可估量地；过分
"
blast off,"na. (使)(火箭等)发火起飞
"
blow up,"v. 炸掉；爆炸；充气；放大
"
boast of,"na. 夸耀
"
boast about,"na. 夸耀
"
boil down to,"na. (被)归结起来是…；(审判等到最后)表明
"
branch out,"na. (树)发枝；(话等)横生枝节；(事业等)扩大规模
"
break down,"v. 分解；抛锚；分析；划分
"
break into,"na. 闯进；拦(别人话头)；侵占(别人时间等)；突然…起来
"
break off,"v. 断绝；摘；把…折断；使脱落
"
break one's heart, 为之心碎
break out,"na. 起；(战争等)突发；(囚犯等)逃脱；【航】起(锚)
"
break the ice,"na. 带个头；使气氛活跃；起头；打破沉闷
"
break through,"na. 【军】突破(点)；(科技等的)重大发现；关键问题的解决
"
break up,"v. 拆散；打碎；剖割(兽体等)；破坏
"
bring about,"na. 造成；带来；【航】(使船)回转
"
bring around,"na. 说服；〈口〉使恢复知觉[等]；〈口〉把(某人)作为客人带来
"
bring round,"na. 说服；〈口〉使恢复知觉[等]；〈口〉把(某人)作为客人带来
"
bring forth,"na. 提出；生
"
bring forward,"na. 提出(计划等)；提示；提前；公开
"
bring into effect,"na. 使生效；使起作用；实行
"
carry into effect,"na. 使生效；使起作用；实行
"
put into effect,"na. 实行
"
bring off,"na. 办完；(从失事船只上)救出
"
bring out,"na. 公布；说出；出版；上演
"
bring through,"na. 帮助(某人)脱离险境[克服困难,突破障碍]；救活
"
bring to justice, 使归案受审；绳之以法；移送法办
bring sb. to his knees,无
broaden one's horizon, 开阔眼界；大开眼界；眼界更广阔等
brush aside,"na. 刷去；扫除；无视
"
brush off,"na. 刷去；打发走；摒弃；逃掉
"
brush up,"na. 重新学习；刷光；把…打扮整洁；提高(技巧等)
"
build on,"na. 依赖；把…建筑于
"
build upon,"na. “build on”的变体；同“build on ”
"
build up,"na. 同“build”；建立；复兴；【军】集结(部队)
"
bump against,"un. 邂逅相遇；撞
"
bundle up,"na. 同“bundle”
"
burn down,"na. 把…烧成平地；(蜡烛等)逐渐烧完；火力减弱
"
burn out,"na. 烧起来；烧光；烧尽；烧断
"
burn up,"na. 烧完；旺起来；使恼怒；发怒
"
burst into,"na. 闯进；突然…起来
"
but for,"na. 要不是；除…而外
"
but then,"na. 但是；但是另一方面
"
butt in,"na. 插手
"
buy off,"na. (用贿赂)收买；用钱疏通[保护,救]；同“buy”
"
buy out,"na. 出钱使某人出让地位[产权等]；买下…的全部产权
"
by accident,"na. 偶然 (opp. on purpose)
"
by all means,"na. 必定；千方百计；不惜一切；好的
"
by and by,"na. 不久以后
"
by and large,"na. 总的说来
"
by any chance,"na. 万一
"
by chance,"na. 偶然
"
by comparison,"na. 比较起来
"
in comparison, 相比之下；比较；比较起来
by default, 默认；缺席；预设
by far,"na. (修饰比较级,最高级,表示数量,程度等)…得多；尤其；更
"
by itself,"na. 单独；独自；独力
"
by leaps and bounds,"na. 飞跃地；连跑带跳地
"
in leaps and bounds,"un. 飞速地；飞跃；真快
"
by no means,"na. 决不；并没有
"
by the book,"na. “by book”的变体
"
by turns,"na. 轮流
"
call for,"na. 呼吁；主张；需要；接(某人)
"
call in,"na. 招；叫进；引入；调入
"
call off,"na. 〈口〉命令停止；丢手；取消(婚约)；〈美〉点(名)
"
call on,"na. 号召；指名要(某人)去干(某事)；请求；访问
"
call upon,"na. “call on”的变体；同“call on ”
"
carry forward,"na. 推进；发扬；结转；使进行
"
carry off,"na. 得(奖)；夺去；诱拐；(病)夺去人命
"
carry on,"adj. (飞机乘客的行李)可随身携带的
n. (飞机乘客的)随身行李
"
carry out,"na. 实行；开展；完成
"
carry through,"na. 完成(计划等)；坚持到底
"
carry weight,"na. (意见等)有力；(人物)有势力[地位]
"
cash down,"na. 即付
"
cash in on,"na. 用…赚钱；利用
"
cast about for,"na. 寻觅；搜集；物色；想(方法等)
"
cast aside,"na. 抛弃
"
cast away,"na. 抛弃；浪费；排斥；使(船只)破坏
"
cast off,"na. 脱掉(衣服)；放弃；【航】放(船)；【印,纺】织完
"
cast out,"na. 扔出；赶出；吐出；〈英〉吵闹
"
catch a glimpse of,"na. 瞥见；看一眼
"
catch one's eye,"un. 胡说；引起…的注意
"
catch sight of,"na. 看出
"
check out,"na. 开支票(提款)；(旅馆)付账后离开；及格；〔美俚〕死
"
check up,"na. 检查；〔美国〕试验(工作的效率,精确程度等)
"
check up on,"na. “check on”的变体
"
chew on,"un. 咀嚼；深思
"
chew over,"na. “chew upon”的变体
"
clear away,"na. 扫除；砍去；(雾等)消散
"
clear off,"na. 理清(工作等)；清算；卖掉；撵走
"
clear out,"na. 清空；腾空；清理；〈非正式〉匆忙离开
"
close by,"adv. 在附近
"
close down,"v. 关闭；关门；倒闭；歇业
"
close up,"na. 靠紧；(伤)愈合；密闭；〔美国〕结束
"
come about,"na. 发生；(风等)变向；【航海】抢风调向
"
come across,"na. 尽(义务)；发现；碰见；(穿过…)来到
"
come along,"na. 进步；同意；一道来；请过来
"
come around,"na. 赶上；达到；袭击
"
come round,"na. 苏醒；(生气的人)消除怒气；(病后)复原；(从某处)转来
"
come at,"v. 得到；达到
"
come down to,"v. 降至；归结起来；变为；归结为
"
come into effect,"na. 开始实施
"
go into effect,"v. 生效
"
come on,"na. (演员)出台；进行(很好)；(暴风雨等)起；(病,苦痛等)加深
"
come out,"na. 出来
"
come through,"na. 胜利；脱险；支付；捐献
"
come to,"na. 总计为；结果是；苏醒；把船朝着风头
"
come to blows,"na. 互相打起来；开战
"
come to the fore,"na. 发作；惹人注意
"
come true,"na. (预言等)成事实；实现；(作物)不变种地发芽生长
"
come up,"na. 走近；上升；抬头；(暴风雨等)起
"
come up to,"na. 到达；不亚于；不负(期待)
"
come up with,"na. 想出(一个主意或计划)；提出；提供；筹措
"
commit oneself to,"na. 委身于
"
commit to,"un. 移交
"
compare to,"un. 核对记录；商量了一番；比较；和…相仿
"
compete with,"v. 竞争
"
concern about,"v. 关心；挂念
"
concern with, 关心，挂念；使关心；关注
congratulate on,"un. 祝贺
"
congratulate upon,vt.祝贺
consent to,"v. 同意；赞成
"
consist in,"v. 在于
"
consist of,"v. 由…合成
"
consume with,为(某种思想)而不断受折磨
contribute to,"na. 捐助；给…投稿；捐(款)给；投寄(一篇论文)给(某杂志)
"
cool down,"na. 使…变凉；〈非正式〉冷静下来
"
cool off,"na. 变凉；使…冷静；(销量,价钱等)下降
"
cope with,"v. 对付；应付
"
correspond to,"v. 符合
"
correspond with,"v. 相当
"
count in,"na. 算入
"
count on,"na. 指望；预料到；期望
"
count upon,"na. 指望；依赖
"
count out,"na. 一面数一面取出；一面数一面分开；除开
"
count up,"v. 数到；数完
"
cover for, 掩护；代替；顶替
crack down,"na. 敏捷地做；拼命做
"
crack up,"na. 夸奖；吹捧某人；(人,身体等)疲惫不堪；〔美俚〕(飞机)坠毁
"
credit to,"na. 把(某数)记入(某人)账户的贷方；把(成功)归(某人)
"
cross off,"na. “cross out”的变体
"
cross out,"na. 取消
"
cry out for,"v. 急需
"
cut across,"na. 对直穿过；同“cut”
"
cut back,"na. 缩减；修剪(树枝等)；回叙往事
"
cut corners,"na. 走捷径
"
cut down,"na. 砍倒；削减；减价；夺去…活动力
"
cut in,"na. 突然插入；(汽车)超车；抢去别人的舞伴；在电话里窃听
"
cut off,"na. 削除；截止；截断(退路等)；割下来
"
cut out,"na. 割掉；除去；剪下；开辟
"
damp down, 使（某物表面）润湿; 使（兴趣、热情等）降低; 衰减; 减少
deal with,"na. 办理；对待；与…交涉；与…交易
"
deep down, 本质上; 实际上; 事实上; 在内心深处
deprive of,"un. 剥夺
"
derive from,"v. 来自；起源于
"
descend upon,"na. 袭击；突然访问
"
devote to,"v. 把…贡献给
"
die away,vt. 减弱，消失；渐熄；风，声音渐弱，渐息；（树木等）渐渐凋零，枯萎（根未死）；假死
die down,"na. 殉国
"
dig up,"na. 查出；找到；开垦(荒地等)；采掘(山芋等)
"
dip into,"na. 舀出；取出；看一看；探究
"
disagree with,"v. 不同意
"
dish out,"na. 上(菜)；分配(饭菜等)；〈比喻〉托出；提供
"
distinguish oneself,"un. 杰出
"
do away with,"na. 废除；干掉
"
do justice to,"na. 公平评判；公平对待；逼真；大吃
"
do one's best,"na. 竭尽所能；尽力
"
try one's best,"na. 尽全力
"
do one's utmost,"na. 尽所有力量
"
do sb. good,"v. 有益
"
do up,"v. 修缮；收拾
"
do without,"na. 无需
"
do the trick,"na. 达到目的
"
down with,"na. 拿下；打倒
"
draw in,"na. 拉入；引入；收(网等)；收回(借款等)
"
draw up,"na. 写出；正容；整(队)；拉起(鱼网等)
"
dream of,"v. 梦想
"
dream up,"na. 凭空想出；凭空捏造出
"
dress up,"na. 乔装；装扮；为…打扮；盛装打扮
"
drink in,"na. 吸收；陶醉于
"
drop by,"na. 随便访问一下
"
drop in,"(使)落进；(使)往里坍塌：
偶然(或顺便)走访(或访问)(on)；逐渐进入：
[口语](有选择地)加入；愿意(或决心)参加：
【戏剧】放下(吊幕)，吊装布景："
drop off,"na. 同“drop”；睡着；(客)(一一)散去；衰落
"
drop out,"na. 退出；(因不满传统制度而)退出正常社会；落出；隐退
"
drum up,"na. 招揽(顾客等)；招募(新兵等)；鼓励；激起
"
dry up,"na. 干涸；逐渐枯萎；使干；(演员)忘记台词
"
due to,"un. 由于；预定；因为；亏
"
early on,"adj. 不久之前
"
either ... or ...,"n. (自动控制)“异”；按位加；二者择一
adj. 二者择一的
"
emerge from,"v. 从…里露出
"
emphasis on, 强调；注重；对……的强调
end in,"na. 结果为…
"
end up,"na. 结束；完事；[俚]死；直立着
"
engage in,"na. 从事；参加
"
enquire into, 查究；探询；询问
enter into,"na. 入；动手；参加；缔结(协约等)
"
enter on,"na. 动手；入；占有(土地,财产等)
"
enter upon,"na. 动手；入；占有(土地,财产等)
"
even as,"na. 正如；正在…时
"
even if,"na. 即使…也
"
even though,"na. “even if”的变体
"
ever so,"na. 非常；大大；“ever so/ever such ”的变体
"
every bit,"na. 全部；由任何一点看；完全
"
every inch,"na. 完全地
"
every other,"na. 每隔；所有其他；每隔一；其他的…都
"
except for,"na. 只有
"
exert oneself,"na. 努力；出力
"
explain away,"na. 巧辩过去
"
expose ... to,"un. 暴露于
"
face to face,"na. 面对面
"
face up to,"na. 大胆面向；正面对付；同“face”
"
fall back on,"na. 撤退到…线；求助于
"
fall behind,"na. 落后；跟不上；落下；拖欠
"
fall for,"v. 爱慕(某人)；赞赏(某事)；上当；受骗
"
fall out,"v. 〈非正式〉吵架；争执；闹僵；分手
"
fall through,"na. 失败
"
fall to,"na. 着手；开始用餐；争吵起来；开始攻击
"
far from,"na. 远离；决不
"
feel like,"na. 〈口〉想要…；愿意…；感觉像是…
"
fend off,"na. 挡开；避开(灾祸等)
"
figure out,"na. 估计；解决；了解；〈口〉确定
"
fill in,"na. 填充；填写；同“fill”
"
fill out,"na. 填写(表格等)；变胖；长胖；胖起来
"
fill the bill,"na. 符合要求；如约完成；满足需要
"
find fault with,"na. 吹毛求疵；找…的岔子
"
fish for,"v. 间接探听；搜寻
"
fit in, 有地方容纳; 有时间从事（某事）; 有时间接待（某人）; 相处融洽
fit in with,"v. 符合
"
fix on, 把…固定住; 把…集中在…上; 确定; 选定
fix up,"na. 〈美口〉修理；解决；组织；安顿住处
"
focus on, 致力于; 使聚焦于; 对（某事或做某事）予以注意; 把…作为兴趣中心
follow through,"v. 坚持到底
"
follow up,"v. 把…探究到底；回答
"
fool about,"na. 闲游
"
fool around,"na. “fool about”的变体
"
for all,"na. 无论…怎样；虽有[无论]…仍然
"
for fear of,"na. 因为怕；唯恐
"
for fear that,"na. 生怕
"
for good,"na. 永久地
"
for sale,"na. 出售(的)
"
for short,"na. 简称
"
for sure,"adv. 确实
"
for the moment,"na. “for this moment”的变体
"
for the sake of,"adv. 为了…起见
"
free sb. from,"na. 无…的
"
free sth. from,"na. 无…的
"
from time to time,"na. 时时
"
gain ground, 前进;  有进展;  越来越为人们所接受; 逼近
gain on,"na. 蚕食
"
gang up,"na. 成群结队；勾结起来；集合
"
gang up on sb.,"na. 成群结队的对抗
"
gang up against sb., 联合攻击；合伙对付；联合起来欺侮
generate from,无
get about,"na. 走动；旅行；(消息等)传开；忙于工作
"
get across,"na. 使了解；使通过；使人了解；与(人)冲突
"
get ahead,"na. 获得成功；前进
"
get along,"na. 过日子；生活；团结；进步
"
get away from,"v. 逃脱
"
get around,"na. 回避(事实)；往来；避开(法律等)；智胜(某人)
"
get by,"na. 走过；〈美〉勉强混过去
"
get down,"na. 开始认真对待；落下；下车；写下
"
get hold of,"v. 抓住；捉住
"
get in the way,"na. 妨碍
"
get insight into,无
get into,"na. 进入；穿上；成癖；陷于
"
get nowhere,"na. (使)无效
"
get off,"na. 下车；脱下(衣服等)；脱(衣)；下(马)
"
get on one's nerves,"na. 刺激神经；使人不安；惹恼人
"
get out,"na. 摆脱；走出；〔命令语气〕出去!
"
get over,"na. 同“get across”
"
get the jump on,"na. 抢在…之前行动
"
get through,"na. 花光；了结；(使)通过(议案)；及格
"
give back,"na. 归还；返回；往后站；凹陷
"
give birth to, 生（孩子），生育; 引起，产生; 娩出; 娩
give off,"na. 发散(水蒸气等)
"
give out,"na. 发表；放出；分发
"
give rise to,"na. 惹起
"
give up,"na. 放弃；断绝；投降；自首
"
give way to,"v. 让步；退却
"
give ... the slip,"v. 悄悄溜掉
"
go about,"na. 走来走去；着手(工作)；(谣言等)流传；【航】掉转船头
"
go after,"na. 追求
"
go against,"na. 违背；不利于
"
go along with,"na. 陪[随]…一起去；赞同
"
go round,"na. 绕着走；迂回着走；运行；(食物等)人人分到
"
go around,"na. 扑过去；兴冲冲开始干
"
go back on,"na. “Go back from”的变体
"
go by,"na. 走过；以…为根据(作判断)；〈美〉顺道访问；受…所控制
"
go down,"na. 下去；(飞机)坠落；继续到  (风,浪等)平静下来；消退
"
go in for,"na. 赞成；寻求；参加
"
go into,"na. 进入；(门等)通着；加入；参与
"
go into detail,"na. 逐一细说
"
go into details,"na. 详述
"
go out of use,"na. “get out of use”的变体
"
go over,"na. 仔细查看；仔细搜查；排练；重温
"
go the round,传播
go the rounds,"na. 巡回；传遍
"
go the round of,"传遍,走遍"
go the rounds of,无
go through,"na. 认真检查；仔细地搜；(提案或法案)通过；被批准
"
go wrong,"na. 走错路；失败
"
grab at,"na. 抓住不放
"
grind out,"na. 碾成；单调地演奏手摇风琴；苦吟(诗句)
"
grow on,"na. (感觉,习惯等)加深对…的影响；(书,画等)渐渐把人迷住
"
grow out of,"na. 抛弃；戒除；长大而穿不上衣服；源出
"
guard against,"v. 防止；加以预防；抵御
"
hand down,"na. 宣布(判决等)；传下来
"
hand in hand,"na. 手拉手；联合
"
hand over,"v. 转交；递给；送交(警察或有关当局)处理；移交(权力等)
"
hang about,"na. 荡来荡去；缠住不放；在附近逗留
"
hang around,"na. 在附近徘徊；踌躇不前
"
hang on,"v. 坚守；守住；坚持；支撑着
"
hang out,"na. 同“hang”；把上身伸出(窗外)；挂出门外[窗外]；拖延
"
hang up,"v. 挂断电话；挂机；悬挂；耽搁
"
happen to,"v. 发生于
"
have a reputation for,"na. 因…而著名
"
have no business, 没有权力或理由做某事；无权；没有理由
help oneself,"un. 放荡不羁；实在山穷水尽；自救
"
help oneself to,"na. 自由取食；任意占用[取用]
"
help out,"v. 帮助…摆脱困境；救出；协助
"
hit on,"na. 忽然想到；偶然发现；无意中发现；〈非正式〉搭讪
"
hit upon,"v. 碰巧发现；忽然想出
"
hold back,"na. 阻止；踌躇；隐瞒；抑制
"
hold down,"na. 压制；牵制；阻止；压低(物价等)
"
hold off,"na. 拖延；抵抗(进攻等)；使不接近
"
hold on,"na. 拉住；继续；坚持下去；(打电话时)不挂断
"
hold one's own,"un. 忍耐一下；逐渐成为；打了个平手；比得上
"
hold out,"na. 伸出；提出；维持；制止
"
hold over,"na. 将…延迟；保存；期满后继续任职；期满后继续占有
"
hold up,"v. 举起；支撑；耽误；抢劫
n. 抢劫；延误；堵车
"
hold with,"na. 同意；和…抱同一意见
"
hook up,"n. 【无线】试验线路；联播电台；联合
"
hope against hope,"na. 妄想
"
idle away,"v. 虚度
"
if only,"na. 只要；只要…就好了
"
impose on,"v. 强迫；欺骗
"
impose upon,"v. 强迫；欺骗
"
improve on,"na. 改良
"
improve upon,作出比…更好的东西;对…作出改进
in a sense,"na. 在某种意义上；有一点儿
"
in a way,"na. 在某一点上
"
in a word,"na. “in a few words”的变体
"
in addition,"na. 加之
"
in addition to,"na. 加之
"
in advance,"na. 预先；在先头
"
in any case,"na. 无论如何；横竖
"
in brief,"na. 简单地说
"
in case,"na. 以防万一；作为准备；如果；免得〔用作连词〕
"
in case of,"na. 要是
"
in character,"na. (在)性格上；正合担任[扮演]；适当
"
in charge,"na. 主任[主管]
"
in charge of,"na. 受托…的
"
in cold blood,"na. 蓄意地(而非出于一时冲动地)；残忍地；冷静地；若无其事地
"
in common,"un. 和…有相通之处；公有
"
in comparison with,"na. 和…比起来
"
in conjunction with,"na. 与…共同；连带着
"
in connection with,"prep. 与…相关
"
in consequence,"na. 因此
"
in consequence of,"na. 因为…的原故
"
in consideration of,"na. 因；以作…的谢礼
"
by contrast,"un. 相比之下；作对比；与此相反
"
in contrast,"adv. 相反
"
by contrast to,n.  对比(与 ... 相反)
in contrast to,"un. 相形之下；与…相比；与…相反；与…对比
"
by contrast with,"prep. 和…比起来
"
in contrast with,"na. 和…成对比；和…大不相同
"
in control,"na. 由…控制(住)
"
in control of,"na. 由…控制(住)
"
in depth,"na. 广泛
"
in detail,"na. 详细
"
in earnest,"na. 诚挚
"
in effect,"na. 实际上；总之；有效
"
in evidence,"na. 明显的
"
in excess of,"na. 超过
"
in favor of,"na. 赞成；有利于；付与
"
in favour of,"na. 赞成；有利于；付与
"
in force,"na. 大举；有效
"
in full,"na. 详细地(填写姓名等)；全部地
"
in general,"na. 一般；大体上
"
in half,"na. 成两半
"
in harmony,"un. 〔音〕和弦；和声；协调一致地
"
in harmony with,"un. 协调一致地；跟…调和；和衷共济；与…相合
"
in haste,"na. 急着；急忙地；仓促地
"
in itself,"na. 本身；实质上；“in itself/of itself”的变体
"
in kind,"na. 用实物；以同样的方法(回敬)；性质上
"
in line with,"na. 和…成一直线；〔美国〕和…一致
"
in no case,"na. 决不
"
in no time,"na. 立刻
"
in no way,"na. 决不
"
in one's honor,无
in one's presence,无
in other words,"na. 换句话说
"
in particular,"na. 特别；一一
"
in place of,"na. 代替
"
in private,"na. 秘密地
"
in proportion to,"na. 与…成比例；与…相称；按…的比例(越…越…)
"
in reality,"na. 事实上；实在
"
in relation to,"na. 关于…
"
in return,"na. 作报复[报酬,回答,报答]；作替换
"
in ruins, 成为废墟；一片废墟；成废墟
in search of,"na. 寻找；去找；追求；为了寻求
"
in secret,"na. 秘密地；偷偷摸摸地
"
in short,"na. 简单地说；总之
"
in so far as,"na. 到…的程度；只要；(表示程度,范围)就…
"
in spite of,"na. spite of 不管；〔古语〕无视
"
in store,"na. 准备着
"
in summary,"adv. 扼要
"
in terms of,"na. 依…；从…方面；用…特有的字眼
"
in the event of,"na. 万一在…的时候
"
in the event that, 如果；万一；假使
in the face of,"na. 不避；不管；〈英〉在…前面；面临
"
in the first instance,"na. “in the first place”的变体
"
in the habit of,"un. 养成习惯；一向；总得；动不动就
"
in the hands of,"un. 由…决定；随…发落；由…照顾；由…作主
"
in the interest of sb.,"na. 为了…的利益
"
in the interest of sth.,"na. 为了…的利益
"
in the interests of sb.,为了，为了…的利益；符合…的利益
in the interests of sth.,为了，为了…的利益；符合…的利益
in light of,"na. 按照；根据；鉴于
"
in the light of,"na. 按照；以…的模样；当作…
"
in the long run,"na. 归根到底；“in the long run/term”的变体
"
in the neighbourhood of,"na. 〈口〉大约；在…的附近
"
in the red,"n. 负债
"
in the same boat,"un. 破釜沉舟；连个退路都没有；同病相怜
"
in the wake of,"na. 在…后接踵而来；在后追随
"
in tune,"na. 合调；和谐；“in/out of tune”的变体
"
in tune with, 协调；与…和谐；适合
in turn,"na. 挨次
"
in vain,"na. 无益地；轻慢地
"
in view of,"na. 鉴于；为要；在…能看见的地方；估计[预料]到才
"
inform sb. of sth.,"v. 通知关于
"
inform sb. about sth., 将…告知（某人）
inquire about,"v. 询问；了解
"
inquire into,"na. 调查；探索
"
insist on,"v. 坚持；强调
"
insist upon,"v. 坚持；强调
"
instead of,"prep. 代替；作为…的替换
"
integrate into, 融入到……中去；成为一体，融入；使并入
integrate with,"v. 结合起来
"
interfere with sb.,干扰，干涉；妨碍；触动或弄坏；乱动；与……抵触
invest in,"v. 投资到
"
isolate from, 使隔离；使孤立；分开隔离
jump the queue,"na. 不按次序排队；企图获得优惠待遇
"
jump a queue,无
just about,"na. 正是…附近
"
keep an eye on,"v. 密切注意
"
keep down,"na. 压住；压服；【印】用小活字排印；缩减
"
keep from,"na. 避开；禁止；抑制；隐瞒
"
keep in touch with,"v. 与…保持接触
"
keep one's fingers crossed,"un. 对…了如指掌；祝愿
"
keep pace, 并驾齐驱；齐步并进；不落在后面
keep pace with,"na. 赶上；保持同步；随着…而增长
"
keep pace with,"na. 赶上；保持同步；随着…而增长
"
keep up,"na. 支持；保持；继续；停歇
"
kick about, <口>谈论; <口>存在; 漫不经心地踢; 漫不经心地游荡
kick around,"na. 仗势欺人；到处流浪；经常改变行业；从各个角度考虑[调查,讨论等]
"
kick off,"na. (足球)中线开球；开始(某种活动)；死；踢脱(鞋等)
"
kick out,"na. 踢出；解雇；踢足球出界
"
kick up,"na. 踢起(灰尘)；引起(骚动)
"
kind of,"na. 有点儿；有几分
"
knock about,"n. 武打戏的表演[演员]；结实的东西；狠斗；流浪汉
adj. 吵闹的；〈口〉流浪的；(衣服)结实的
"
knock around,"na. “knock about”的变体
"
knock down,"na. 打倒；拆除；拆卸；(拍卖时)敲槌卖出
"
knock off,"na. 敲落；中止(工作)；即席作(诗文等)；减低(价格)
"
knock out,"na. 敲出；敲空；使屈服；使无用
"
know backward,"对…了如指掌, 熟知…"
know backwards,熟知; 精通
know better,"na. 明白事理(而不致于…)；很明白(而不致于…)
"
know better than,"un. 心中有数；很明白(不能去)…
"
later on,"na. 过后；后来
"
launch into, （使）在（水）中漂浮; 使下水; 发射上天; （使）开始从事
launch in,无
lay aside,"na. 保存；放在一边；丢弃；留着
"
lay down,"v. 躺下；不反抗；屈服；顺从
"
lay great emphasis on,无
lay off,"na. 辞退；停止；暂停
"
lay over,"n. 中途的短暂停留
"
learn about,"v. 得知关于；学习关于
"
least of all,"na. 尤其是
"
leave alone,"na. 丢下不管；不要管
"
leave to one's own devices, 听任…自便；让…自行发展；让某人自已去想办法
leave off,"na. 戒除；不再穿；休假许可
"
leave out,"na. 遗漏；忽略；〈口〉(告诉某人)停下来
"
let alone,"na. 任随；更不用说；放任；莫说…(连)
"
let go of,"v. 释放
"
let slide,"na. 不关心
"
level off,"na. 弄平；达到同一水准；(物价等)稳定；(飞机降落前)水平飞行
"
lie in,"na. 存在于；(分娩后)坐月子
"
log in,"na. 进入电脑工作系统；“log on”的变体
"
log out,"v. 退出
"
long for,"v. 渴望
"
look back,"na. 回头看；回顾；追想 (to；upon)；(对事业等)不起劲
"
look forward to,"na. 盼望
"
look over,"na. 浏览；检查；察看
"
lose contact with, 与……失去联系；失掉联系；离开
lose heart,"na. 沮丧
"
lose one's temper,"na. 发脾气；发怒
"
major in,"v. 主修
"
make a difference,"na. 发生差别；使…有差别；(结果等)是重要的
"
make a fool of,"na. 愚弄
"
make a thing of, 认为……重要；认为…非常重要；把……作为争论点
make a thing out of,对 ... 小题大做
make a top priority,无
make an example of, 惩一儆百；惩罚；惩罚…以警戒他人
make for,"na. 有利于；对…有益；倾向于；支持
"
make history,"na. 做名垂青史的大事
"
make no bones about,"na. 率直；对…毫不踌躇
"
make off,"na. 逃亡
"
make one's hair stand on end, 令人发指
make out,"na. 理解；发现；起草；证明
"
make sense,"na. (话等)有意义；合理；有道理；讲得通
"
make sure,"na. 尽力做到；深信；务必；务请
"
make the best of,"v. 充分利用
"
make the grade,"na. 上陡坡；达到标准；成功
"
make up,"na. 弥补；起草；定；签订
"
make up for,"v. 偿还；赔偿
"
make use of,"na. 使用
"
many a,na. 很多；[〔古语〕 an] one 许许多多人
map out, 在地图上标出; 筹划[安排]某事; 详细提出某事; 规
mess up,"na. 搞砸；弄糟；弄脏；弄乱
"
mess with,"v. 惹恼
"
might as well,"na. 不如
"
mind your own business, 管好你自己的事；少管闲事；别管闲事
mix up,"na. 调匀；混淆；使结交坏朋友；【拳击】猛烈互击
"
mix with,"v. 混合
"
more often than not,"na. 通常
"
move around,"v. 走来走去
"
move off,"na. 离去；〔俚语〕死；(货物)畅销
"
move on,"na. 继续前进；(使)继续前进；〔交通警察命令〕向前!
"
move out,"na. 搬出；【军事】开始行动
"
much as, 虽然；多达；非常像
neither ... nor, 既不……也不；两者都不；均不
no doubt,"na. 无疑地；〈口〉很可能
"
no matter,"na. 没事儿
"
none other than,"na. 正是；而是；恰恰是
"
not in the least,"na. 一点也不
"
not to mention,"na. …不用说
"
not until, 直到……才；引导的句子要倒装；引起倒装
now that,"na. 由于
"
nowhere near,"na. 远远没有；总不如(那么好等)
"
object to sb.,"na. 反对
"
object to sth.,"na. 反对
"
occur to, 想到；被想起；被想到
odds and ends,"n. 零碎；琐碎的东西；小玩意
"
of a kind, 同类的；同一类的；徒有其名的
of late,"na. 近来
"
of necessity,"na. 必然；不得已；不可避免地
"
of no account,"na. 不重要的
"
off balance,"un. 偿清债务；趔趄
"
on account of,"na. 因为
"
on a dime,"na. 在极小的地方；立刻
"
on approval,"na. (商品)供试用的
"
on average, 平均；平均起来；通常
on the average,"na. 平均；一般说来
"
on behalf of,"na. 替；为…的利益
"
in behalf of,"na. 为…
"
on board,"na. 在船上；〔美国〕在车上；〈口〉【棒】出垒
"
on business,"na. 因公
"
on campus,"na. 在校内
"
on condition,"na. 在…的条件下
"
on condition that,"na. 在…的条件下
"
on demand,"na. 请求即
"
on end,"na. 继续；竖着
"
on grounds of,"以...为理由, 以...为借口, 根据..."
on the grounds of,"na. 根据
"
on loan,"na. 出借
"
on occasion,"na. 有时；遇必要时
"
on occasions, 不时地；有必要时；在…场合
on one's behalf,"为…的利益,代表"
on one's own,"na. 独自地；独立地；凭自己力量；主动地
"
on schedule,"na. 按时；按时间表；按照预定计划
"
on the contrary,"na. 反之
"
on the fence,"na. 犹豫未决的；中立的
"
on the hour,"na. 准时地；按整小时地
"
on the quiet,"na. 私下；偷偷
"
on the shelf,"un. 废弃的；滞销的；闲置的
"
on the spot,"na. 当场；立刻；【商业】用现货[现款]；(人)准备妥当
"
on the spur of the moment,"na. 一时兴起[冲动]；当场
"
on thin ice, 如履薄冰；履於薄冰；步履薄冰
only if,"conj. 只有当
"
open up,"na. (打)开；割开；开发(资源)；揭示
"
or else,"na. 不然
"
or so,"un. 与其说…不如说…；大约
"
or something,"na. 大概是…之类的
"
originate from,"v. 起源于；发源于
"
other than,"na. 与…不同；除了
"
out of joint,"na. 脱节；纷乱；不协调；不满
"
out of step,"na. 错了步伐
"
out of style,"na. 没有样子；“in/out of style”的变体
"
out of the blue,"un. 难得到的；突然；突如其来；出人意料
"
out of the way,"na. 向旁边；让开；迷失；误
"
out of tune,"na. 不合调；失调；“in/out of tune”的变体
"
owe to,"v. 由于；把…归功于
"
owing to,"conj. 由于；因为
prep. 因为；由于
"
pack in,"na. 停止
"
pack off,"na. “pack away”的变体
"
pack up,"na. 把…打成包；打包；捆好东西；解雇
"
pair off,"na. 使分成[摆成]一对一对；两个成一组
"
parcel out,"na. 分派
"
participate in,"v. 参加；分享
"
pass off,"na. 拿(假货)卖给 (on somebody)；混过去；结束；顺利完成
"
patch up,"na. 拼凑；结束；制止；匆忙处理
"
pay off,"na. 偿清(债务等)；付清；发清(工钱)；发清工钱解雇
"
persist in,"v. 坚持
"
persist in sth.,"v. 坚持
"
persist in doing sth.,无
pick out,"na. 挑选；掘出；闻出；领会
"
pick up,"v. 拾起；探出；重新开始
"
pitch in,"na. 热情参加
"
plug in,"v. 插入；插插头；插上
"
point out,"na. 指出
"
polish off,"na. “polish away”的变体
"
portion out,"un. 分配:
"
pour out,"v. 倾吐；诉说
"
prevail on,"v. 说服；劝说
"
prevail upon,"v. 说服；劝说
"
prevail over,"v. 胜过
"
prevent from, 防止；阻止；预防
previous to,"adj. 前于
adv. 在…之前
"
prior to,"adj. 前于
"
profit by,"v. 得益于
"
profit from,"v. 得益于
"
provide for,"v. 为…作准备
"
pull apart,"na. 扯断(索子等)；劝开(吵闹)
"
pull out,"na. 拔(牙等)；把船划出；(车,船等)开出；(人)出发
"
pull over,"na. (把衣裳)从头上套下来穿；推翻(桌子等)；〈口〉把(车)靠拢路边
"
pull through,"na. 恢复健康；痊愈；渡过难关
"
pull together,"na. 通力合作；拼凑
"
pull up,"v. 拔起；使…停下
"
push into, 推进；推动；小艇靠岸
put ... aside,"na. “set aside”的变体
"
put away,"v. 把…收起来；储存
"
put into effect,"na. 实行
"
put off,"na. 延期；辩解
"
put out,"v. 扑灭；熄灭；放出；伸出
"
put through,"na. 经受；测试；试验；使…通过
"
put to death,"na. 处死；处死刑
"
put up,提供；建造；举起；提高；推举，提名；供给…住宿；直接行动
put up with,"na. 忍住
"
puzzle out,"na. 解决(难题等)
"
quite a number of,"adj. 不少
"
rail at,"un. 沉不住气；大骂；责备
"
rail against, 抱怨；责骂；嘲骂
range over,"un. (在一个地区等)徘徊；俯视；涉及；考虑:
"
rather than,"na. 而不
"
react against,"na. 反抗
"
react on,"v. 对…有反应
"
react upon,vt.影响
reaction against,无
reckon on,"v. 依赖；寄望于
"
reckon with,"na. 和…算账；将…加以考虑
"
refer to,"v. 查阅；提到
"
regardless of,"prep. 不管；不顾；不理会
"
rely on,"v. 依靠；信赖
"
rely upon,"v. 依靠；信赖
"
remark on,"v. 评论；批评
"
remark upon,"v. 评论；批评
"
remind sb. of ...,"v. 提醒
"
resistant to,"adj. 抵抗
"
resolve into, 使分解为；归结为；还原成
resort to,"na. 使用(武力)
"
respond to ...,"v. 响应
"
result from,"v. 由于
"
result in,"na. 终于(失败)
"
rid sb. of sth., 摆脱；消除；使去掉
rise above,"na. 凌驾…之上；超越…；摆脱
"
rob of,"v. 抢走
"
rope in, <非正>说服（某人）（参与某项活动）; 拉拢; 笼络
round the clock,"na. 昼夜不停；整天整夜；昼夜不停地
"
rule out,"na. 排除
"
run down,"na. 下乡；(钟表等)停止；衰弱；赶上(人,猎物)
"
run into,"na. 冲进；(河)注入(海)；撞上；到达
"
run out,"na. 耗尽；用光；过有效期；失效
"
run over,"v. 轧过；碾过；演练；排练
"
run through,"na. 穿过；匆匆忙忙看一遍；不间断地排练；花光
"
scale down,"na. (按比例)缩减；【无线】分频；“scale back”的变体
"
scrape by, 勉强度日；勉强维持；勉强过日子
scrape through,"na. 好容易完成；(考试)勉强及格；勉强对付过去；勉强通过
"
scrape together,"na. 一点一点地贮蓄；设法凑拢
"
scrape up,"na. 一点一点地贮蓄；设法凑拢
"
screw up,"na. 拧紧；钉上；卷成螺丝状；扭歪(嘴,脸等)
"
see about,"na. 注意；查看；查询；留意于
"
see out,"na. “see through”的变体
"
see red,"na. 勃然大怒
"
see that, 务必；注意；要注意使
see to it that, 保证；务必；务必要
see to,"na. 注意；留心；当心；检查
"
seize on,"na. 猛扑；袭击；利用；采用(提议)
"
seize upon,"na. 猛扑；袭击；利用；采用(提议)
"
sell off,"na. (打折扣)销完；卖清(存货)
"
sell out,"na. 卖完；脱销；背叛；〈美口〉欺骗
"
sell up,"na. 拍卖；变卖(债务人的财产以抵债)
"
send away,"na. 撵走；开除；解雇；把…送到远处
"
send for,"na. 派人去叫[请]；遣人去拿；乞求
"
send in,"na. 拿出；提出；递(名片)；送
"
set a good example, 树立榜样；树立好榜样；树立好的榜样
set about,"na. 动手；开始；下手；着手
"
set apart,"na. 分开；分离；留出(充当别用)
"
set aside,"na. 搁置；拨出；驳回
"
set back,"na. 阻碍；延迟；〈非正式〉花费
"
set down,"na. 记入；登记；定；设
"
set free,"na. 释放；【化】使游离
"
set foot in,"na. 进入；“set foot on/in”的变体
"
set in,"na. 固定；停当；涨潮；进来
"
set one's heart on,"un. 使得…垂头丧气；热衷；下定决心
"
set out,"n. 开始；出发；动身；准备
"
set the pace,"na. (给…)作步调示范；定出速率；树立榜样；领先
"
settle down,"na. 定居；成家；移居；平静下来
"
settle for,"na. 满足于
"
settle in,"na. 定居；殖民；搬入(新住所)；使某人搬进(新住所)
"
settle into,"un. 安置安置；陷入
"
settle on,"na. 决定；选定；授与；赠与(财产,遗产等)
"
settle upon,"na. 决定；选定；授与；赠与(财产,遗产等)"
settle up,"na. 决定；解决；支付
"
sew up,"na. 缝拢；缝合；把…缝入；缝进
"
shade in, 渐渐调和；渐变
shade into, 逐渐变为；渐渐变为
shake down, <美，口>彻底搜查; 勒索; 使因摇晃而下落; <英，非正> 适应新的生活环境[新的工作]
shake off,"na. 抛弃(坏习惯)；摆脱(坏朋友)；推开；拆开
"
shed light on sth.,"na. 阐明；解释；将…弄明白；照亮
"
show off,"na. 卖弄；〈贬〉自以为是；趾高气扬；炫耀
"
shut in,"na. 监禁；围住；遮住；迫近
"
shut off,"na. 阻断；使隔开
"
shut out,"na. 不让进来；遮得看不见；【棒球】不让得分
"
shut up,"na. 关住；监禁；密封；停止
"
side by side,"na. 并排着
"
sign in,"v. 签到；登记；当你归还某项借出的物品时；在名单上签字以获得入场资格
"
sign on,"na. 签字聘用[就聘]；签字承认；作工作记录
"
sign up,"na. 同“sign”
"
single out,"v. 挑选出；精选出
"
sink in,"un. 晕倒；西斜；渗入；打进心坎
"
sit around, 无所事事；坐着没事干；闲坐
sit back,"na. 松劲休息；不活动
"
sit out,"na. “sit through”的变体
"
sit through,"v. 耐心听完
"
sit up,"na. 【体】仰卧起坐
"
size up,"na. 够标准；估量；〔口语〕品评
"
sketch out,"v. 拟订出
"
sleep through, 未被吵醒；睡过了；惊醒
slip up,"na. 滑一跤；〔美国〕弄错；失败
"
slow down,"na. 闲下来；减缓；放慢速度；减速
"
slow up,"na. 减缓；“slow down”的变体
"
smooth over,"na. “smooth away”的变体
"
snap at,"v. 骂
"
snap out of,"un. 怒气冲冲；震飞
"
snap up,"na. 咬住；突然插嘴
"
so far,"na. 就是那么些；到现在为止；到目前(此地)为止；就此范围来说
"
soak up,"v. 吸取
"
something of,"na. 在某种意义(或程度)上
"
sooner or later,"na. 迟早；早晚
"
sound ... out,"v. 试探；打听
"
spark off,"v. 引爆
"
speak for,"na. 代表…讲话；订购；要求得到
"
speak highly of,"na. 称赞；赞扬
"
speak out,"na. 大声讲；老老实实讲
"
speak up,"na. “speak out”的变体
"
specialize in,"v. 专攻；专门研究
"
speed up,"na. 加快(机器等的)速度；使加紧做
"
spell out,"na. 详细说明；【印】正式拼写
"
spin out,"na. 拖延；使(钱等)勉强再维持一段时间；磨度过；使汽车作回形滑行
"
spit out,"na. 同“spit”
"
split up,"na. (使)分裂；〔美俚〕吵架；同“split”
"
spread out,"na. 张开；铺开；扩张；同“spread”
"
stand for,"na. 〈口〉忍耐；忍受；主张；拥护
"
stand in for, 取而代之；替代；作…的替身
stand out,"na. 突出；显著；不参加战争；抵抗到底
"
stand up for,"na. 拥护
"
stand up to,"na. 抵抗；反抗；反对；经得起
"
start off,"na. 动身
"
start on,"un. 开场；开拓
"
start out,"na. 跳出；开始；〔俚语〕企图
"
stay put,"na. 安装牢固
"
steam up,"na. (玻璃)蒙上蒸汽而模糊；制造蒸汽；〈口〉拿出精神；鼓励
"
steer clear of,"na. 机灵地脱身
"
stem from,"v. 出于；基于
"
stick to,"na. 忠于
"
stick with, 坚持；继续支持；坚持做
straight away,"adv. 马上
"
straight off,"na. 立刻；“right/straight off”的变体
"
straighten out,v. 改正，清理，澄清; （ 使） 变直; 帮人（或自行）解决问题; （使某人）重回正轨; 解决问题（或困难）
stream into,无
submit to,"un. 使某人忍受某事:
"
substitute for,"v. 取代；替代
"
stuff with,"v. 填入
"
swear by,"na. “swear before”的变体
"
swear in,"na. 使宣誓就职
"
switch off,"na. 不收听(某一广播)
"
switch on,"v. 打开；接通；参见
"
take a chance,"na. 冒险一试
"
take a fancy to,"na. 爱好
"
take a stand,"na. 困守(城池等)；立定脚跟
"
take account of,"na. 考虑
"
take advantage of,"na. 乘；利用；欺骗；引诱(女人)
"
take after,"na. 尾随；仿效；像
"
take cover,"na. 躲避；利用[凭]掩护物；隐蔽
"
take effect,"na. 有效验；生效
"
take exception to,"na. 对…提出异议
"
take an interest in ...,"na. 对…感兴趣
"
have an interest in ...,"v. 对…有兴趣
"
feel an interest in ...,无
take an interest in ...,"na. 对…感兴趣
"
take no interest in ...,"un. 对…感兴趣；对…毫不感兴趣
"
have no interest in ...,对…不[不太]感兴趣
feel no interest in ...,对…不[不太]感兴趣
take no interest in ...,"un. 对…感兴趣；对…毫不感兴趣
"
take into account,"na. 考虑
"
take ... into account,"na. 考虑
"
take into consideration,"v. 顾及
"
take sth. into one's confidence,向…吐露心事; 以…为心腹
take it easy,"na. “take things easy”的变体
"
take on,"na. 担任(工作等)；较量；装(某种样子)；呈现(形势)
"
take one's breath away, 令人咋舌；大为惊讶；目瞪口呆
take over,"na. 接管；继承
"
take the blame,"na. 背过；受责难
"
take ... to heart,"v. 非常关心
"
take up,"na. 拿起；举起；拾起；给搭(火车等)
"
tear down,"na. 拆毁；扯下；猛冲
"
tear up,"na. 撕碎；连根拔起；扰乱；跑上
"
tell sth. apart,"na. 辨别
"
tell sb. apart,"na. 辨别
"
tender for, 出某种面值的钱买；投票做某事
thanks to,"v. 感谢；幸亏；多亏
"
think back to, 回想；回想过去；回忆起
think better of,"na. 经考虑后决定不做(某事)；对…有较高评价
"
think through,"na. 仔细考虑；全面考虑
"
throw away,"na. 抛弃；浪费；拒绝(劝告)；失去(机会)
"
throw light on,"na. 弄明白
"
throw light upon, 阐明，使…清楚
throw a light on,"vt.帮助说明,阐明"
throw a light upon,"vt.阐明,有助于说明"
throw off,"na. 摆脱(习惯,拘束等)；抛弃；脱掉(衣服)；甩掉
"
throw up,"na. 呕吐；抛上；急造；丢弃
"
thumb through,"na. 翻查一过
"
tire out,"na. 使疲倦到极度
"
to a certain extent,"na. “to a certain degree”的变体
"
to begin with,"na. 首先；本来〔插入语〕
"
to date,"na. 至今
"
to death,"na. 到极点
"
to excess,"na. (吸烟)过度
"
to start with,"na. 首先
"
to the best of one's ability,"na. 竭力
"
to the contrary,"na. 反对地
"
tone up,"na. 提高；变强；同“tone”
"
touch on,"na. 说到
"
touch upon,"与...有关, 涉及..., 提到..., 提及, 谈及"
trace back to,"v. 追溯
"
trail away, 散去; （声音）逐渐变弱
trail off,"na. (声音)逐渐消失；“trail away”的变体
"
turn a deaf ear,"un. 回心转意；置之不理
"
turn away,"v. 转变方向
"
turn down,"na. 翻下(衣领等)；扭小(灯火等)拒绝考虑；拒绝(某人)
"
turn one's back on,"na. 不理睬；丢弃；逃出
"
turn out,v. （以某种方式）发生；最后是；结果是 （尤指天气突然）变得（晴好） 原来是；结果发现 出席;参加;前去观看关掉，熄灭（电灯、煤气等） 出席;参加;前去观看生产；制造 （尤指把某人从其长期居住处）撵走，赶出，逐出 翻出；倒出 出席；参加；前去观看
turn over,"na. ￡ 500 a week 每星期卖得五百镑
"
turn the corner,"na. 转弯；度过危机；情形好转；拐过街角
"
turn to,"v. 向(某人)求助；求助于
"
under any circumstances,"un. 不管怎样；无论如何
"
under no circumstances,"na. 无论如何不
"
up to,"na. 干(着)；到；胜任；…的责任
"
vary from,"v. 不同于；不等于
"
wait on,"v. 等着
"
wear out,"na. 精疲力尽；用坏；穿破；磨破
"
weigh down,"na. 使负重担；压迫
"
what if,"v. 应如何
"
wind up,结束；使紧张；卷起；（非正式）忽悠某人（wind sb up）；上紧(钟、表等的)发条
with regard to,"na. 关于；对于；为了答复；“in/with regard to”的变体
"
in regard to,"na. “in regard of”的变体
"
with respect to,"na. 〈正式〉考虑到
"
without prejudice,"na. 无偏见；【法】不违背；不使(合法权利等)受损害
"
without prejudice to, 不损害；在不影响…的情况下；在不损害合法权利的前提下
word for word,"adv. 逐字翻译
"
work off,"v. 渐渐消除
"
wrap up,包裹；圆满完成；（使）穿得暖和（wrap somebody/yourself up）；注意力完全集中于……
a range of,"det. 一大片；一排
"
access to, 接近；进入；通向…的入口
accuse sb. of doing sth.,无
adapt oneself to,"na. 适应(环境)
"
all night long,"na. 整夜；一夜
"
all over,"adj. 满
n. 全花织物
"
amuse sb. by doing sth.,无
apply to,"v. 应用于
"
argue with,"un. 争论
"
arrange for,"na. 约(会面时间)
"
attach to,"v. 连接在…上；归于
"
attitude toward, 对…的态度；意见；对于···的态度
attitude towards,"un. 对…态度
"
attract attention,"na. 惹眼
"
attract one's attention,无
balance between A and B,无
be absorbed in,"na. 全神贯注在…；热衷于
"
be accused of, 被指控；被指责，谴责；被控诉，控告
be advisable to,无
be annoyed with sb.,"v. 因…烦恼
"
be applicable to,"v. 适用于；能应用
"
be away from, 远离；离开；从……离开
be aware of,"na. 知道
"
be beneficial to,"v. 有益于
"
be bound to,"v. 一定要；决心
"
be certain of,"v. 确信；深信
"
be characterized by,"na. 有…的(显著)特点
"
be conscious of,"na. 意识到
"
be content with,"na. 以…为满足
"
be designed to, 被设计用于做；目的是；被设计作
be doubtful about,对…感到怀疑
be enthusiastic about, 热衷于；对…热情；对……怀着热情
be envious of,"v. 嫉妒
"
be essential to,"v. 对…必不可少
"
be essential for, 对……至关重要；对……很必要；对…很重要
be inferior to, 劣于；不如；低于
be in the mood, 想要做某事；在状态；有心情
be not in the mood,无
be in the mood for sth.,"vt.想,有意"
be not in the mood for sth.,无
be in the mood to do sth.,无
be not in the mood to do sth.,无
be involved in,"na. 被包入；被卷入漩涡
"
be keen to do sth.,想做
be loyal to,"v. 忠实于
"
be meant to, 有意要；应该是；打算
be opposed to,"v. 反对；与…相对
"
be popular with sb.,"na. 受…欢迎
"
be relevant to,"v. 有关
"
be reluctant to, 不愿意；不情愿；不愿做…的
be remarkable for, 以…而著称；在某方面显著；很突出
be responsible for,"v. 负责；担负
"
be skeptical about,无
be stuck with, 无法摆脱；遇到困难无法进行下去；解脱不了
be suitable for,"v. 合适
"
be supposed to,"na. …(在职务上)要；〈口〉不许
"
be sure of,"na. 确信
"
be to blame,"na. 该负责
"
begin with,"na. 从…开始
"
benefit from,"v. 从…得到好处
"
beyond expression,"na. 形容不出；无法表达
"
by design,"un. 设计；有意的
"
chase after,"v. 追逐
"
claim for,"v. 要求
"
combine with,"na. 和…结合；与…化合
"
come on to, 吃豆腐；对……轻薄；献殷勤
command of, 掌握；对…精通；国家需要更多精通英语的人
commit suicide,"na. 自杀；自尽
"
communicate with,"v. 联络
"
compete against,"v. 竞争
"
compete with,"v. 竞争
"
compete in,"v. 竞争
"
compose oneself to do sth.,无
concentrate on,"na. 集中在；专心于
"
concentrate on sth.,"na. 集中在；专心于
"
concentrate on doing sth.,无
conclude from, 相信某事物；从··推断出；从···中得出结论
conclude ... with ...,"v. 结束
"
confess to sth.,"v. 承认
"
confess to doing sth.,无
convert to,"na. 使(某人)改信(某教,尤指改信基督教)
"
convince sb. of,"na. 使(人)承认
"
cooperate with sb.,"un. 协作；合作
"
cooperate with sb. in doing sth.,无
credit card,"n. 【经】信用卡
"
cut away,"na. 切开；乱砍；逃走
"
devote oneself to,"na. 专心从事(研究)；一味贪玩
"
discourage sb. from doing,无
distinguish ... from ..., 区别；区分；识别，辨别，辨认
distract from, 分散；转移；使人分心
dozens of,"adj. 许多
"
draw away,"na. 拉走；离开；拔出；(赛马,赛跑等)跑到前头
"
drive out,"v. 逐出；乘车出去
"
economic recession,"un. 经济衰退
"
elaborate on,"v. 详细说明
"
be opposed to,"v. 反对；与…相对
"
equip with,"v. 装备
"
even so,"na. 即使如此；确是那样；〈古〉正是那样
"
exist in,"na. 存在于…中
"
fail to,"v. 未能；使…失望
"
fall into,"na. 开始；分解(成几部分)；陷入(网等)中；变成
"
fight for,"v. 争取
"
fit into, （使）适合， （使）合乎…的时间[空间]，与…融为一体; 纳入
for an instant,"na. 一瞬间
"
for the purpose of,"na. 为…
"
free of charge,"na. 免费
"
frighten away,"v. 吓走
"
gather up,"na. 收集；总括(事件)；蜷缩(手,脚等)；集中力量
"
get into the habit of,"na. 养成某种习惯
"
get out of,"na. 逐渐放弃(恶习)；避免；由…出来；拔出
"
a glimpse at,无
go back to,"v. 追溯到
"
go on strike,"na. 实行罢工
"
hand round,"na. 顺次传递；分交；传递给每一个人
"
have access to,"na. 得接近；得会见；得进入
"
have an acquaintance with sb.,"vt.了解,认识,熟悉"
have an advantage over,"na. 胜过
"
have an effect on,"na. 对…有影响
"
have an insight into sth.,"v. 看透
"
give an insight into sth.,vt.深入地了解
have confidence in,"信任,信赖 in confidence 秘密地,私下,暗中"
have faith in,"na. 相信
"
have no idea,"un. 心中有数；对…一无所知；感到茫无头绪；不想
"
have trouble with,"v. 同某人发生纠纷
"
hold to,"na. “Hold fast”的变体
"
hold true,"na. “Hold good”的变体
"
impress with,"v. 深深打动
"
impress sb. with,"v. 深深打动
"
in an instant,"na. 立刻
"
in hot water, In hot water的意思并不是“在热水中”，它的确切意思是指某人或某些人遇到非常麻烦的问题了。
inform sb. of,"v. 通知关于
"
inform sb. about, 将…告知（某人）
in that,"na. 因为；以…的理由
"
in the form of,"na. 用…的形式
"
in the process of,"na. 在…的过程中
"
in the shape of,"na. 以…的形状；呈…的形状；以…的形式；作为…
"
in this way,"na. 用这个办法
"
infer from,"v. 推断
"
influence on ..., 影响；对…的影响；对…有影响
influence with ...,无
influence upon ...,无
inspire sb. with sth., 激励；以……激励
inspire sth. in sb.,"v. 鼓吹
"
interpret ... as ..., 把……理解为；解释为
isolate ... from ..., 使隔离；使孤立；分开隔离
be isolated from ..., 绝缘；自…被分离出来
just as,"na. 正像；正在…的时候
"
keep a record of,"un. 公开(提倡)；把…记下来
"
keep one's distance,"na. 避开
"
kill two birds with one stone,"na. 一举两得；一石两鸟
"
lag behind,"na. 落后
"
lay the foundation for,"na. 给…打下基础
"
lock away,"na. 锁起来
"
lose one's nerve, 没勇气；丧失理智；紧张
make a bargain with,"和……讨价还价
与......达成协议"
make a fortune,"na. 发财
"
make a mess of,"na. 把…弄糟[弄坏]
"
make a profit, 获利；赚钱；赚取利润
make an appointment,"n. 【医】预约
"
make mention of,"na. 写到
"
make one's acquaintance of sb.,无
make sense of,"na. 了解[弄懂]…的意义
"
measure up to,"na. 达到(希望等)
"
mistake sb. for sb.,"v. 把…错认
"
no more than,"na. 不过是；仅仅
"
note down,"un. 记录
"
on one's own behalf,无
on the edge of,"na. 快要
"
on the instant,"na. 立即；即刻
"
optional course,"un. 选修课
"
pass down,"un. 过；一闪即逝；下达
"
pay for,"na. 付开销；赔偿(损失)；(为某种过失)付出代价；吃亏
"
peer at, 凝视；仔细看；眯眼看
persist for,无
pile up,"na. 堆积；积聚；(汽车等)挤在一起；(使)(船)搁浅
"
plunge into,"v. 投入；跳进
"
polish up,"na. 完成；〔口语〕改善；同“polish”
"
pop up,"v. 突然出现
"
pour down,"v. 倾注；奔流而下
"
pour into, 不断地[大量地]流进[涌进]; 注入; 灌注; 倾注
praise for, 称赞；因…表扬某人；因某事称赞某人
prohibit from,"v. 禁止
"
propose to do, 打算；打算做某事；建议做
propose to doing,无
protect against,"un. 防止；陪伴
"
provide with,"v. 供给；供应
"
push up,"v. 提高；强使(物价等)上升
n. 【体】俯卧撑
"
put down,"na. 平定；贬低(的话)；(飞机的)降落
"
put forward,"na. 提出(计划,意见等)；建议；促进；推举(候补人等)
"
put right,"na. 改正；修理；矫正；订正
"
qualify for, 有…资格；使具有…的资格；有资格充任
queue for,无
queue up for, 为……而排队等候；排队等待
read through,"na. (从头到尾)读完
"
register with, 挂的号；注册码；登记
relate with,把…同…联系起来 connect sth in thought or meaning
require of,"v. 需要
"
root in, 扎根于；来源于；起因于
run a fever,"na. 发烧；“run a temperature/fever”的变体
"
rush off, 匆忙走掉；冲出；匆忙离开
save on, 节省；节约；节省，节约
see eye to eye,"na. 看法一致
"
sense of responsibility, 责任感；责任心；责任意识
shake one's belief,无
show respect for, 对…表示尊重；尊敬；尊敬某人
speak well of,"na. 称赞；“speak well for/of”的变体
"
stake ... on,"stake on
把(钱等)押在…上，用…打赌：
I would stake all my money on the chess with you.
我可以用我所有的钱跟你赌这盘棋。
冒…的风险去做(某事)；以…担保：
If you had taken my advice,you wouldn't have made such a bad mistake. I can stake my life on that.
如果你听了我的劝告，你就不会犯下这样的大错了，事情绝对是这样。"
stay up,"na. 不去睡觉；不沉
"
step out,"na. 下(车)；走出屋外；放大脚步；辞职
"
strive for,"v. 争取；奋发图强；收下
"
suffer from, 患（某种病），受（某种病痛）折磨; 因…而受罚[苦，损]; 闹; 罹
take in,"na. 加以考虑；〔美国〕访问；收进；收容
"
take occasion to,"na. 乘机…
"
tend to,"v. 倾向于；有助于
"
the ability for sth.,无
the ability in doing sth.,无
the ability to do sth.,无
tidy up,"v. 整理干净
"
to some extent,"na. 在某种程度上
"
twist one's ankle,无
under discussion,"un. 正在讨论中
"
warn sb. of,"na. 警告(某人)有危险
"
with the exception of,"na. 除…外
"
a multitude of,"na. 许多
"
account for,"na. 证明；由于；说明(银钱等的)用途；打死
"
acquaint with,告诉，告知，通知；使知道，使认识，使了解；使熟悉；使相识，与…结识，介绍
act on,"na. “Act upon”的变体
"
adhere to,"v. 坚持；依附
"
all at once,"na. 忽然；突然
"
amount to,"v. 合计
"
appeal to ... for, 求助于
apply for,"v. 寻求；申请
"
approach to,"v. 接近；近似于
"
argue against,"na. 反对…
"
ascribe to,"v. 把…归于
"
ask around,"v. 到处问问
"
assert oneself,"na. 坚持自己的权利；表现自己
"
associate ... with,"v. 与…联系
"
at a premium,"na. (股票)以超过票面以上的价格；〔比喻〕非常需要
"
at every turn,"na. 在每一个关键时刻；在每一个角落；到处；老是
"
at length,"na. 最后；充分地
"
at risk,"un. 担风险
"
attend to,"na. 照料(工作)
"
at the time of ..., 在……的时候；在…的时间；之际
at the time that ...,prep.在...时候
at will,"na. 任意；随意
"
at the outset,"na. 在开头时
"
from the outset,"na. 从一开始
"
attach importance to,"na. 重视；把重点放在
"
attract attention,"na. 惹眼
"
available for, 可用于；适用范围；适用于某物
back and forth,"na. 来回地
"
back out,"na. 打退堂鼓；食言；退出；后退
"
bear up,"na. 支持；咬紧牙关坚持；【航】驶向下风
"
be abundant in,丰富的，富裕的
be adapted to,"v. 适合于；适应
"
be addicted to,"na. 嗜好
"
be adequate for,适合
be at issue, 在争论中，不和的；待裁决的；成为讨论的焦点
be beyond question,"vi.毫无疑问,无可争辩"
be beyond all question,无
be blind to,"na. 不明
"
be bound to,"v. 一定要；决心
"
be cautious about,无
be comparable with,"v. 可比于
"
be comparable to, 比得上；和…相当；犹如
be composed of ...,"na. 由…组成
"
be critical of, 批评的；爱挑毛病的；对……持批评态度
be deficient in,缺乏，欠缺…，在…方面有所不足
be dissatisfied with,"na. 不满于
"
be doomed to, 注定；注定要；注定注定要
be exclusive of,"除去,不包括…"
be familiar to,"v. 熟悉
"
be fit to, 适合
be immune to,"对...有免疫力, 可避免..., 不受...的影响"
be implicit in,无
be in danger, 处于危险之中；处于危险中；处于危险当中
be in danger of,"na. 有…危险
"
be in embryo,无
be in place, 在适当的地位；在位；合适
be in one's shoes,无
be inclined to,"v. 倾向于；想要
"
be indicative of, 表明；暗示；表示
be instrumental in, 在某方面起到关键作用；在某方面起作用
be intent on,"v. 对…一心一意
"
be irrespective of,无
be isolated from, 绝缘；自…被分离出来
be nervous about,无
be off the track,无
be on the alert, 警惕；戒备；注意
be open to,"na. 易受；易接受；对…开着门
"
be optimistic about, 对……乐观；对…很乐观；对于…感到乐观
be prone to,"v. 易于…的
"
be reluctant to, 不愿意；不情愿；不愿做…的
be sensitive to,"na. 对…敏感
"
be stuck in, 陷入；陷进；陷于
be susceptible to,"na. 对…敏感
"
be stuck in, 陷入；陷进；陷于
be susceptible to,"na. 对…敏感
"
be suspicious of,"v. 怀疑
"
be tolerant of,"na. 对…能容忍
"
be unaware of, 不知道；没有意识到；没意识到
be unfamiliar with, 不熟悉；对…不了解或不熟悉
be weary of, 对…感到厌倦；厌烦；厌烦的
be worthy of, 值得；配得上；对得起
behave oneself, 规规矩矩；守规矩；有礼貌
beyond description,"na. “beyond expression”的变体
"
blame sb. for sth., 因……责备；责怪；因…怪罪
break away from,"v. 脱离；离开；断绝与…的关系
"
break up,"v. 拆散；打碎；剖割(兽体等)；破坏
"
brim over,"un. 溢出
"
brim over with,"na. (精神等)饱满；(才华等)横溢；漫出
"
brood on,"un. 郁闷地沉思
"
brood over,"na. 俯视；笼罩
"
brood about,"vt.苦思,沉思"
build up,"na. 同“build”；建立；复兴；【军】集结(部队)
"
but for,"na. 要不是；除…而外
"
buzz around," <俚>匆忙而紧张地行动, 乱哄哄地跑来跑去"
buzz about, 跑来跑去；闹哄哄地跑来跑去；匆忙而紧张地行动
by the name of,"na. 名叫…的
"
by analogy,"na. 照此类推
"
by heart, 牢记；凭记忆；熟记
by means of,"na. 以
"
by nature,"na. 生就；从本性上说
"
by reason of,"na. 凭…的理由
"
by the same token,"adv. 举证
"
by virtue of,"na. 靠
"
call about, 为调查…而访问；找…谈某事
carve out, 雕刻出…; 用辛勤的劳动创造出…; 剜
carve up, 把（某物）切成块; <贬><非正>瓜分[划分]（某物）; 脔割
cast light on, 映照；阐明；使明白
cast light upon,阐明;使人理解某事;使某事更为清楚 [亦作 shed (或 throw a flood of) light on (或 upon)]
check with,"na. 与…相符合
"
clamp down,"v. 严厉打击；强制执行；严禁；施压
"
clamp down on, 压制，取缔
clean up,"na. 收拾干净；【机械工程】改正；〔俚语〕赚厚利
"
cling to,"v. 依附；坚持
"
coincide with,"v. 与…一致
"
collide with,"v. 碰撞
"
come apart,"na. (精神)错乱；分开了
"
come away,"na. 脱掉
"
come away from, 某物脱离了另外一个物体；空手而回
come between,"na. 介入…之间；离间
"
come by,"na. 到手；通过附近；〔美俚〕拜访
"
come down,"na. 败落；退步；(飞机的)下降
"
come in contact with,"na. 和…接触[冲突]；碰见
"
come in for,"na. 来取；接受；受到(处分等)
"
come into existence,"na. 产生；成立
"
come off,"na. 同“come across”；(人)走了；(扣子,齿,发)脱落
"
come out with,"na. 发表；讲出；泄露(秘密)；展出
"
come over,"na. 渡过来；(从敌方)过来；变挂；〔口语〕欺骗
"
come to grief,"na. 失败；受伤；受欺负；出毛病
"
come to one's senses,"na. 恢复理性；恢复知觉；苏醒过来；醒悟过来
"
come up against,"na. 遭到(反对)；与…矛盾
"
come up with,"na. 想出(一个主意或计划)；提出；提供；筹措
"
comply with,"v. 遵守
"
conceive of,"na. 想出(计划)
"
confer on,"un. 授给
"
confide in,"v. 信任；吐露秘密
"
conform to,"na. 遵照；顺应；遵守
"
conform with,"v. 符合
"
cook up,"v. 伪造
"
cool off,"na. 变凉；使…冷静；(销量,价钱等)下降
"
cope with,"v. 对付；应付
"
correlate to, 使相互关联；相关；与…相互关联
correlate with, 找出一一对应的关系；与…相关；使相互关联
cover up,"na. 包庇(某人)；为某人打掩护；蒙盖；隐蔽
"
crash down,"v. 下坠
"
crash into,"v. 撞入
"
contribute to,"na. 捐助；给…投稿；捐(款)给；投寄(一篇论文)给(某杂志)
"
count on,"na. 指望；预料到；期望
"
cut into,"na. 插入话头；多嘴；打断(话头)突然加入
"
cut short,"na. 打断(讲话)；使停止；缩减；从简
"
dash off,"na. 飞出；急忙离开；一气写成[写完](文章等)
"
date back to,"na. 回溯至
"
dedicate to,"v. 献给
"
defend ... from,"na. 抵抗；否认
"
deprive of,"un. 剥夺
"
descend from,"na. 是…的后裔
"
descend on,"na. 袭击；突然访问
"
descend to,"v. 降低身份；屈就；沦落
"
detach from,"v. 分离自
"
deviate from,"v. 越轨；违背
"
die from,"na. 因伤致死
"
die out,"na. 死绝
"
dig down,"na. 挖倒；掏腰包
"
differentiate between,"un. 区分
"
disapprove of,"v. 不赞成
"
discriminate against,"na. 歧视
"
discriminate between,"v. 区别于
"
dispense with,"na. 省；免除；没有也行；豁免
"
dispose of,"na. 安排；解决；办妥；杀掉
"
do a bunk, <俚>逃之夭夭，溜之大吉
doze off,"v. 打瞌睡
"
drag on,"na. 迁延；使拖延；拉长(声调等)；挨过
"
drag out,"na. “drag on”的变体
"
draw attention to sth.,"un. 促使…注意
"
draw one's attention to sth.,无
drive away,"v. 赶走
"
drop in,"(使)落进；(使)往里坍塌：
偶然(或顺便)走访(或访问)(on)；逐渐进入：
[口语](有选择地)加入；愿意(或决心)参加：
【戏剧】放下(吊幕)，吊装布景："
drown out,"na. (洪水)把(人)赶跑；把(另一声音)压倒[淹没,盖住]
"
dry out, （使）变干， （使）干涸; <非正>（使）戒（酒、毒等）; 晾干
dwell on,"na. 细想详述仔细研究强调；拖长(发音)仔细打量；减慢
"
dwell upon,"na. 细想详述仔细研究强调；盯着看；减慢
"
earn a living, 谋生；谋生或维持生活；赚钱谋生
eat up,"na. 吃完；消耗；沉迷于；很快走完(距离)
"
ebb and flow,"na. 消长；潮涨退；盛衰
"
endow with,"v. 捐助；赋予
"
enroll in,"v. 登记
"
enroll on,无
err on the side of, 宁失之；在…做过了头；过分表现
exempt from,"v. 使…免除
"
fall off,"na. 下降；(从马上)掉下来；扫兴颓丧；离开
"
fall prey to, 被困：陷入困境，有遭受迫害、毁灭或侵袭的危险
fall short of,"na. “come short”的变体；“fall short”的变体
"
fall on,"na. 开始(行动)；袭击；适逢；忽然看出来
"
fall upon,"na. 开始(行动)；进攻；(节日)正当；忽然看出来
"
feed back,"adj. 【电】反馈的
"
feel the pinch, 感到手头拮据；会说手头拮据；感到经济拮据
fetch up,"na. 【航】到达；拿出；引起；收回
"
fight down,"na. 打败
"
fight off, 在战斗[自卫]中击败（某人）; 竭力摆脱[驱走，阻止，回避…]; 辟
file for, 申请；提起诉讼；提出申请
finish off,"na. 同“finish”；完成；用完；吃完
"
finish up,"na. 完成；吃光；用尽；同“finish”
"
fit as a fiddle, 非常健康；身体很健康；如此健康
flatter oneself,"un. 自以为
"
flick through,"un. 浏览
"
foul up,"na. 搞坏；同“foul”
"
free from,"na. 无…的
"
from scratch,"adj. 从零开始的；白手起家的
"
gain momentum, 势头增大；深入发展；发展加快
gather momentum, 不断兴起
gamble away,"na. 乱花；赌输掉
"
get at,"na. 抓住；了解；到达；拿得到
"
get away,"na. 逃脱；出发；把…送出
"
get into,"na. 进入；穿上；成癖；陷于
"
get the best of,"na. 获胜；胜过
"
have the best of, 胜过；从……中得到大好处；从……中占了大便宜
give rein to,"na. 让马自由走；使…自由发挥；给…自由
"
give free rein to,对…放任；使…自由发挥；放纵；不加约束；放松缰绳，让马自由行走
give away,"na. 赠送；分发；放弃；露马脚
"
give priority to,"na. 把优先权让给…
"
give shape to,"na. 给与一定的形状；弄成一个样子；使…成形；修整
"
give vent to,"na. 发泄
"
glare at,"v. 怒目而视
"
gleam with,表露某种情感
go ahead,"na. 取得进展
"
go downhill, 每况愈下; 走下坡路; 恶化; 衰落
go in,"na. 进入；放得进；参加；(纸牌赌博中)开价
"
go into action,"na. 开始行动；投入战斗
"
go off,"na. 进行得 (well； badly)；(话等)冒出
"
go through with,"v. 完成；做到底
"
go to extremes,"na. 走极端
"
go to pieces,"na. “fall to pieces”的变体
"
go with,"na. 同…一致；跟…谈恋爱；带有；领会
"
grieve for, 哀悼；缅怀；感到痛苦
grieve over,"v. 追念
"
grope for,"v. 摸索；探索
"
grope around,= grope about
hang around,"na. 在附近徘徊；踌躇不前
"
harmonize with,"vt.符合于,与...相称"
hate one's guts,对one恨之入骨
have a bearing on,"na. 关系到
"
have one's hands full,"na. 手头事很多
"
here and there,"na. 到处；零零落落
"
hinge on,"v. 随…而定；依赖
"
hinge upon,"v. 随…而定；依赖
"
hold in check,na. 阻止；制止
hold sth. in check,na. 阻止；制止
hold in contempt, 轻视，认为…不屑一顾; 不齿; 瞧不起; 看不上眼
hold sb. to ransom,无
hunt down,"na. 四处搜捕；穷追到底；搜寻；寻找
"
hush up,"na. 掩盖
"
I dare say,"na. 大概；我想；我看(大概)
"
idle around,虚度时光; 在…附近闲逛
interfere with,干扰，干涉；妨碍；触动或弄坏；乱动；与……抵触
immerse in,将…浸在(水中); 使(自己)专心于〔沉浸于〕…
in a sense,"na. 在某种意义上；有一点儿
"
in abundance,"adv. 充足
"
in accord with,"un. 符合；与…和谐；一致；与…观点一致
"
in accordance with,"na. 照；与…一致
"
in agreement with,"na. 符合…照…
"
in all probability,"na. 大概
"
in and out,"na. 迂曲；忽隐忽现
"
in any way,"adv. 完全是
"
in black and white,"na. 白纸黑字；书面的
"
in bulk,"na. 大批；不加包装
"
in collaboration with,"na. 与…合作[合著,合编]；与…勾结
"
in confidence,"na. 秘密地
"
in default of,"na. 因无…
"
in essence,"na. 本质上；大体上
"
in hot pursuit,"na. 紧追；穷追
"
in need of,"adj. 需要
"
in operation,"na. 活动着；运转着；施行着
"
in practice,"na. 事实上；在实践中；在不断练习中；练习充足
"
in pursuit of,"na. 寻求
"
in quest of,"na. 为求…
"
in response to,"na. 应…而
"
in stock,"na. 有货
"
in the short term, 从短期来说；短期内；从眼前的观点看
in the case of,"na. 论到
"
in the dark,"na. 秘密；在暗处；不知
"
in the grip of,"un. 控制自己的情绪；被捏在…里；在…控制之下；患了
"
in the main,"un. 〔交〕干线；(水电的)总干线；〔船〕主桅；就大体而言
"
in the meantime,"na. 在这期间
"
in the midst of, 在…当中，在…中间；意思是在某一进程之中；正当…的时候
in the vicinity, 在附近；在邻近；在附近地区
in the vicinity of,"na. 在…附近；靠近…的；在…上下；在…左右
"
in the way of,"na. 妨碍；在…方面；使能于
"
in theory, 理论上；从理论上看；在理论上
in tow, 拖着；在一起；陪伴着
in transit,"na. 运输中
"
in vogue,"adv. 时髦；正在流行
"
in the circumstances,"na. 远不及
"
under the circumstances,"na. 在这种情形下
"
indulge in,"v. 沉迷于
"
inflict on,"un. 遭受
"
inflict upon,使…受痛苦;给…以(打击、惩罚)
inherent in,"adj. 固有
"
invest in,"v. 投资到
"
junk mail,"n. 垃圾邮件
"
keep off,"na. 不让接近；不接近
"
keep one's promise,"na. 遵守诺言；守约
"
keep track of,"na. 追踪；记录；保持联系；密切注意…的动向
"
keep up to date, 使跟上时代；跟上潮流；与时并进
keep ... in mind,"na. 记在心里；记住；注意
"
know about,"v. 知道
"
lash out,"na. 痛批；斥责；痛打；突然袭击
"
lash out at,"v. 痛打；狠踢
"
laugh off,"v. 对…一笑置之
"
lay claim to,"na. 要求(…是自己的)；自以为是
"
lay out,"n. 布局；设计；规划；安排
"
lay stress on,"na. 强调
"
leaf through, 迅速翻阅；匆匆翻阅；快速翻阅
let out,"na. 放宽；打；放出；泄漏
"
let down,"na. 使失望；放下；丢面子
"
life span,"n. 寿命
"
linger on,"na. 同“linger ”
"
live out,"na. 住在外面；活过
"
live up to,"na. 量…过日子；实行(主义等)；够得上；达到预期标准
"
log on,"un. 注册
"
look for a needle in a haystack,大海捞针
look into,"na. 窥视；调查；过问
"
look upon,"na. 像很健康；看上去漂亮；(事情)顺利
"
lose control of,"na. 失却对…的控制力
"
lose track of,"na. 忘记
"
make a contribution to,"na. 捐赠；贡献给
"
make a fool of,"na. 愚弄
"
make a mistake,"na. 犯错误
"
make an effort,"na. 努力作出
"
make an offer,"na. 提议；提供；出价
"
make contact with,"un. 与…接触
"
make do with,"na. 用(某物)设法应付
"
make one's way,"na. 前往；发迹
"
make over,"na. 让；改造
"
make peace with,"v. 和…和好
"
make way for,"v. 让路
"
mark down,"na. 记下；减价；【打猎】记清(禽兽逃往处)
"
mark up,"na. 涨价；赊账
"
mediate in,无
mediate between,在…之间调解〔调停〕
miss out,"na. 错过(机会等)；遗漏
"
mop up,"na. 揩干；吸取(利润等)；痛击；〈口〉狼吞虎咽地吃[喝]
"
move up,"na. 提上
"
mow down,"v. 杀死；扫杀
"
next to,"prep. 紧邻；在…近旁；仅次于；紧接
"
not to be sneezed at,"na. 值得考虑
"
now and then, 偶尔；时而；不时
no wonder, 难怪；怪不得；不足为奇
off the cuff,"na. 马上；即兴地；非正式地
"
on a large scale,"na. 大规模地
"
on file,"na. 合订成册
"
on impulse, 一时冲动；一时心血来潮；冲动的
on no account,"na. … on any account 决不
"
on strike,"adj. 罢工
"
on the basis of,"na. 以…为基础
"
on the run,"na. 跑着
"
on the fast track,[口语]平步青云，飞黄腾达；迅速发展的(常指有所创新)
on the threshold of,"na. 在…的开头
"
on the verge of,"na. 将近(几岁)；即将…
"
on oath,"na. 发誓
"
under oath,"na. 发誓
"
once again,"na. 一再；再一次；“once again/more”的变体
"
once in a while,偶尔；有时（等于every once in a while）
orient to, 适应；以……为方向；动物与人皆适应
orient toward,无
originate in,"v. 来源于
"
originate from,"v. 起源于；发源于
"
originate with, 伴随…而产生形成；出身；由某人发起
out of,"prep. 来自；离开
"
out of the way,"na. 向旁边；让开；迷失；误
"
overflow with,"na. 充溢
"
own up,"na. 坦白地承认；供认
"
palm off, 甩掉；用欺骗手段把…卖掉；用欺骗手段出售货物
pass away,"na. 消失；Vi. 经过；去；终止
"
pass by,"na. 经过；不过问；打…旁边过去；通用(…这个名字)
"
pass over,"na. 越过；通入；弹；过(日子)
"
pay down,"na. 付现；即时支付；(分期付款购货时)先支付部分货款
"
peel off,"na. 离队；【航空】开始离队急降[俯冲]
"
peg away at,"un. 继续做:
"
persist in,"v. 坚持
"
phase in,"na. 逐步采用
"
phase out,"na. 使逐步结束；使逐步撤出；逐步淘汰；逐部停止(活动等)
"
pick to pieces, 严厉批评，对…吹毛求疵
pull to pieces,"na. 扯碎；批评得一文不值
"
pie in the sky, 天上的馅饼；天上掉馅饼；空头支票
play down,"na. (迎合对方的意思)放低语气  减弱；轻描淡写
"
play havoc with, 陷入大混乱；搅乱；破坏
play second fiddle to, 当的副手；居次位
poke fun at,"na. 嘲弄
"
poke one's nose into,"na. 管…的闲事；干涉
"
preside at,"un. 作主席:
"
preside over,"v. 主持会议
"
presume on,〈正〉不正当地利用〔滥用〕; 指望
prey on,"v. 捕食；掠夺
"
prick up one's ears,"na. (狗)竖耳
"
prop up,"na. (把…)撑住；给…撑腰
"
pull away,"un. 绷起脸；开走；抽回；挖走
"
pull down,"na. 挣钱；压低；拆坏(房子等)；(疾病使人)衰弱
"
pull in,"na. 使后退；节省(费用)；(火车等)到站；船靠近(海岸)
"
pull off,"na. 赢得；做成某事；(在路边)停车；〈非正式〉【计】下载
"
pull together,"na. 通力合作；拼凑
"
put across,"na. 使承认；欺骗人；美满完成；堂堂开张
"
put over,"na. “put across”的变体；(船)渡过去；延期
"
put an end to,"na. 结束
"
put through,"na. 经受；测试；试验；使…通过
"
put a premium on,"na. 诱发；助长；鼓励；奖励
"
place a premium on,"na. 诱发；助长；鼓励；奖励
"
rain cats and dogs,"v. 大雨倾盆
"
raise money,"na. 筹款
"
range from A to B,无
rattle off,"un. 口若悬河；一口气讲
"
rattle on, 喋喋不休；飞奔；罗嗦
reach an agreement, 达成协议；达成一致；达成共识
recover from,"v. 恢复
"
reel off,"na. 从纺车上把线拉出；(用茧)缫(丝)；滔滔不绝地讲
"
refrain from,"na. 戒(烟)
"
register for, 注册；选课；登记参加
rein in,"na. 勒住(马)；控制
"
remind sb. of,"v. 提醒
"
reside in, 居住；存在于；居住于
result from,"v. 由于
"
revolve around,"v. 旋绕
"
ripe for, 为什么做好准备；时机成熟；准备好
run across,"na. “Come across”的变体
"
run away with,"na. 拐走；带着…逃跑；贸然接受(别人意见等)；消耗(金钱时间等)
"
run counter to,"na. 违反
"
run low,"na. 减少；消耗尽；缺乏
"
run off,"na. 逃走；流出；(火车等)出轨；越轨
"
run riot,"na. 猎狗认错猎物臭味乱跑；〔转义〕追来追去；越出常轨；放纵自己的想像
"
run to,"na. (数量等)达…；陷于(毁灭,衰亡等)
"
run up,"na. 抬高(市价等)；升(旗等)；造；增加(费用,债款等)
"
set off,"na. 分；分割；划开；区划
"
scream for, 强烈要求；为……而尖叫；为了…尖声地叫喊
see through,"na. 看穿；看透；识破；办好某事
"
seek out,"na. 找出；寻求；想获得
"
set apart,"na. 分开；分离；留出(充当别用)
"
shove off,"na. (拿篙子)把船撑开；〔美俚〕乘船离开；走掉
"
show up,"na. 显眼；揭发；嘲笑；露面
"
shrug off,"na. (耸肩)表示轻蔑[不屑]；摆脱；扭身脱掉(衣服)
"
sign up for ..., 报名参加；学生会报名；注册，选课
smooth down,"v. 烫平
"
snatch up,"v. 抢夺
"
sniff out,"na. 闻出；〈非正式〉发现
"
sober up,"un. 使清醒；使不醉:
"
sort out,vt.& vi. 把…安排妥当; （从…中）区分出来，辨别出来; 分类; 整理; 整顿; 解决
spill out,"v. 泄露出来
"
spit out,"na. 同“spit”
"
sponge off,"un. 用海绵洗涤
"
spy on,"v. 探听
"
stab in the back, 背后插刀；背后捅刀子；背后中伤
start up,"n. 创办中的公司；开机
v. 开办；发动(机器,引擎等)
adj. 新开张的
"
stay away from,"un. 退避三舍；回避；不要到…去；停止和…交往
"
stay out,"na. 不干涉；(在外头)不回家；不在家；坚持到
"
stick around,"v. 粘在旁
"
stumble across,"un. 踌躇地转着；偶然发现
"
stumble on,"un. 踌躇地转着；碰上
"
subject to,"v. 处于…中；使服从
"
submit to,"un. 使某人忍受某事:
"
subordinate to, 从属于；次要的；从属的
subscribe to,"v. 同意；赞成；订阅；定期捐款
"
sue for,"v. 诉讼要求
"
suffice it to say, 我只能说；只要……就够了；姑且一
suffice it to say that,"v. 满足…的需要
"
sum up,"na. 〈口〉概括；总结
"
summon up,"na. 鼓起(勇气等) (to do； for)
"
sting in the tail, （尤指令人不快的）意外结局
take a gamble, 冒险从事；得不赌一把；冒风险
take aback,vt. 使吃惊；惊吓
take apart,"na. 分解；拆分；剖析
"
take away,"adj. 买回去的
"
take back,"na. 退回；收回(说过的话)；承认…是错的；拿回
"
take charge of,"na. 看守
"
take down,"na. 扯下；卷起；记下；卸下
"
take in stride,淡然处之
take in one's stride,轻而易举地做某事
take notice of,"v. 注意；理会；留心
"
take office,"na. 就职
"
take out,"na. 取出；带出(散步等)；除去(污点等)；取得(专卖权等)
"
take priority over,vt.比...优先
take to,"na. 嗜好；开始；参加；逃入
"
take turns,"na. 替换
"
take a hand in,"na. 参加
"
have a hand in,"na. 干与
"
talk sb. into doing,无
take the lead,"v. 率先
"
talk sense,"na. “speak sense”的变体
"
tangle with, 争吵；纠葛；与…争吵
testify to,"v. 证明；证实
"
that sort of thing, 那一类的事情；那类事情；这一类的
tick away,"v. 滴答作响
"
tick by,过去滴答声过去
tidy up,"v. 整理干净
"
tie up,"na. 绑；系；包扎；(船只)系泊
"
time and again,"na. “time after time”的变体
"
tip off,"na. 向…透露消息，泄密；暗中通知某人；(把水等从器皿中)倒干净；使…掉下来；〈俚语〉杀死
"
to all intents,无
to all intents and purposes,"na. 无论从哪一点来看
"
to and fro,"na. 前前后后
"
to one's heart's content,"na. 尽情
"
top out,"un. 最高达；上部建筑；停止爬升；达到顶点
"
trifle with,"un. 玩弄；心不在焉地做；摆弄:；戏弄:
"
tuck away,"na. 藏起
"
tuck in,"na. 〈非正式〉大吃一顿；掖被子；塞入；折进
"
tumble to,"v. 领会；了解
"
turn a blind eye to,"na. 对…熟视无睹；假装不见
"
turn into,"v. 变成
"
up and down,"na. 忽上忽下；各处；来来去去；升降浮沉
"
vote for,"na. 赞成；〈口〉建议
"
ward off,"v. 挡开；架开
"
warm up,"na. 加热；变暖；热中起来；【运】作准备动作
"
wave aside,"na. 挥手使站开；挥手拒绝[排斥]
"
wear thin, 逐渐消失；磨薄；减弱
wear well,"na. 经用；显得年轻
"
weed out,"na. 肃清；〈美〉恣意多取(自己不该分取的利益等)
"
weigh up,"na. 称量；称出；重得使另一头翘起来
"
weigh ... against ...,"v. 影响；不利于；比…重要
"
wind up,结束；使紧张；卷起；（非正式）忽悠某人（wind sb up）；上紧(钟、表等的)发条
wink at,"na. 对…使眼色；假装没看见
"
wipe out,"na. 擦去；【无线】遮蔽；遮蔽地域；【信】封闭
"
with a vengeance,"na. 猛烈地；彻底地；过度地
"
with a view to,"prep. 为了
"
work with,"na. 打动
"
yield to,"v. 服从；屈服于；弯曲
"
a bit,"na. 有点儿〔作副词用〕
"
a great deal of,"det. 很多；重重
"
a great many,"na. 很多的
"
add up,"na. 合计；符合预期的数目
"
after all,"na. 毕竟；终究；最后
"
agree on,"na. 对…意见一致
"
aim at,"v. 目的在于
"
all kinds of,"na. 种种
"
and so on,"na. “And so forth”的变体
"
answer for,"na. 负…的责任；负责(受处分)；代(被问人)回答
"
as a result,"adv. 结果
"
as a result of,"na. (作)为…的结果
"
as soon as,"na. 一…就；见 soon 条
"
ask for,"na. 要(价)；来找
"
at best,"na. 充其量也不过
"
at first,"na. 首先
"
at least,"na. 至少
"
at once,"na. 立刻；同时
"
at the same time,"na. 同时；另一方面；与此同时
"
be about to,"na. 准备
"
be born with, 天生具有；生而具有；生就
be concerned about,"na. 关心；挂念
"
be concerned with,"na. 干与；关怀
"
be different from,"na. 和…不同
"
be eager to,"v. 渴望
"
be familiar with,"na. 精通；同…相好
"
be filled with, 充满；装满；充满着
be fond of,"v. 爱好
"
be in hospital,"na. 住院
"
be interested in,"v. 对…感兴趣
"
be late for,"v. 迟到
"
be limited to, 限于；局限于；限制在
be made up of, 由…构成；组成；由…组成
be patient with,"v. 对…耐心
"
be prepared for,"na. 准备着
"
be proud of,"na. 以…自豪
"
be ready to, 准备好；准备做某事；预备
be similar to,"na. 像
"
be strict with, 对……严格要求；对…要求严格；对某人要求严格
be tired of,"v. 厌烦；厌倦
"
be willing to,"na. 乐意进行
"
be worth doing,值得做……
because of,"na. 因
"
before long,"na. 不久；不(需很)久
"
belong to,"v. 属于；附属
"
break in,"na. 闯入；插嘴；驯(马)；训练(人)
"
bring up,"na. 抚养；教导；教育；在…长大
"
by the end of,"prep. 在…尽头
"
by the way,"na. 见 way 条
"
by way of,"na. 当做；作出…的样子；经由；以便
"
cannot help doing, 情不自禁；忍不住；禁不住做某事
call up,"na. 传；动员；打电话给；【电讯】呼唤
"
care for,"v. 照顾；关心；喜欢
"
catch one's breath,"na. 忍住呼吸；休息一下；紧张起来
"
catch up with,"v. 赶上
"
check in,"v. 〈美〉报到；(旅馆)登记
"
check out,"na. 开支票(提款)；(旅馆)付账后离开；及格；〔美俚〕死
"
clean out,"na. 扫除干净；〔俚语〕(把钱)花完
"
come after,"na. 相继；跟着…来；探寻；来取
"
come back,"na. 回来；想起来；〔口语〕复原；归
"
comment on,"v. 评论
"
complain of,"v. 抱怨；叫屈
"
complain about,"v. 埋怨
"
decide on,"na. 决心
"
decide upon,"na. 决定(采取某种行动)
"
depend on,"v. 依靠
"
die of,"na. 因…而死
"
die from,"na. 因伤致死
"
each other,"pron. 彼此
"
earn money, 赚钱；挣钱；利用爱美之心赚钱
enjoy oneself,"na. 过得快乐
"
fall asleep,"na. 入睡
"
find out,"na. 查出；发现；看清…的面目；识破
"
first of all,"na. 第一
"
for a moment,"na. 片刻
"
for instance,"na. 例如
"
for example,"na. 例如
"
get a fever,无
get on with,"na. 同“get along ”
"
get rid of,"na. 除掉；摆脱；撵走
"
give a hand,"un. 制住；帮着干一点
"
give in,"na. 让步；屈服；投降；上交
"
go abroad,"na. 出国；到外国
"
go hunting,"na. 打猎去
"
go sightseeing, 去观光；去观光旅行；出去观光
grow up,"na. 长大
"
hand in,"na. 交进
"
hand out,"na. 分；拿出来；施舍
"
have on,"v. 戏弄
"
hold one's breath,"na. 屏息
"
hurry up,"na. 催促；赶快
"
at home and abroad,"na. 在国内外
"
in a hurry,"na. 匆忙；〈口〉容易地；急于要；〔口语〕愿意地
"
in a minute,"na. 马上
"
in a moment,"na. 立刻；立即
"
in all,"na. 总计
"
in fact,"na. 事实上；总之
"
in front of,"na. 在…的前面
"
in order to,"na. 为了；从而；以便
"
in the distance,"na. 在远处；在很远的那边
"
in the end,"na. 终于
"
in time,"na. 经过一段时间以后；早晚；在恰好的时候；和…合拍
"
keep a diary,"na. 记日记
"
keep up with,"na. 不落后
"
keep in touch with,"v. 与…保持接触
"
get in touch with,"na. 和…联系
"
kill time,"v. 消磨时间
"
lack of,"v. 缺乏
"
laugh at,"na. 嘲笑；付之一笑；因…而发笑
"
lead to,"na. 通向
"
long before,"na. 很久以前；老早以前
"
look forward to,"na. 盼望
"
look out,"na. 挑选；注意；看外头；展望 (on；over)
"
lose weight,"un. 体重减轻
"
make a decision, 做出决定；做决定；作出决定
make friends, 交朋友；交友；结交朋友
make friends with,"na. 跟…做朋友
"
make fun of,"na. 嘲弄
"
make money,"na. 赚钱；发财
"
make way,"na. 进步
"
more or less,"na. 有几分；约；或多或少；一点也…
"
neither ... nor, 既不……也不；两者都不；均不
no longer,"na. 不再
"
not at all,"na. 毫无(=〔美国英语〕 You are welcome)
"
not only ... but also,"na. 不但…而且…；不仅…而且…
"
on earth,"na. 到底；在地球上；全然
"
on the other hand,"na. 从另一方面来说；在另一方面
"
on time,"na. 按时；及时
"
on vacation, 度假；在度假；在度假中
one after another,"na. 一个又一个地；陆续；相继
"
one another,"pron. 互相
"
pay attention to,"na. 注意
"
play a role in,"v. 起作用于
"
plenty of,"na. 很多的
"
prefer to,"un. 较喜欢；宁愿:
"
prevent ... from, 防止；阻止；预防
put on,"na. 假话
"
quite a few,"na. 很多；许多；相当多
"
regard as,"v. 当作
"
right away,"na. 立刻
"
run away,"na. 私奔；逃；弄不好
"
search for,"na. 寻找；寻求；探求
"
see off,"na. 送行；送别；告别；赶走
"
send out,"na. “send forth”的变体
"
sense of humor, 幽默感；有幽默感；幽默风趣
set off,"na. 分；分割；划开；区划
"
set up,"na. 建立；创立；发起；开办
"
so as to,"na. (= in order to) 以便；为使
"
so ... as to,"na. (= in order to) 以便；为使
"
so far as,"na. 就…而论；尽…说；只就…说
"
so long as,"na. 只要；“as/so long as”的变体
"
so that,"conj. 因此；以便
"
so ... that,"所以,因而"
speak to,"na. 向…说；说到；招呼；恳求
"
stand up,"na. 站起来；持久；露头角；〔美俚〕背约
"
succeed in,"v. 成功于
"
such as,"un. 例如；像；象…这样；诸如…之类
"
take action,"na. 动手；采取行动；采取(快速)措施；提起诉讼
"
take care of,"na. 照看；处理；清除
"
take care,"v. 当心；留心
"
take notes,"na. 做记录
"
take off,"v. (飞机)起飞；出去；拿掉；移送
"
take place,"na. 发生；举行
"
take sth. for granted,"v. 想当然
"
take ... as,"un. 剖析；视为
"
take ... for,"na. 认为；当做；弄错
"
tell a lie,"v. 说谎
"
the same as,"adj. 与…同样
"
think of,"na. 想起
"
think over,"v. 仔细考虑
"
traffic jam,"n. 堵车；交通阻塞
"
try out,"na. (采用前)严密试验；筛矿；量(金属的)纯度
"
turn back,"na. 同“turn down ”
"
turn down,"na. 翻下(衣领等)；扭小(灯火等)拒绝考虑；拒绝(某人)
"
turn in,"v. 向里弯曲
"
turn off,"v. 关掉
"
turn on,"na. 转向；对…进行突击
"
turn up,"v. 朝上翻；出现
"
wait for,"na. 等；等待
"
watch out,"na. 当心；留神；小心；提防
"
work at,"na. 从事；用功读
"
work on,"na. 对…有效[有作用]；动(人,感情等)；向…做工作；左右
"
work out,"v. 作出；拟定；制定；计划一下
"
worry about,"v. 发愁；担忧；为…发愁；替…担忧
"
a bit,"na. 有点儿〔作副词用〕
"
a great deal of,"det. 很多；重重
"
a great many,"na. 很多的
"
after all,"na. 毕竟；终究；最后
"
agree on,"na. 对…意见一致
"
aim at,"v. 目的在于
"
all along,"na. 一直都；一路；始终；一贯
"
all kinds of,"na. 种种
"
and so on,"na. “And so forth”的变体
"
answer for,"na. 负…的责任；负责(受处分)；代(被问人)回答
"
as a result,"adv. 结果
"
as a result of,"na. (作)为…的结果
"
as soon as,"na. 一…就；见 soon 条
"
as usual,"adv. 照常；照例
"
ask for,"na. 要(价)；来找
"
at any rate,"na. 无论如何；至少；总而言之
"
at any time,"adv. 随时
"
at best,"na. 充其量也不过
"
at first,"na. 首先
"
at least,"na. 至少
"
at once,"na. 立刻；同时
"
at the same time,"na. 同时；另一方面；与此同时
"
be about to,"na. 准备
"
be concerned about,"na. 关心；挂念
"
be concerned with,"na. 干与；关怀
"
be different from,"na. 和…不同
"
be eager to,"v. 渴望
"
be fond of,"v. 爱好
"
be friends with,"na. 跟…要好
"
be late for,"v. 迟到
"
be limited to, 限于；局限于；限制在
be made up of, 由…构成；组成；由…组成
be on the job,无
be out of date,过时的；已废的
be out of temper,无
be out of work, 失业；砸饭碗；工作的人已经失业
be prepared for,"na. 准备着
"
be proud of,"na. 以…自豪
"
be ready to, 准备好；准备做某事；预备
be similar to,"na. 像
"
be strict with, 对……严格要求；对…要求严格；对某人要求严格
be tired of,"v. 厌烦；厌倦
"
be worth doing,值得做……
be worthy of, 值得；配得上；对得起
because of,"na. 因
"
belong to,"v. 属于；附属
"
break in,"na. 闯入；插嘴；驯(马)；训练(人)
"
bring up,"na. 抚养；教导；教育；在…长大
"
by the way,"na. 见 way 条
"
by way of,"na. 当做；作出…的样子；经由；以便
"
care about,"v. 在意
"
care for,"v. 照顾；关心；喜欢
"
catch one's breath,"na. 忍住呼吸；休息一下；紧张起来
"
catch up with,"v. 赶上
"
change one's mind,"na. 改变想法
"
check in,"v. 〈美〉报到；(旅馆)登记
"
check out,"na. 开支票(提款)；(旅馆)付账后离开；及格；〔美俚〕死
"
complain of,"v. 抱怨；叫屈
"
complain about,"v. 埋怨
"
decide on,"na. 决心
"
decide upon,"na. 决定(采取某种行动)
"
depend on,"v. 依靠
"
die of,"na. 因…而死
"
die from,"na. 因伤致死
"
each other,"pron. 彼此
"
enjoy oneself,"na. 过得快乐
"
fall asleep,"na. 入睡
"
find out,"na. 查出；发现；看清…的面目；识破
"
first of all,"na. 第一
"
follow one's advice,无
for ever,"adv. 永远地；永恒地；〈非正式〉无休止地；永无止境地
n. 永恒；相当长的时间
"
for instance,"na. 例如
"
for example,"na. 例如
"
get a fever,无
get in touch with,"na. 和…联系
"
get on with,"na. 同“get along ”
"
get rid of,"na. 除掉；摆脱；撵走
"
give in,"na. 让步；屈服；投降；上交
"
give up,"na. 放弃；断绝；投降；自首
"
go hunting,"na. 打猎去
"
go sightseeing, 去观光；去观光旅行；出去观光
grow up,"na. 长大
"
hand in,"na. 交进
"
hand out,"na. 分；拿出来；施舍
"
have no idea,"un. 心中有数；对…一无所知；感到茫无头绪；不想
"
have on,"v. 戏弄
"
hold one's breath,"na. 屏息
"
hurry up,"na. 催促；赶快
"
in a hurry,"na. 匆忙；〈口〉容易地；急于要；〔口语〕愿意地
"
in all,"na. 总计
"
in fact,"na. 事实上；总之
"
in front of,"na. 在…的前面
"
in general,"na. 一般；大体上
"
in memory of,"na. 纪念…
"
in order to,"na. 为了；从而；以便
"
in person,"na. 亲自；身体上；外貌上
"
in practice,"na. 事实上；在实践中；在不断练习中；练习充足
"
in the distance,"na. 在远处；在很远的那边
"
in the end,"na. 终于
"
in time,"na. 经过一段时间以后；早晚；在恰好的时候；和…合拍
"
instead of,"prep. 代替；作为…的替换
"
keep up with,"na. 不落后
"
kill time,"v. 消磨时间
"
lack of,"v. 缺乏
"
laugh at,"na. 嘲笑；付之一笑；因…而发笑
"
lead to,"na. 通向
"
listen in, 收听广播节目; 在一旁听人讲话; 监听;  窃听
little by little,"na. “by little and little”的变体
"
live on,"na. 以…为主食；靠…生活；继续活着；靠［吃］…生活
"
long for,"v. 渴望
"
look forward to,"na. 盼望
"
look out,"na. 挑选；注意；看外头；展望 (on；over)
"
lose weight,"un. 体重减轻
"
make a decision, 做出决定；做决定；作出决定
make friends, 交朋友；交友；结交朋友
make friends with,"na. 跟…做朋友
"
make fun of,"na. 嘲弄
"
make ready,"na. 作好准备；整装
"
make way,"na. 进步
"
many a,na. 很多；[〔古语〕 an] one 许许多多人
more or less,"na. 有几分；约；或多或少；一点也…
"
neither ... nor, 既不……也不；两者都不；均不
night and day,"na. 日夜；不分昼夜
"
no longer,"na. 不再
"
not at all,"na. 毫无(=〔美国英语〕 You are welcome)
"
not only ... but also,"na. 不但…而且…；不仅…而且…
"
nothing but,"na. 不外；〔美国〕〔加强语气〕的确
"
of late,"na. 近来
"
on record, 记录在案的；记录在案；记录下来的
on the eve of,"prep. 在…前夕
"
on the other hand,"na. 从另一方面来说；在另一方面
"
on time,"na. 按时；及时
"
one another,"pron. 互相
"
or else,"na. 不然
"
owing to,"conj. 由于；因为
prep. 因为；由于
"
pay attention to,"na. 注意
"
prefer to,"un. 较喜欢；宁愿:
"
prevent ... from, 防止；阻止；预防
put on,"na. 假话
"
regard as,"v. 当作
"
rely on,"v. 依靠；信赖
"
right away,"na. 立刻
"
run away,"na. 私奔；逃；弄不好
"
send out,"na. “send forth”的变体
"
set off,"na. 分；分割；划开；区划
"
set up,"na. 建立；创立；发起；开办
"
so as to,"na. (= in order to) 以便；为使
"
so far as,"na. 就…而论；尽…说；只就…说
"
so long as,"na. 只要；“as/so long as”的变体
"
so that,"conj. 因此；以便
"
so ... that,"所以,因而"
stand up,"na. 站起来；持久；露头角；〔美俚〕背约
"
succeed in,"v. 成功于
"
such as,"un. 例如；像；象…这样；诸如…之类
"
take care of,"na. 照看；处理；清除
"
take off,"v. (飞机)起飞；出去；拿掉；移送
"
take part in,"na. 参加；贡献
"
take place,"na. 发生；举行
"
take sth. for granted,"v. 想当然
"
take ... as,"un. 剖析；视为
"
take ... for,"na. 认为；当做；弄错
"
tell a lie,"v. 说谎
"
thanks to,"v. 感谢；幸亏；多亏
"
the same as,"adj. 与…同样
"
think of,"na. 想起
"
think over,"v. 仔细考虑
"
traffic jam,"n. 堵车；交通阻塞
"
try out,"na. (采用前)严密试验；筛矿；量(金属的)纯度
"
turn back,"na. 同“turn down ”
"
turn down,"na. 翻下(衣领等)；扭小(灯火等)拒绝考虑；拒绝(某人)
"
turn in,"v. 向里弯曲
"
turn off,"v. 关掉
"
turn on,"na. 转向；对…进行突击
"
turn up,"v. 朝上翻；出现
"
use up,"na. 用完；耗尽
"
wait for,"na. 等；等待
"
watch out,"na. 当心；留神；小心；提防
"
work at,"na. 从事；用功读
"
work on,"na. 对…有效[有作用]；动(人,感情等)；向…做工作；左右
"
work out,"v. 作出；拟定；制定；计划一下
"
worry about,"v. 发愁；担忧；为…发愁；替…担忧
"
