private,"n. 列兵；二等兵
adj. 私人的；私有的；私下的"
enjoy,vt. 欣赏，享受；喜爱；使过得快活
angrily,adv. 愤怒地
attention,n. 注意力；关心；立正！（口令）
in the end,"na. 终于
"
bear,"n. 熊
vt. 结果实，开花（正式）
vt. 忍受；承受；具有；支撑
"
rudely,adv. 无礼地；粗暴地
complain,"vi. 投诉；发牢骚；诉说
vt. 抱怨；控诉"
annoy,"n. 烦恼（等于annoyance）
vt. 骚扰；惹恼；打搅
vi. 惹恼；令人讨厌；打搅"
sound,"n. 声音，语音；噪音；海峡；吵闹；听力范围；[医] 探条
adj. 健全的，健康的；合理的；可靠的；有效彻底的
vt. 听（诊）；测量，测…深；使发声；试探；宣告
vi. 听起来；发出声音；回响；测深
adv. 彻底地，充分地"
camel,"n. [畜牧][脊椎] 骆驼；打捞浮筒；工作作风官僚
adj. 驼色的；暗棕色的
vi. 工作刻板平庸
"
donkey,n. 驴子；傻瓜；顽固的人
salty,adj. 咸的；含盐的
arrest,"n. 逮捕；监禁
vt. 逮捕；阻止；吸引
"
spoil,"n. 次品；奖品
vt. 溺爱；糟蹋；破坏；掠夺
vi. 掠夺；变坏；腐败"
greedily,adv. 贪婪地；贪食地
beautifully,adv. 漂亮地；美好地
end,"n. 结束；目标；尽头；末端；死亡
vi. 结束，终止；终结
vt. 结束，终止；终结
"
ahead,"adj. 向前；在前的；领先
adv. 向前地；领先地；在（某人或某事物的）前面；预先；在将来，为未来"
cross,"n. 交叉，十字；十字架，十字形物
adj. 交叉的，相反的；乖戾的；生气的
vt. 杂交；渡过；使相交
vi. 交叉；杂交；横过"
stand,"n. 站立；立场；看台；停止
vi. 站立；位于；停滞
vt. 使站立；忍受；抵抗"
ring,"n. 戒指；铃声，钟声；拳击场；环形物
vi. 按铃；敲钟；回响；成环形
vt. 按铃；包围；敲钟；套住
"
repeat,"n. 重复；副本
vi. 重做；重复发生
vt. 重复；复制；背诵"
stay,"n. 逗留；停止；支柱
vi. 停留；坚持；暂住；停下
vt. 坚持；暂住；抑制"
amusing,"adj. 有趣的，好玩的；引人发笑的
v. 逗乐；打发；使…高兴（amuse的ing形式）"
rarely,adv. 很少地；难得；罕有地
frequently,adv. 频繁地，经常地；时常，屡次
catch,"n. 捕捉；捕获物；窗钩
vt. 赶上；抓住；感染；了解
vi. 赶上；抓住"
landlady,n. 女房东；女地主；女店主
hardly,adv. 几乎不，简直不；刚刚
remark,"n. 注意；言辞
vt. 评论；觉察
vi. 谈论"
at that moment, 在那时；就在那一刻；在那一瞬间
friendly,"adj. 友好的；亲切的；支持的；融洽的，和睦的
adv. 友善地；温和地
"
single,"n. 一个；单打；单程票
adj. 单一的；单身的；单程的
vt. 选出
vi. 击出一垒安打"
go out,"na. 出去；灭；辞职；下台
"
run across sth.,"na. “Come across”的变体
"
crash,"n. 撞碎；坠毁；破产；轰隆声；睡觉
vi. 摔碎；坠落；发出隆隆声；(金融企业等)破产
vt. 打碎；使坠毁、撞坏；擅自闯入"
afraid,adj. 害怕的；恐怕；担心的
get out of sth.,"na. 逐渐放弃(恶习)；避免；由…出来；拔出
"
shopkeeper,n. 店主，老板
hand sb. sth.,"hand
[hænd]
n.
手
(脊椎动物的)前脚
(鹰等鸟类的)爪
(虾、蟹等的)螯
手状物；具手功能的东西
(钟表、仪器的)指针
(工具等的)把，柄
(香蕉等的)一扇，一把，一串；(烟草等的)一束
指示(符号)
猪肩肉，臀尖肉
人手，劳力；[用复数]雇员，职员；船员，乘员
有技术者，专业人员；行家
手艺，技巧，技能；手法；(手工)细活
[用复数]缰绳
(做某项工作的)人才
海员，水手
[常用复数]权力；支配，管理
(尤指谈判中的)地位
援助之手，帮助
参与，插手
拍手喝彩，鼓掌
(契约、信义等的)应允；誓约；婚约
(量马高度的)一手之宽
笔迹，手迹；书法
签字，签名
面，方面
工具；媒介，手段
立场；影响力；实力，作用
(织物、皮革等的)手感
【牌戏】
手中的牌，一手牌
参赛人，打牌人
牌戏的一盘
[用复数]驯马术；骑马术
【机械学】(轴向)偏差
[古语]提供情报(或给养)者
adj.
用手(表示)的；手操纵的
vt.
交，递；给，送，递送；呈送，递上(常与 up 连用):
He handed me a necklace last night.
昨晚他送给我一条项链。
Would you please hand this letter to my wife?
麻烦你把这封信交给我夫人。
to hand up a paper
向上级呈送文件
帮助；搀扶:
I handed him into his car.
我把他搀上了他的车。
【航海学】
把(帆、旗等)卷起
使改变航向
[美国英语]【法律】上报(与up连用)
[废语]用手操纵；对付
短语:
a bad hand at
对…不内行，不善于…
a cool hand
厚面皮的人；精明人
沉着勇敢的人
a dab hand at
[口语]做…(尤指体育项目)的能手(或健将)
a free hand
自由(权)，自由决定(权)
大方，慷慨
a good (或crack, great) hand at (doing) something
巧于…，对…在行
a green hand
生手，新手[亦作fresh hand]
园艺技能[亦作green thumb]
a hand
[口语]
掌声，鼓掌
一臂之力，帮忙
插手，参与
a hand's turn
[口语][常用于否定句]举手之劳
a legible hand
清楚的字迹，工整的书法
a light hand
精湛的技巧，熟练的手艺
清楚的字迹
all hands
[口语]全部人手；全体人员，大家伙
【航海学】全体海员，全体船员
All hands to the pumps (或pump)!
【航海学】全体船员都去抽水!
大家都来帮忙!
a nap hand
【牌戏】肯冒险就能赢的牌
冒险一下就获全胜的地位
an iron hand in a velvet glove
外柔内刚
口蜜腹剑，笑里藏刀
an old hand (at)
内行，里手，行家
an open hand
慷慨，大方
a numb hand
笨蛋；无经验者
a poor (或bad) hand at
对…不熟练(或不内行)，不善于
(as) flat as one's hand
很平的，极平的
ask for a lady's hand
向某女子求婚
at first hand
直接地，第一手地
at hand
在手边，在附近
即将发生，即将到来，迫近
在考虑中
at second hand
间接地，二手地
旧的，用过的
at someone's hands (或 hand) (或 at the hands (或hand) of someone)
在某人手里
出自某人之手，从某人那里
bathe (或dip) one's hand in blood
双手沾着鲜血，杀了人
bear a hand
出一把力，帮忙
参与，插手
[水手用语]干起来
bear in hand
管理，控制
允诺
坚持认为；指控
be even hands with (someone)
[苏格兰英语]同(某人)算账，向(某人)报复
bind (或tie)hand and foot
捆住手脚
使受束缚，约束
bite the hand that feeds one
以怨报德，恩将仇报
bridle hand
左手(指持缰绳之手)
by hand
用手的，手工的
由专人送的
(婴儿喂养)人工方法的，非母乳喂养的
手写的
by the hands (或hand) of
经由…之手，通过，用，由
by the left hand
私生的，非婚生的；贵族男子与下层女子所生的
by (或with) the (或a) strong hand
用强硬的手段；断然地，强制地，用暴力
call one's own hand
公开自己的主张(或意图)
【牌戏】摊牌
call someone's hand
要求某人摊牌
挫败某人的阴谋
cap in hand
毕恭毕敬地，卑躬屈膝地
carry it (或things) with a high hand
盛气凌人；专横跋扈
change hands
(财产等)易主，更换所有权
(钱被)花掉
chuck one's hand in
[俚语]拒绝做某事
clean hands
两手青白，洁身自好
come into someone's hands
到手，收到
come out with clean hands
清白无辜，被宣告无罪
come the heavy hand
强迫(某人)做某事，强加于人
come to (one's) hand
到手；收到
发现，偶然找到，偶然(被)抓到
come to (one's) hands
短兵相接
cross someone's hand with silver (或coin等)
见cross
die by one's own hand
自杀
dip one's hand in (或 into) the pocket (或purse)
见dip¹
dirty one's hands
弄脏双手，玷污自己(的好名誉)
eat (或feed) out of someone's hand
对某人俯首帖耳，完全受某人支配，惟某人之命是从
fall into good hands
落在好人手里
fall into someone's hands
落在某人手中；为某人所掌握(或占有、照料等)
force someone's hand
【牌戏】逼迫某人出牌
迫使某人暴露自己的计划，迫使某人表态(或采取行动)
for four hands
【音乐】(钢琴曲)以四手联奏
for one's own hand
为了自己(个人)的利益
from hand to hand
传递；转手
from hand to mouth
刚够糊口，现挣现吃
gain (或get, have) the upper hand (of)
控制，掌握；居支配地位
get oneself in hand
克制(或控制)自己
get one's hand in
使自己懂行起来，开始熟悉(或掌握技巧)
get one's hands on
弄到，搞到
抓到(某人并加以危害)
狠揍，猛打
get out of hand
摆脱控制
变得难以管教
完工
get someone under hand
制服某人
get something off one's hands
摆脱某事物，免除对某事的责任
get the hands
[美国口语]博得热烈掌声
get (或have) the whip hand
占上风，处于支配地位
give a helping hand
助一臂之力，(向某人)伸出援助之手
give one's hand on (或upon)
对…作出保证，以名誉担保履行诺言
give one's hand on a bargain
握手成交
give someone a big hand
对某人报以热烈的掌声(欢迎)
give someone a hand (with)
帮助…(做某事)，给…以帮助，帮某人一把
give someone a free hand
给予某人办某事的充分自主权
give someone one's hand
伸手与某人握手
(女子)答应与某人订婚(或结婚)
given under my hand and seal
经我本人签字盖章
go hand in hand with
与…携手同行
和一致，与…结合在一起；与…相配合
go through someone's hands
由某人处理；归某人负责
grease someone's hand
贿赂某人，向某人行贿
付小费；给酒钱[亦作grease the hand of someone]
hand and foot
连手带脚一起，完全地
(始终)辛勤地；周到地，殷勤地，无微不至地
hand in (或and) glove (with)
(跟…)亲密无间；(跟…)互相勾结
hand in hand
手拉手地
连在一起，联合地；形影不离地
联合的；形影不离的
hand it (或the punishment) out
[口语]严惩；痛打
hand it to
[美国俚语]给予…应有的信赖
hand it to someone
[俚语]赞扬某人，承认某人的长处(或优势、成就、优良品质)；服某人；向某人致敬
hand of God
天灾；不可避免的灾祸
hand of writ(或write)
[苏格兰英语]
笔迹，手迹；书法
书法家
hand over fist
迅速地，平稳快捷地
(爬绳、游泳等时)双手交替运用地
[口语]容易地，不费气力地
[口语](尤指钱)大量地
hand over head
[古语]
冒冒失失地，轻率地，鲁莽地
飞快地
hands down
容易地，轻易地，毫不费力地
无疑地
Hands off!
[参观警示语]请勿动手!
不许碰! 别动!
Hands up!
[美国英语]举起手来!不许动!
hand to fist
[口语]亲密地
hand to hand
(战争等)逼近地，短兵相接地，肉搏地
hand heavily(或heavy) on one's hands
(时间)过得缓慢而沉闷无聊
have a free hand
不受约束，得以自由行动，可全权处理，能够不受干扰地自行决策，能放手去做
have(或hold) a good hand
【牌戏】拿到一手好牌
有可能成功，占上风，取得决定性的优势
have(或take) a hand in(或at)
参与到…中间，参加；与…有关
have a hand like a foot
笨手笨脚，笨拙
have…in hand
开始做，着手，开始
控制，掌握；制服
have long hands
极有势力(或权力)
have one's hands free
没事做，空闲
可以自由行动
have one's hands full
手里有许多工作要做，很忙，忙得不可开交
have one's hands tied
被牵制，被束缚，不能自由行动
have someone's fate(或life) in one's hands
掌握着某人的生死(或命运)
have something (或someone) well in hand
完全控制了某事(或某人)
have the better hand
占上风，占优势
have the cards in one's hands
见 card
heart and hand
见 heart
heavy (或iron) hand
高压手段，严酷的手腕
heavy in (或on) hand
(马)难以驾驶的
(人)难对付的；行动迟缓的，头脑迟钝的
枯燥无味的
Here's my hand upon it.
我赞成。
hold hands
(表示信赖、爱情等的)手拉手
hold (或keep) in hand
控制，掌握
[废语]
a) 玩弄
b) 将信将疑；抱着期望
hold one's hand (或hands)
罢手，住手，手下留情
hold someone's hand
握住某人的手
给某人以指导，在精神上支持某人；帮助某人克服困难
hold up one's hands
举手投降
举手同意(或赞同)
in a dead hand
【法律】(不动产)为无让与权的法团所有
in good hands
在可靠(或内行)的人手里；受到十分好的照料
in hand
在掌握中，在控制下
在手头，手头现有的，可使用的
在支配下的；在保护下的
办理中的，进行中的；考虑中的；当前的
负责办理的；承担下来的
in safe hands
在可靠的人手中
in the hands of someone (或in someone's hands)
掌握在…手中，在…支配之下，被…控制
由…照料
由…负责(或处理)
in the turn (或turning) of a hand
立刻，马上，顷刻之间
iron hand in the velvet glove
外柔内刚，外宽内严
join hands (with)
(与…)握手；(同…)携手联合
(同…)合伙
(与…)结婚，(和…)结为夫妻
keep a firm (或tight) hand on
对…实行严密控制(或有力的控制)，紧紧抓住(或控制住)[亦作keep one's hand on]
keep a slack hand
放松缰绳
放任自流；漫不经心地管理(事物)，懈怠
keep a tight hand on someone
紧紧掌握(或控制)住某人
keep in hand
掌握，控制，管理
保留，留存
keep one's hand in
不间断地练习以保持技术熟练，使技术不致荒废
继续保持对…的控制权，继续过问
keep one's hands in one's pockets
懒散；游手好闲
keep (one's) hands off
不拿取
不接触
不干涉
keep one's hand on
抓住
控制，掌握
kiss hands (或kiss the hand, kiss the Queen's hand)
吻(女)君王的手
kiss one's hand to
向…飞吻，给…飞吻
last hand
最后的润色；最后的几笔
lay a hand on
[口语][仅用于否定句或疑问句]动手打人
lay hands on (或upon)
抓到，拿到；得手
碰至，触及；(主教)施坚信礼
袭击；动手打人，施暴
(对女性)动手动脚
lay hands on oneself
自杀
lay hands on the ark
亵渎圣物，冒渎神圣
laying on of hands
【宗教】按手礼
lay violent hands on
向…施暴(或行凶)
杀害，下毒手
lend a hand
[口语]帮忙，拉一把
let someone's left hand know what his right hand is doing
合作者之间互通情报
lie on someone's hands
(商品)未脱手，没卖出，滞留在某人手中
(钱、物)尚未使用
(时间)令某人感到无聊，(时日)过得缓慢[亦作 lie on hand]
lift a hand
只费举手之劳，不费吹灰之力
lift one's hand against (或to)
动手打，伤害；攻击，袭击
lift (up) one's hands (或hand)
举手宣誓
light hand
巧手；熟练的手艺
节制；温和
light in hand
(马)容易驾驭的
(人)易处的，容易对付的
live by one's hand
靠体力劳动生活
live from hand to mouth
仅能𪤛口，半饥半饱；只能顾眼前
make (或take) a hand at
参与，参加
make a hand of
从中得利，从…捞一把
有进展；成功
make no hand of
[口语]不能解释(或说明)
marry with the left hand
贵族男子和身份低的女子结婚
near at hand
在手边；在附近
迫近，即将到来
not do a hand's turn
不干一点体力劳动，不做最微弱的努力
not let one's left hand know what one's right hand does
不要宣扬自己的善行
not lift a hand
什么也不做，不愿费举手之劳，连试都不试
not much of a hand at
= a bad hand at
odd hand
做杂工(或短工)的人
offer one's hand
伸出手来(握手)
(向女子)求婚
off hand
没有准备的；未加思索(或考虑)的，即席的
不大客气的，随便的
马上，立刻，即刻；无准备地，即席
off someone's hands
不再由某人负责(或照料)
(任务、工作)完成
(货物)脱手，卖出
oil someone's hand
向某人行贿
on (或at) every hand
在各方面，四面八方，到处
普通地，大家一致地
on either hand
在两边
(one's) hand be up
举手(打招呼或要求发言等)
one's hand is in
做熟，熟练起来
one's hand is out
手生了，技巧生疏了
one's hands are full
碰到许多困难
忙得不可开交
on hand
附近
[美国英语]即将到来(或发生)
[美国英语]在手边，在附近
[美国英语]现有的，存有的
[美国英语]到场，出席，在场
on one's (或someone's) hand
由某人负责(或照料)，归某人支配
on the advancing(或growing, thriving) hand
在进步中，在增长中
蒸蒸日上，日趋繁荣
on the bow hand
离题太远；离目标太远
on the mending hand
(病情或事态等)在好转中
on the other hand
另一方面，但是
open hand
豪爽，慷慨
out of hand
不受约束，无法控制，失去控制
完结，结束，告终；脱手
立即，马上；临时，无准备地
out of someone's hands
不再由某人负责(或掌管)
非某人所控制
overplay one's hand
【牌戏】因过高估计手中牌力而输牌
过于冒险，做事太过头，过高估计自己的力量
pass into someone's hands(或the hands of someone)
转到某人手里
pass through many hands
经过许多人之手
play a lone hand
[美国英语] 单枪匹马地干，独立经营 [亦作 play one's hand alone]
play for one's own hand
全替自己打算，为自己的利益做事
play into (someone's) hands
(因疏忽而)做对某人(尤指对手)有利的事，给某人以可乘之机，(因失算而)使某人占便宜
play one's hand for all it is worth
尽最大的努力；充分利用现有的机会
play one's hand for all there's in it
利用一切手段达到目的
play one's hand openly
公开自己的计划(或意图)
poor hand
不熟练的人
pump someone's hand
[口语]同某人热烈握手，使劲握某人的手
put (或stretch) forth one's (或the) hands against
对…行凶(或动武)
put in hand
开始，着手
put into someone's hand
把…交到某人手里
把…托付给某人
put oneself in (或into) someone's hand
把自己交给某人，听凭某人处理
put one's hand in (或into) a hornet's (或hornets') nest
捅马蜂窝，成为众矢之的，触犯公怒
put one's hand in one's pocket
付款，支付，认捐，慷慨解囊
put one's hands on
触，摸
(轻易)找到
put one's hand on one's heart
做出庄严声明(或保证)
put (或set) one's hand to
着手做(某事)
put (或set) one's hand to the plough
着手工作，动手做；开始过某种生活
put one's hand up
(表示同意、赞同或要求发言等时的)举手
(表示投降等)举起手来
put the last hand to
做最后几笔(或润色)；完成
raise one's hands against
准备对…动武，动手打(某人)；威胁(某人)
read someone's hand
给某人看手相
ready to (one's) hand
在手头，在手边，伸手可取
red hands
血腥的手，沾满鲜血的双手
right hand
右手，有力的手
友谊之手；欢迎之手
上席，上座，荣誉席位；优先地位
得力助手，亲信
right hand of fellowship
同意某人入伙的表示
【宗教】表示教友关系
rub one's hands
(因高兴、不知所措等)搓自己的双手
rule with a heavy (或high) hand
以严厉手段对待；用高压手段统治，实行专制统治
see the hand of God in
(认为)是神力所致
seize with both hands
(用双手)急切抓住(或利用)
send something by hand
托人(或派人)把东西送去(或带去)
set (a) hand to something
着手去做(某事)
set one's hand to something
着手，从事
在…上签名；批准，认可，承认
shake hands
相互握手[亦作 shake someone's hands]
离开某事物，和某事物告别
握手表示同意；握手成交
shake hands with oneself
庆贺自己
shorten the hand of someone
限制某人的权力
short of hands
缺少人手
show of hands
举手(表决)
show one's hand
摊牌；公开自己的真正意图(或目的)
sit on one's hands
[美国英语]
(观众)不鼓掌；表示不赞成
旁观，按兵不动
slip out of (或from) someone's hands (或hand)
逃脱某人的掌握；从某人手中滑脱
slip something into someone's hand
悄悄把某物塞给某人
soil one's hands
做了不名誉的事
stand one's hand
[口语]请大家喝酒，为大家付酒钱
stay one's hand
住手，放弃不干
stay someone's hand
使某人住手，阻止某人去做
steady hand
不颤抖的手
果断的手腕；坚定的领导
stick your hands up
[口语]把手举过头，把手举起来[匪徒用语][亦作 stick 'em up]
stir a hand
帮忙， 尽举手之劳
strengthen someone's hands(或hand)
增强某人的资本(或实力)，加强某人的地位
支持某人的论点；鼓励某人积极行动
stretch out a helping hand
(向某人)伸出援助之手，助一臂之力；欣然帮助(某人)
strike hands
击掌定约；成交，达成协议
take a hand at (或in)
玩(纸牌游戏)
参与；介入
take gifts (或money) with both hands
接受利害相反双方的贿赂，两面要钱
take in hand
(对某事)担负起责任，承担(某事)
接手办理，处理，负责照顾(或管理、指导)
尝试
take her by the hand
[美国英语] 由总统亲自干预以制止种族歧视
take matters into one's own hands
自行其是
take…off someone's hands
[口语]使某人摆脱对…的责任(或负担)
take oneself in hand
控制自己
take out of someone's hands
卸掉某人对…的责任
take the high hand
采取专横手段
take the left hand of someone
在某人的左侧
the hidden hand
幕后操纵者，背后的势力
the upper(或whip) hand
优势，上风，有利地位
throw in one's hand
退出竞争
放弃尝试，认输
throw on (或upon) someone's hands
让某人负起…的责任，把…推给某人去管
throw up one's hands
举起手来；绝望
撒手不管
举手投降，认输
tie (up) one's(或someone's) hands
缚住某人的双手，使某人受束缚，让某人束手无策
tip one's hand
(无意中)暴露自己的意图(或计划)
to hand
(近)在手边；唾手可得
劳动所得
收到
受控制，被征服
to one's hand
到手，得到
try one's hand (at)
尝试一下，试试身手，在…试试才能
turn a hand
转手；交给助手处理
[常用于否定句]帮一点忙，助一臂之力
turn a(或one's) hand to
着手，从事
under hand
私下，暗中[亦作underhand]
有人照顾
受到控制
under one's hand
在手边，马上就能用
经本人亲笔签名(并盖章)，由某人署名
wash one's hands
[委婉语]上厕所
搓手，干洗手
洗手不干，彻底断绝(与…的)关系
wash one's hands of
不再管，不再过问；拒绝对…(继续)承担责任，不再负责
完全退出，洗手不干
wash one's hands with (或in)invisible soap (and imperceptible water)
(因紧张、不安、拘束等)搓手
whip hand
持鞭子的人
支配地位，优势
win hands down
【赛马】毫不费力地获胜
轻易得胜
win someone's hand
得到某女子同意结婚
with a bold hand
大胆地，蛮横地，傲慢地
with a firm hand
坚决地，毫不动摇地
with a heavy hand
压制地，专制地；粗暴地，暴虐地
冷酷地，无情地
不中用；笨拙地
苛刻地；严厉地
with a high hand
用高压手段；专断地；傲慢地
with an iron hand
以铁腕，严厉地
with an open hand
手头大方地，慷慨地
with a sparing hand
吝惜地；节俭地
with a(或the) strong hand
用强硬手段；断然地
with both hands
全力以赴地，尽其所能地
with clean hands
清白无辜地
廉洁地
with one hand(或hands) tied behind one's back
[口语]把苦处咽在肚里
with one's bare hands
赤手空拳地，徒手
with open hand (或hands)
= with an open hand
wring one's hands
(因失望、痛苦、悲哀等)用力绞扭自己的双手，绞手，扭手
wring someone's hand
(热情地)紧握某人的手
write a good(或fair)hand
写得一手好字
younger hand
见young"
hand sth. to sb.,"vt.给,递给"
material,"adj. 重要的；物质的，实质性的；肉体的
n. 材料，原料；物资；布料"
curtain material, 窗帘材料；酒店管理公司求购窗帘材料；窗帘材质
favour,"n. 偏爱；赞同；善行
vt. 赞成；喜爱；有助于"
reward,"n. [劳经] 报酬；报答；酬谢
vt. [劳经] 奖励；奖赏"
bunch,"n. 群；串；突出物
vt. 使成一串；使打褶
vi. 隆起；打褶；形成一串
"
owe sb. sth.,"vt. 欠；感激；应给予；应该把……归功于
vi. 欠钱
"
owe sth. to sb.,"v. 由于；把…归功于
"
mustard,"n. 芥末；芥菜；深黄色；强烈的兴趣
"
steal,"n. 偷窃；便宜货；偷垒；断球
vt. 剽窃；偷偷地做；偷窃
vi. 窃取；偷偷地行动；偷垒"
make sth. up,"na. 弥补；起草；定；签订
"
make up one's mind,"na. 决心 (to do)
"
firm,"n. 公司；商号
adj. 坚定的；牢固的；严格的；结实的
vt. 使坚定；使牢固
adv. 稳固地
vi. 变坚实；变稳固"
a great number of,"det. 极多；许多
"
pen-friend,"n. 通信朋友, 笔友"
information,n. 信息，资料；知识；情报；通知
tidy,"n. 椅子的背罩
adj. 整齐的；相当大的
vi. 整理；收拾
vt. 整理；收拾；弄整齐
"
set,"n. [数] 集合；一套；布景；[机] 装置
adj. 固定的；规定的；固执的
vi. (日,月)落沉；凝固；结果
vt. 树立；点燃；点缀；
"
notice,"n. 通知，布告；注意；公告
vt. 通知；注意到；留心
vi. 引起注意"
retire,"n. 退休；退隐；退兵信号
vi. 退休；撤退；退却
vt. 退休；离开；收回"
lately,adv. 近来，不久前
so far,"na. 就是那么些；到现在为止；到目前(此地)为止；就此范围来说
"
in prison,"na. 在狱中
"
time,"n. 时间；时代；次数；节拍；倍数
adj. 定时的；定期的；分期的
vt. 计时；测定…的时间；安排…的速度
"
sweep,"n. 打扫，扫除；范围；全胜
vt. 扫除；猛拉；掸去
vi. 扫，打扫；席卷；扫视；袭击"
carpet,"n. 地毯；地毯状覆盖物
vt. 在…上铺地毯，把地毯铺在…上；斥责
"
The Globe, 地球；环球剧院；全球
society,n. 社会；交往；社团；社交界
company,"n. 公司；陪伴，同伴；连队
vt. 陪伴
vi. 交往

"
factory,n. 工厂；制造厂；代理店
store,"n. 商店；储备，贮藏；仓库
vt. 贮藏，储存
"
similar,"n. 类似物
adj. 相似的"
alike,"adj. 相似的；相同的
adv. 以同样的方式；类似于"
shortly,adv. 立刻；简短地；唐突地
pigeon,"n. 鸽子
"
message,"n. 消息；差使；启示；预言；广告词
vi. 报信，报告；[通信] 报文
vt. 通知"
cover,"n. 封面，封皮；盖子；掩蔽物;幌子，借口
vt. 包括；采访，报导；涉及
vi. 覆盖；代替
"
up to,"na. 干(着)；到；胜任；…的责任
"
a great many,"na. 很多的
"
request,"n. 请求；需要
vt. 要求，请求"
spare part,"n. 备件；配件；零件
"
landline,n. 陆上运输；地上通讯线；输送路线
opera,"n. 歌剧；歌剧院；歌剧团
"
Kun Opera,无
up till, 直到；到…为止
spare,"n. 剩余；备用零件
vt. 节约，吝惜；饶恕；分出，分让
adj. 多余的；瘦的；少量的
vi. 饶恕，宽恕；节约"
excursion,n. 偏移；远足；短程旅行；离题；游览，游览团
beg,"vi. 乞讨；请求
vt. 乞讨；恳求；回避正题
"
general,"n. 一般；将军，上将；常规
adj. 一般的，普通的；综合的；大体的
"
beggar,"n. 乞丐；穷人；家伙
vt. 使贫穷；使沦为乞丐"
ask sb. for sth.,"na. 要(价)；来找
"
return,"vi. 返回；报答
adj. 报答的；回程的；返回的
vt. 返回；报答
n. 返回；归还；回球"
call,"n. 电话；呼叫；要求；访问
vi. 呼叫；拜访；叫牌
vt. 呼叫；称呼；召集
"
flour,"n. 面粉；粉状物质
vt. 撒粉于；把…磨成粉
"
glue,"n. 胶；各种胶合物
vt. 粘合；似胶般固着于"
can,"aux. 能； 能够； 可以； 可能
n. 罐头； （用金属或塑料制作的）容器； （马口铁或其他金属制作的）食品罐头
vt. 将…装入密封罐中保存"
soda,"n. 苏打；碳酸水
"
mineral water,"n. 矿泉水；一杯（或一瓶）矿泉水
"
iced coffee, 冰咖啡；冰咖色；招牌冰咖啡
Coca-Cola,n. 可口可乐（美国饮料公司）
view,"n. 观察；视野；意见；风景
vt. 观察；考虑；查看"
follow,"n. 跟随；追随
vi. 跟随；接着
vt. 跟随；遵循；追求；密切注意，注视；注意；倾听"
refreshing,"adj. 提神的；使清爽的；使人重新振作的
v. 使清新；恢复精神（refresh的ing形式）"
knock sth. off sth.,"na. 敲落；中止(工作)；即席作(诗文等)；减低(价格)
"
knock off,"na. 敲落；中止(工作)；即席作(诗文等)；减低(价格)
"
reduce,"vi. 减少；缩小；归纳为
vt. 减少；降低；使处于；把…分解"
knock sth. over,"na. 弄倒；屈服；死；逮捕
"
knock sb. out,"na. 敲出；敲空；使屈服；使无用
"
unconscious,adj. 无意识的；失去知觉的；不省人事的；未发觉的
boxer,"n. 拳师，拳击手
"
flowerpot,n. 花盆；花钵
candlestick,n. 烛台
goods,n. 商品；动产；合意的人；真本领
at midday, 在正午；在中午；中午
expect,"vi. 期待；预期
vt. 期望；指望；认为；预料"
diamond,"n. 钻石，金刚石；菱形；方块牌
adj. 菱形的；金刚钻的
"
airfield,n. 飞机场
Customs,n. 海关；风俗（custom的复数）；习惯；关税
guard,"n. 守卫；警戒；护卫队；防护装置
vi. 警惕
vt. 保卫；监视
"
precious,"adj. 宝贵的；珍贵的；矫揉造作的
"
sand,"n. 沙；沙地；沙洲；沙滩；沙子
vt. 撒沙于；以沙掩盖；用砂纸等擦平或磨光某物；使撒沙似地布满；给…掺沙子
vi. 被沙堵塞
"
iron,"n. 熨斗；烙铁；坚强
adj. 铁的；残酷的；刚强的
vt. 熨；用铁铸成
vi. 熨衣；烫平
"
essay,"n. 散文；试图；随笔
vt. 尝试；对…做试验"
babysit,vi. （临时代人）照看婴孩
put sth. out,"v. 扑灭；熄灭；放出；伸出
"
let sth. out, 阿尔都塞思想的全部整体
let sb. out, 阿尔都塞思想的全部整体
tear sth. up,"na. 撕碎；连根拔起；扰乱；跑上
"
slip,"n. 滑，滑倒；片，纸片；错误；下跌；事故
abbr. 串行线路接口协议，是旧式的协议（Serial Line Interface Protocol）
adj. 滑动的；有活结的；活络的
vt. 使滑动；滑过；摆脱；塞入；闪开
vi. 滑动；滑倒；犯错；失足；减退
"
snake,"n. 蛇；阴险的人
vt. 拉（木材等）；迂回前进
vi. 迂回前进"
give sth. away,"na. 赠送；分发；放弃；露马脚
"
cut sth. off,"na. 削除；截止；截断(退路等)；割下来
"
lift sth. up,"na. 同“lift”；提起来
"
lift sb. up,"na. 同“lift”；提起来
"
send sth. away,"na. 撵走；开除；解雇；把…送到远处
"
send sb. away,"na. 撵走；开除；解雇；把…送到远处
"
cause,"n. 原因；事业；目标
vt. 引起；使遭受"
pull,"n. 拉，拉绳；拉力，牵引力；拖
vt. 拉；拔；拖
vi. 拉，拖；拔
"
permission,n. 允许，许可
prevent,"vt. 预防，防止；阻止
vi. 妨碍，阻止"
as soon as,"na. 一…就；见 soon 条
"
worth,"n. 价值；财产
adj. 值…的
"
worthy,"n. 杰出人物；知名人士
adj. 值得的；有价值的；配得上的，相称的；可尊敬的；应…的
"
value,"n. 值；价值；价格；重要性；确切涵义
vt. 评价；重视；估价"
rob,"vt. 抢劫；使…丧失；非法剥夺
vi. 抢劫；掠夺"
enter,"n. [计] 输入；回车
vt. 进入；开始；参加
vi. 参加，登场；进去
"
neat,adj. 灵巧的；整洁的；优雅的；齐整的；未搀水的；平滑的
path,n. 道路；小路；轨道
Confucius,n. 孔子（中国哲学家，教育家）
good-looking,adj. 好看的；美貌的
compare,"vi. 相比，匹敌；比较，区别；比拟（常与to连用）
vt. 比拟，喻为；[语]构成
n. 比较
"
in order,"na. 整整齐齐；合规则；情况正常；健康
"
Olympic Games,"n. 奥林匹克运动会；奥运会
"
beat,"n. 拍子；敲击；有规律的一连串敲打
adj. 筋疲力尽的；疲惫不堪的
vt. 打；打败
vi. 打；打败；拍打；有节奏地舒张与收缩
"
gain,"n. 增加；利润；收获
vi. 增加；获利
vt. 获得；增加；赚到
"
gather,"n. 聚集；衣褶；收获量
vt. 收集；收割；使…聚集；使…皱起
vi. 聚集；化脓；皱起
"
strike,"n. 罢工；打击；殴打
vi. 打，打击；罢工；敲，敲击；抓；打动；穿透
vt. 打，击；罢工；撞击，冲击；侵袭；打动；到达
"
hand,"n. 手，手艺；帮助；指针；插手
vt. 传递，交给；支持；搀扶
"
refuse,"n. 垃圾；废物
vi. 拒绝
vt. 拒绝；不愿；抵制"
celebrate,"vt. 庆祝；举行；赞美；祝贺；宣告
vi. 庆祝；过节；举行宗教仪式"
Tomb-sweeping Day, 清明节；日清明节；扫墓节
heavily,adv. 沉重地；猛烈地；沉闷地
except,"conj. 除了；要不是
prep. 除…之外
vt. 不计；把…除外
vi. 反对"
realise,"vt. 实现, 认识到, 体会到, 了解, 认清, 使显得逼真, 变卖财产为现钱"
beat,"n. 拍子；敲击；有规律的一连串敲打
adj. 筋疲力尽的；疲惫不堪的
vt. 打；打败
vi. 打；打败；拍打；有节奏地舒张与收缩
"
alarm clock,"n. 闹钟
"
alarm,"n. 闹钟；警报，警告器；惊慌
vt. 警告；使惊恐"
deny,"vi. 否认；拒绝
vt. 否定，否认；拒绝给予；拒绝…的要求"
jazz,"n. 爵士乐，爵士舞；喧闹
vi. 奏爵士乐，跳爵士舞；游荡
vt. 奏爵士乐；使活泼
adj. 爵士乐的；喧吵的
"
musical instrument,"n. 乐器
"
clavichord,n. 古钢琴，翼琴
damage,"vi. 损害；损毁
vt. 损害，毁坏
n. 损害；损毁；赔偿金"
key,"n. （打字机等的）键；关键；钥匙
vt. 键入；锁上；调节…的音调；提供线索
vi. 使用钥匙
adj. 关键的
"
string,n. 线，弦，细绳；一串，一行
shock,"n. 休克；震惊；震动；打击；禾束堆
adj. 浓密的；蓬乱的
vt. 使休克；使震惊；使震动；使受电击；把…堆成禾束堆
vi. 感到震惊；受到震动；堆成禾束堆
"
classical,"n. 古典音乐
adj. 古典的；经典的；传统的；第一流的"
dislike,"n. 嫌恶，反感，不喜爱
vt. 不喜欢，厌恶"
MRI scanner,无
invent,vt. 发明；创造；虚构
compose,"vt. 构成；写作；使平静；排…的版
vi. 组成；作曲；排字"
design,"n. 设计；图案
vt. 设计；计划；构思
vi. 设计"
fix,"n. 困境；方位；贿赂
vt. 使固定；修理；安装；准备
vi. 固定；注视
"
rent,"n. 租金
vt. 出租；租用；租借
vi. 租；出租
"
electricity bill, 电费；电费单；电费账单
inspect,"vt. 检查；视察；检阅
vi. 进行检查；进行视察"
newsagent,n. 报刊经销商
deliver,"n. 投球
vt. 交付；发表；递送；释放；给予（打击）；给…接生
vi. 实现；传送；履行；投递"
headmaster,n. 校长
punish,"vt. 惩罚；严厉对待；贪婪地吃喝
vi. 惩罚"
destroy,vt. 破坏；消灭；毁坏
turn,"n. 转弯；变化；(损害或有益于别人的)行为，举动，举止
vi. 转向；转变；转动
vt. 转动，使旋转；转弯；翻过来；兑换
"
deserve,"vi. 应受，应得
vt. 应受，应得"
salary,"n. 薪水
vt. 给...加薪；给...薪水"
once,"adv. 一次；曾经
conj. 一旦
n. 一次，一回"
at once,"na. 立刻；同时
"
educational,adj. 教育的；有教育意义的
portrait,"n. 肖像；描写；半身雕塑像
"
landscape,"n. 风景；风景画；景色；山水画；乡村风景画；地形；（文件的）横向打印格式
vt. 对…做景观美化，给…做园林美化；从事庭园设计
vi. 美化（环境等），使景色宜人；从事景观美化工作，做庭园设计师"
practise,"vi. 练习，实践；实施，实行；从事
vt. 练习，实践；实施，实行"
tai chi, 太极；太极拳；中国太极
country,"n. 国家，国土；国民；乡下，农村；乡村；故乡
adj. 祖国的，故乡的；地方的，乡村的；国家的；粗鲁的；乡村音乐的"
fish,"n. 鱼，鱼类
vt. 钓鱼，捕鱼；搜寻
vi. 捕鱼，钓鱼；用钩捞取
"
yard,"n. 院子；码（英制中丈量长度单位，1码=3英尺）；庭院；帆桁
vt. 把…关进或围在畜栏里
"
firefighter,n. 消防队员
advise,"vt. 建议；劝告，忠告；通知；警告
vi. 建议；与…商量"
review,"n. 回顾；复习；评论；检讨；检阅
vt. 回顾；检查；复审
vi. 回顾；复习功课；写评论"
stranger,"n. 陌生人；外地人；局外人
"
cheer,"n. 欢呼；愉快；心情；令人愉快的事
vt. 欢呼；使高兴；为…加油
vi. 欢呼；感到高兴"
Taj Mahal,"na. (印度 Agra 的)泰姬陵
"
emperor,n. 皇帝，君主
ruler,n. 尺；统治者；[测] 划线板，划线的人
in honour of,"na. 向…表示敬意
"
in sb.'s honour,无
expert,"n. 专家；行家；能手
adj. 熟练的；内行的；老练的
vt. 当专家；在…中当行家
"
call sb. in,"na. 招；叫进；引入；调入
"
construct,"n. 构想，概念
vt. 建造，构造；创立"
dome,"n. 圆屋顶
vi. 成圆顶状
vt. 加圆屋顶于…上
"
decorate,"vt. 装饰；布置；授勋给
vi. 装饰；布置"
complete,"adj. 完整的；完全的；彻底的
vt. 完成"
fortune,"n. 财富；命运；运气
vt. 给予财富
vi. 偶然发生
"
dig,"n. 戳，刺；挖苦
vi. 挖掘
vt. 挖，掘；探究
"
wage,"n. 工资；代价；报偿
vt. 进行；开展
vi. 进行；发动；从事"
laptop,n. 膝上型轻便电脑，笔记本电脑
on strike,"adj. 罢工
"
go up,"na. 上升；上城市去；腾贵；烧起来
"
once more,"na. 再一次；“once again/more”的变体
"
captain,"n. 队长，首领；船长；上尉；海军上校
vt. 指挥；率领"
set off,"na. 分；分割；划开；区划
"
harbour,"n. 海港（等于harbor）；避难所
vt. 庇护；藏匿；入港停泊
vi. 藏匿；入港停泊；庇护
"
set out,"n. 开始；出发；动身；准备
"
plenty of,"na. 很多的
"
take part in sth.,"na. 参加；贡献
"
luggage,n. 行李；皮箱
feed,"n. 饲料；饲养；（动物或婴儿的）一餐
vt. 喂养；供给；放牧；抚养（家庭等）；靠…为生
vi. 吃东西；流入"
stupidly,adv. 愚蠢地
be over,"v. 结束了
"
be up to,"un. 面对；在干；居心
"
capable,adj. 能干的，能胜任的；有才华的
set sth. up,"na. 建立；创立；发起；开办
"
perform,"vt. 执行；完成；演奏
vi. 执行，机器运转；表演"
absent,"adj. 缺席的；缺少的；心不在焉的；茫然的
vt. 使缺席"
create,vt. 创造，创作；造成
voyage,"n. 航行；航程；旅行记
vt. 飞过；渡过
vi. 航行；航海"
take place,"na. 发生；举行
"
ocean,"n. 海洋；大量；广阔
"
group,"n. 组；团体
adj. 群的；团体的
vt. 把…聚集；把…分组
vi. 聚合"
pop singer,"n. 流行歌歌星
"
at present,"na. 目前
"
club,"n. 俱乐部，社团；夜总会；棍棒；（扑克牌中的）梅花
adj. 俱乐部的
vt. 用棍棒打；募集
vi. 集资；组成俱乐部
"
performance,n. 性能；绩效；表演；执行；表现
occasion,"n. 时机，机会；场合；理由
vt. 引起，惹起"
drill,"n. 训练；钻孔机；钻子；播种机
vt. 钻孔；训练；条播
vi. 钻孔；训练
"
invitation,n. 邀请；引诱；请帖；邀请函
probably,adv. 大概；或许；很可能
tool,"n. 工具，用具；器械，机床；手段
vt. 用工具给……加工
vi. 使用工具；用机床装备工厂"
poetry,n. 诗；诗意，诗情；诗歌艺术
uniform,"n. 制服
adj. 统一的；一致的；相同的；均衡的；始终如一的
vt. 使穿制服；使成一样"
attract,"vt. 吸引；引起
vi. 吸引；有吸引力"
folk singer,"n. 民歌手；唱民歌者
"
recital,n. 朗诵，吟诵；独奏会；背诵；独唱会
execution,n. 执行，实行；完成；死刑
situation,n. 情况；形势；处境；位置
condition,"n. 条件；情况；环境；身份
vt. 决定；使适应；使健康；以…为条件"
drive on to sth.,无
wave,"n. 波动；波浪；高潮；挥手示意；卷曲
vt. 卷（烫）发；向…挥手示意；使成波浪形
vi. 波动；起伏；挥手示意；摇动；呈波形"
lift,"vt. 举起；提升；鼓舞；空运；抄袭
vi. 消散；升起；耸立
n. 电梯；举起；起重机；搭车"
apart from,"prep. 除了…外（都）；要不是；除了…外（还）；此外
"
neither,"conj. 也不；既不
adv. 两个都不；既不……也不
adj. 两者都不的
pron. 两者都不"
reach,"n. 范围；延伸；河段；横风行驶
vi. 达到；延伸；伸出手；传开
vt. 达到；影响；抵达；伸出
"
continue,"vt. 继续说…；使…继续；使…延长
vi. 继续，延续；仍旧，连续"
upset,"n. 混乱；翻倒；颠覆
adj. 心烦的；混乱的；弄翻的
vt. 使心烦；颠覆；扰乱
vi. 翻倒"
report,"n. 报告；报道；成绩单
vt. 报告；报导；使报到
vi. 报告；报到；写报导
"
properly,adv. 适当地；正确地；恰当地
run away,"na. 私奔；逃；弄不好
"
explain,v. 说明；解释
fasten,"vt. 使固定；集中于；扎牢；强加于
vi. 扣紧；抓住；集中注意力
"
seat belt,"n. （汽车或飞机上的）安全带
"
take off,"v. (飞机)起飞；出去；拿掉；移送
"
disturb,"vt. 打扰；妨碍；使不安；弄乱；使恼怒
vi. 打扰；妨碍"
taxi,"n. 出租汽车
vt. 使滑行；用出租车送
vi. 乘出租车；滑行"
except for,"na. 只有
"
either,"conj. 也（用于否定句或否定词组后）；根本
prep. 任何一个
adj. 两者之中任一的；两者之中每一的
pron. 任一，两方，随便哪一个；两者中的一个或另一个"
both,"conj. 既…且…
adj. 两个的；两者的
pron. 双方都；两者都
adv. 并；又；两者皆
"
free,"adj. 免费的；自由的，不受约束的；[化学] 游离的
vt. 使自由，解放；释放
adv. 自由地；免费
"
salute,"n. 致敬，欢迎；敬礼
vt. 行礼致敬，欢迎
vi. 致意，打招呼；行礼"
greet,"vt. 欢迎，迎接；致敬，致意；映入眼帘
"
signal,"n. 信号；暗号；导火线
adj. 显著的；作为信号的
vt. 标志；用信号通知；表示
vi. 发信号
"
nod,"n. 点头；打盹；摆动
vt. 点头；点头表示
vi. 点头；打盹；摆动"
tramp,"n. 流浪者；沉重的脚步声；徒步旅行
vi. 流浪；践踏，踩；脚步沉重地行走
vt. 践踏，踩；走过"
hitch hiker,搭便车的人；搭顺风车的人
passenger,n. 旅客；乘客；过路人；碍手碍脚的人
respond,"n. 应答；唱和
vi. 回答；作出反应；承担责任
vt. 以…回答"
nervous,adj. 神经的；紧张不安的；强健有力的
look up from sth.,无
afford,"vt. 给予，提供；买得起
"
pressure,"n. 压力；压迫，[物] 压强
vt. 迫使；密封；使……增压"
minister,"n. 部长；大臣；牧师
vi. 执行牧师职务；辅助或伺候某人"
stain,"n. 污点；瑕疵；着色剂
vt. 沾污；败坏；给…着色
vi. 污染；被沾污；被染污
"
discussion,n. 讨论，议论
fall,"n. 下降；秋天；瀑布
adj. 秋天的
vi. 落下；变成；来临；减弱
vt. 砍倒；击倒
"
rise,"n. 上升；高地；增加；出现
vt. 使…飞起；使…浮上水面
vi. 上升；增强；起立；高耸"
irritable,adj. 过敏的；急躁的；易怒的
cover sb. with sth.,"v. 覆盖着
"
cover sth. with sth.,"v. 覆盖着
"
polite,adj. 有礼貌的，客气的；文雅的；上流的；优雅的
let sb. go,"v. 放手；解雇；松手；忽视
"
let sth. go,"v. 放手；解雇；松手；忽视
"
ticket,vt. 加标签于；指派；对…开出交通违规罚单
traffic police,"un. 交通警
"
No Parking,"adj. 不准停放
n. 不准停车
"
area,"n. 区域，地区；面积；范围
"
reminder,n. 暗示；提醒的人/物；催单
fail,"n. 不及格
vi. 失败，不及格；破产；缺乏；衰退
vt. 不及格；使失望；忘记；舍弃
"
obey,"vt. 服从，听从；按照……行动
vi. 服从，顺从；听话
"
disobey,v. 违反；不服从
direction,n. 方向；指导；趋势；用法说明
briefcase,n. 公文包
occupied,"adj. 已占用的；使用中的；无空闲的
v. 占有（occupy的过去分词）"
force,"n. 力量；武力；军队；魄力
vt. 促使，推动；强迫；强加
"
unwell,adj. 不舒服的；生病的
delay,"n. 延期；耽搁；被耽搁或推迟的时间
vt. 延期；耽搁
vi. 延期；耽搁
"
blame,"n. 责备；责任；过失
vt. 责备；归咎于"
take care of sb.,"na. 照看；处理；清除
"
take care of sth.,"na. 照看；处理；清除
"
remind,vt. 提醒；使想起
lie,"vi. 躺；说谎；位于；展现
vt. 谎骗
n. 谎言；位置
"
occasionally,adv. 偶尔；间或
fine,"n. 罚款
adj. 好的；优良的；细小的，精美的；健康的；晴朗的
vt. 罚款；澄清
adv. 很好地；精巧地
"
quarrel,"n. 吵架；反目；怨言；争吵的原因；方头凿
vi. 吵架；争论；挑剔"
district,n. 区域；地方；行政区
surrounding,"n. 环境，周围的事物
adj. 周围的，附近的"
kingdom,"n. 王国；界；领域
"
amuse,vt. 娱乐；消遣；使发笑；使愉快
please,"int. 请（礼貌用语）
vt. 使喜欢；使高兴，使满意
vi. 讨人喜欢；令人高兴"
remain,"n. 遗迹；剩余物，残骸
vi. 保持；依然；留下；剩余；逗留；残存"
souvenir,"n. 纪念品；礼物
vt. 把…留作纪念"
remembrance,n. 回想，回忆；纪念品；记忆力
resist,"n. [助剂] 抗蚀剂；防染剂
vt. 抵抗；忍耐，忍住
vi. 抵抗，抗拒；忍耐"
withdraw,"vt. 撤退；收回；撤消；拉开
vi. 撤退；离开"
at least,"na. 至少
"
in spite of,"na. spite of 不管；〔古语〕无视
"
appear,vi. 出现；显得；似乎；出庭；登场
stocking,"n. 长袜
"
orange-coloured,"a. 橙色的, 桔色的"
grown up,"na. 成人发生
"
pretend,"vt. 假装，伪装，模拟
adj. 假装的
vi. 假装，伪装，佯装"
orchestra,n. 管弦乐队；乐队演奏处
live,"adj. 活的；生动的；实况转播的；精力充沛的
vt. 经历；度过
vi. 活；居住；生存
"
rehearse,"vt. 排练；预演
vi. 排练；演习"
go to town,"na. 进京；〈美〉去市区买东西；过浮华生活；会活动
"
doubt,"n. 怀疑；疑问；疑惑
v. 怀疑；不信；恐怕；拿不准"
go to hospital,"na. 入院
"
search,"n. 搜寻；探究，查究
vt. 搜索；搜寻；调查；搜查；探求
vi. 搜寻；调查；探求
"
rescue,"n. 营救；援救；解救
vt. 营救；援救"
mountaineer,"n. 登山家，登山运动员；山地人
vi. 登山"
attend,"vi. 出席；致力于；照料；照顾
vt. 出席；上（大学等）；照料；招待；陪伴"
personally,adv. 亲自地；当面；个别地；就自己而言
position,"n. 位置，方位；职位，工作；姿态；站位
vt. 安置；把……放在适当位置"
costume,"n. 服装，装束；戏装，剧装
vt. 给…穿上服装"
ready-made,adj. 现成的；做好的；陈旧的；平凡的
fifteenth-century, 十五世纪
in sb's opinion,"依照(某人的)看法, 在(某人)看来"
present,"n. 现在；礼物；瞄准
adj. 现在的；出席的
vt. 提出；介绍；呈现；赠送
vi. 举枪瞄准"
point,"n. 要点；得分；标点；[机] 尖端
vt. 指向；弄尖；加标点于
vi. 表明；指向
"
produce,"n. 农产品，产品
vt. 生产；引起；创作；生育，繁殖
vi. 生产，创作"
instead of,"prep. 代替；作为…的替换
"
adolescent,"n. 青少年
adj. 青春期的；未成熟的"
pub,"n. 酒馆；客栈
"
landlord,n. 房东，老板；地主
shell,"n. 壳，贝壳；炮弹；外形
vt. 剥皮；炮轰
vi. 剥落；设定命令行解释器的位置"
Good heavens!,"na. “heavens/good heavens”的变体
"
villa,"n. 别墅；郊区住宅
"
degree,n. 程度，等级；度；学位；阶层
diploma,"n. 毕业证书，学位证书；公文，文书；奖状
vt. 发给…毕业文凭"
Picasso,n. 毕加索(法国画家)
Plato,n. 柏拉图（古希腊哲学家）
end-of-term, 期末
possess,vt. 控制；使掌握；持有；迷住；拥有，具备
take a bath,"na. “have a bath”的变体
"
hole,"n. 洞，孔；洞穴，穴；突破口
vt. 凿洞
vi. 凿洞，穿孔；（高尔夫球等）进洞
"
give sth. in,"na. 让步；屈服；投降；上交
"
give in,"na. 让步；屈服；投降；上交
"
surrender,"n. 投降；放弃；交出；屈服
vt. 使投降；放弃；交出；听任
vi. 投降；屈服；自首"
give sth. up,"na. 放弃；断绝；投降；自首
"
give sb. up,"na. 放弃；断绝；投降；自首
"
besides,"prep. 除…之外
adv. 此外；而且"
a number of,"na. 若干；〔口语〕=numbers of 许多的
"
in addition to,"na. 加之
"
battle,"n. 战役；斗争
vt. 与…作战
vi. 斗争；作战
"
even if,"na. 即使…也
"
permit,"n. 许可证，执照
vt. 许可；允许
vi. 许可；允许"
far from,"na. 远离；决不
"
turn back,"na. 同“turn down ”
"
sell out,"na. 卖完；脱销；背叛；〈美口〉欺骗
"
at any moment,"na. 不知何时
"
ticket office,"na. 票房
"
pity,"n. 怜悯，同情；遗憾
vt. 对……表示怜悯；对……感到同情"
What a pity!,"un. 真可惜
"
exclaim,"vt. 大声说出
vi. 呼喊，惊叫；大声叫嚷"
return,"vi. 返回；报答
adj. 报答的；回程的；返回的
vt. 返回；报答
n. 返回；归还；回球"
might,"n. 力量；威力；势力
v. 可以；或许（may的过去式）；应该
aux. 可能；也许
"
sadly,adv. 悲哀地；悲痛地
disappointed,adj. 失望的，沮丧的；受挫折的
accept,"vi. 承认；同意；承兑
vt. 接受；承认；承担；承兑；容纳"
in advance,"na. 预先；在先头
"
get together,"na. 聚集；集合；汇齐；积累
"
Spring Festival,"n. 春节
"
arrangement,n. 布置；整理；准备
laundry,n. 洗衣店，洗衣房；要洗的衣服；洗熨；洗好的衣服
mention,"vt. 提到，谈到；提及，论及；说起
n. 提及，说起
"
may as well,"na. “may well”的变体
"
suppose,"conj. 假使…结果会怎样
vt. 假设；认为；让（虚拟语气）；推想
vi. 猜想；料想"
delighted,"adj. 高兴的；欣喜的
v. 使…兴高采烈；感到快乐（delight的过去分词）"
fisherman,n. 渔夫；渔人
boot,"n. 靴子；踢；汽车行李箱
vt. 引导；踢；解雇；使穿靴
"
fall off,"na. 下降；(从马上)掉下来；扫兴颓丧；离开
"
fall,"n. 下降；秋天；瀑布
adj. 秋天的
vi. 落下；变成；来临；减弱
vt. 砍倒；击倒
"
come,"vi. 来；开始；出现；发生；变成；到达
vt. 做；假装；将满（…岁）
int. 嗨！
"
pleasure,"n. 快乐；希望；娱乐；令人高兴的事
vt. 使高兴；使满意
vi. 高兴；寻欢作乐"
pastime,n. 娱乐，消遣
apologise,vi. 道歉（等于apologize）
dash,"n. 破折号；冲撞
vi. 猛冲；撞击
vt. 使…破灭；猛撞；泼溅
"
excited,"v. 激动；唤起（excite的过去分词）
adj. 兴奋的；激动的；活跃的"
engine,n. 引擎，发动机；机车，火车头；工具
power,"n. 力量，能力；电力，功率；政权，势力；[数] 幂
adj. 借影响有权势人物以操纵权力的
vt. 激励；供以动力；使…有力量
vi. 快速前进
"
explorer,n. 探险家；勘探者；探测器；[医]探针
lead,"n. 领导；铅；导线；榜样
vt. 领导；致使；引导；指挥
vi. 领导；导致；用水砣测深
adj. 带头的；最重要的
"
pull sth. up,"v. 拔起；使…停下
"
pull sb. up,"v. 拔起；使…停下
"
hold,"n. 控制；保留
vi. 支持；有效；持续
vt. 持有；拥有；保存；拘留；约束或控制
又作“Hold住”使用，中英混用词汇，表示轻松掌控全局。
[ 过去式 held 过去分词 held或holden 现在分词 holding ]"
aeroplane,n. 飞机（等于airplane）
reason,"n. 理由；理性；动机
vt. 说服；推论；辩论
vi. 推论；劝说
"
come into,"na. 归入；开始；得到；缔结
"
drive,"n. 驱动器；驾车；[心理] 内驱力，推进力；快车道
vi. 开车；猛击；飞跑
vt. 推动，发动（机器等）；驾驶（马车，汽车等）；驱赶"
sum,"n. 金额；总数
vt. 总结；合计
vi. 概括
"
determined,"v. 决定；断定（determine的过去分词）
adj. 决定了的；坚决的"
inform,"vi. 告发；告密
vt. 通知；告诉；报告"
settle,"n. 有背长椅
vi. 解决；定居；沉淀；下陷
vt. 解决；安排；使…定居
"
accurately,adv. 精确地，准确地
order,"n. 命令；顺序；规则；[贸易] 定单
vt. 命令；整理；定购
vi. 命令；定货"
instruction,n. 指令，命令；指示；教导；用法说明
seriously,adv. 认真地；严重地，严肃地
thoroughly,adv. 彻底地，完全地
drive sb. into sth.,"na. 把…赶进去；(风等把…)吹积成；把(功课等)灌输给
"
drive sth. into sth.,"na. 把…赶进去；(风等把…)吹积成；把(功课等)灌输给
"
cattle,"n. 牛；牲畜（骂人的话）；家畜；无价值的人
"
drive sb. back," 驾车返回, 驱车返回; 迫使后退; 逐退; 却"
drive sth. back," 驾车返回, 驱车返回; 迫使后退; 逐退; 却"
drive sb. out of sth., 驱逐出；迫使…离开
drive sth. out of sth., 驱逐出；迫使…离开
government,n. 政府；政体；管辖
dream,"n. 梦想，愿望；梦
adj. 梦的；理想的；不切实际的
vt. 梦想；做梦；想到
vi. 梦想；做梦，梦见；想到"
ferry,"n. 渡船；摆渡；渡口
vt. （乘渡船）渡过；用渡船运送；空运
vi. 摆渡；来往行驶
"
strongly,adv. 强有力地；坚强地；激烈地；气味浓地
connect,"vt. 连接；联合；关连
vi. 连接，连结；联合"
accuse,"vt. 控告，指控；谴责；归咎于
vi. 指责；控告"
theft,n. 盗窃；偷；赃物
cure,"n. 治疗；治愈；[临床] 疗法
vt. 治疗；治愈；使硫化；加工处理
vi. 治病；痊愈；受治疗；被硫化；被加工处理
"
assure,vt. 保证；担保；使确信；弄清楚
support,"n. 支持，维持；支援，供养；支持者，支撑物
vt. 支持，支撑，支援；扶持，帮助；赡养，供养"
warn,"vt. 警告，提醒；通知
vi. 发出警告，发出预告
"
convince,vt. 说服；使确信，使信服
demand,"n. [经] 需求；要求；需要
vt. 要求；需要；查询
vi. 需要；请求；查问
"
escape,"n. 逃跑；逃亡；逃走；逃跑工具或方法；野生种；泄漏
vi. 逃脱；避开；溜走；（气体，液体等）漏出；（未受伤或只受了一点伤害而）逃脱；声音（不自觉地）由…发出
vt. 逃避，避开，避免；被忘掉；被忽视"
experienced,adj. 老练的，熟练的；富有经验的
believe in sb.,"v. 相信
"
believe in sth.,"v. 相信
"
delight,"n. 高兴
vt. 使高兴
vi. 高兴
"
consult,"vi. 请教；商议；当顾问
vt. 查阅；商量；向…请教"
economise,vi. 节省，减少开支
cost of living,"n. 生活费用
"
pollution,"n. 污染
污染物"
live on sb.,"na. 以…为主食；靠…生活；继续活着；靠［吃］…生活
"
live on sth.,"na. 以…为主食；靠…生活；继续活着；靠［吃］…生活
"
approve,"vi. 批准；赞成；满意
vt. 批准；赞成；为…提供证据"
beware,"vt. 注意，当心；提防
vi. 当心，小心"
boast,"n. 自夸；值得夸耀的事物，引以为荣的事物
vi. 自吹自擂
vt. 夸口说，自吹自擂说；以有…而自豪
"
consist,vi. 由…组成；在于；符合
despair,"n. 绝望；令人绝望的人或事
vi. 绝望，丧失信心"
hear,"vi. 听；听见
vt. 听到，听；听说；审理"
rid,"vt. 使摆脱；使去掉
"
suspect,"n. 嫌疑犯
adj. 可疑的；不可信的
vi. 怀疑；猜想
vt. 怀疑；猜想"
get tired of, 对……感到厌倦；厌烦；对……厌烦
be tired of,"v. 厌烦；厌倦
"
defend,"vi. 保卫；防守
vt. 辩护；防护"
differ,"vi. 相异；意见分歧
vt. 使…相异；使…不同
"
dismiss,"vt. 解散；解雇；开除；让...离开；不予理会、不予考虑
vi. 解散"
draw,"n. 平局；抽签
vi. 拉；拖
vt. 画；拉；吸引
"
emerge,vi. 浮现；摆脱；暴露
excuse,"n. 借口；理由
vt. 原谅；为…申辩；给…免去
vi. 作为借口；请求宽恕；表示宽恕"
hinder,"vt. 阻碍；打扰
adj. 后面的
vi. 成为阻碍
"
prohibit,vt. 阻止，禁止
protect,vt. 保护，防卫；警戒
separate,"n. .分开；抽印本
adj. 单独的；分开的；不同的；各自的；
vt. 使分离；使分开；使分居
vi. 分开；隔开；分居"
suffer,"vi. 遭受，忍受；受痛苦；经验；受损害
vt. 遭受；忍受；经历
"
employ,"n. 使用；雇用
vt. 使用，采用；雇用；使忙于，使从事于"
engage,"vi. 从事；答应，保证；交战；啮合
vt. 吸引，占用；使参加；雇佣；使订婚；预定"
include,vt. 包含，包括
indulge,"vi. 沉溺；满足；放任
vt. 满足；纵容；使高兴；使沉迷于…"
instruct,vt. 指导；通知；命令；教授
invest,"vi. 投资，入股；花钱买
vt. 投资；覆盖；耗费；授予；包围"
involve,vt. 包含；牵涉；使陷于；潜心于
persist,"vi. 存留，坚持；持续，固执
vt. 坚持说，反复说"
base,"n. 基础；底部；垒
adj. 卑鄙的；低劣的
vt. 以…作基础
"
comment,"n. 评论；意见；批评
vi. 发表评论；发表意见
vt. 为…作评语
"
concentrate,"n. 浓缩，精选；浓缩液
vi. 集中；浓缩；全神贯注；聚集
vt. 集中；浓缩"
count,"n. 计数；计算；伯爵
vt. 计算；认为
vi. 计数；有价值
"
depend,vi. 依赖，依靠；取决于；相信，信赖
embark,"vi. 从事，着手；上船或飞机
vt. 使从事；使上船"
experiment,"n. 实验，试验；尝试
vi. 尝试；进行实验"
insist on sth.,"v. 坚持；强调
"
lean,"vi. 倾斜；倚靠；倾向；依赖
adj. 瘦的；贫乏的，歉收的
vt. 使倾斜
n. 瘦肉；倾斜；倾斜度
"
operate,"vi. 运转；动手术；起作用
vt. 操作；经营；引起；对…开刀"
pride,"n. 自豪；骄傲；自尊心
vt. 使得意，以…自豪
vi. 自豪
"
rely on sb.,"v. 依靠；信赖
"
rely on sth.,"v. 依靠；信赖
"
vote,"n. 投票，选举；选票；得票数
vi. 选举，投票
vt. 提议，使投票；投票决定；公认
"
tip,"n. 小费；尖端；小建议，小窍门；轻拍
vt. 给小费；倾斜；翻倒；装顶端
vi. 给小费；翻倒；倾覆"
engaged,"v. 保证；约定；同…订婚（engage的过去分词）
adj. 使用中的，忙碌的"
punctual,adj. 准时的，守时的；精确的
Beethoven,n. 贝多芬（德国作曲家）
Dickens,n. 魔鬼（等于devil）
scheme,"n. 计划；组合；体制；诡计
vt. 计划；策划
vi. 搞阴谋；拟订计划
"
attempt,"n. 企图，试图；攻击
vt. 企图，试图；尝试"
summit,"n. 顶点；最高级会议；最高阶层
adj. 最高级的；政府首脑的"
effort,n. 努力；成就
correspond,vi. 符合，一致；相应；通信
lump,"n. 块，块状；肿块；瘤；很多；笨人
vt. 混在一起；使成块状；忍耐；笨重地移动
vi. 结块
adj. 成团的；总共的
adv. 很；非常"
tube,"n. 管；电子管；隧道；电视机
vt. 使成管状；把…装管；用管输送
vi. 乘地铁；不及格"
sheet,"n. 薄片，纸张；薄板；床单
adj. 片状的
vt. 覆盖；盖上被单；使成大片
vi. 成片流动；大片落下
"
now and again, 不时地；时而；偶尔
previous,"adj. 以前的；早先的；过早的
adv. 在先；在…以前"
accompany,"vt. 陪伴，伴随；伴奏
vi. 伴奏，伴唱"
review,"n. 回顾；复习；评论；检讨；检阅
vt. 回顾；检查；复审
vi. 回顾；复习功课；写评论"
picnic,"n. 野餐
vi. 去野餐"
thunderstorm,n. [气象] 雷暴；雷暴雨；大雷雨
politics,n. 政治，政治学；政治活动；政纲
sympathetic,"n. 交感神经；容易感受的人
adj. 同情的；交感神经的；共鸣的；赞同的；和谐的；合意的"
wicked,adj. 邪恶的；恶劣的；不道德的；顽皮的
gentleman,n. 先生；绅士；有身份的人
honesty,n. 诚实，正直
appreciate,"vi. 增值；涨价
vt. 欣赏；感激；领会；鉴别"
frightened,"v. 害怕；使吃惊；吓走（frighten的过去分词）
adj. 害怕的；受惊的；受恐吓的"
footstep,n. 脚步；脚步声；足迹
scream,"n. 尖叫声；尖锐刺耳的声音；极其滑稽可笑的人
vi. 尖叫；呼啸；发出尖锐刺耳的声音；令人触目惊心
vt. 尖声喊叫；大叫大嚷着要求"
explanation,n. 说明，解释；辩解
bad tempered,"adj. 暴躁的
"
furniture,n. 家具；设备；储藏物
honourable,adj. 荣誉的；值得尊敬的；表示尊敬的；正直的
honour,"n. 荣誉；尊敬；勋章
vt. 尊敬；[金融] 承兑；承兑远期票据
"
trust,"n. 信任，信赖；责任；托拉斯
vt. 信任，信赖；盼望；赊卖给
vi. 信任，信赖；依靠
"
