abase,vt. 使…谦卑；降低…的品格；降低…的地位
abdicate,"vt. 退位；放弃
vi. 退位；放弃"
abolition,n. 废除；废止
abreast,"adj. 并排的；肩并肩的
adv. 并肩地；并列"
abstain,vi. 自制；放弃；避免
accede,vi. 加入；同意；就任
additive,"n. 添加剂，添加物
adj. 附加的；[数] 加法的"
adept,"n. 内行；能手
adj. 熟练的；擅长…的"
aeronautics,n. 航空学；飞行术
affinity,n. 密切关系；吸引力；姻亲关系；类同
airborne,adj. [航] 空运的；空气传播的；风媒的
akin,"adj. 类似的；同类的；同族的
"
allegation,n. 指控; 陈述，主张; 宣称; 陈词，陈述;
allergic,adj. 对…过敏的；对…极讨厌的
allot,"vt. 分配；拨给；分派
"
amber,"n. 琥珀；琥珀色
adj. 琥珀色的；琥珀制的
vt. 使呈琥珀色"
amphibian,"n. [脊椎] 两栖动物；水陆两用飞机；具有双重性格的人
adj. 两栖类的；[车辆] 水陆两用的；具有双重性格的"
anabolism,n. [生化] 合成代谢；同化，同化作用
anarchism,n. 无政府主义
anatomy,n. 解剖；解剖学；剖析；骨骼
anew,adv. 重新；再
annex,"n. 附加物；附属建筑物
vt. 附加；获得；并吞"
antagonist,n. 敌手；[解剖] 对抗肌；[生化] 拮抗物；反协同试剂
anthropological,adj. 人类学的；人类学上的
anthropology,"n. 人类学
人类学家"
antibacterial,"n. 抗菌剂；抗菌药
adj. 抗菌的"
appraise,vt. 评价，鉴定；估价
apprehensive,adj. 忧虑的；不安的；敏悟的；知晓的
aquatic,"n. 水上运动；水生植物或动物
adj. 水生的；水栖的；在水中或水面进行的
"
archaeologist,n. 考古学家
arduous,adj. 努力的；费力的；险峻的
arid,adj. 干旱的；不毛的，[农] 荒芜的
artifice,"n. 诡计；欺骗；巧妙的办法
"
artillery,n. 火炮；大炮；炮队；炮术
arthritis,n. [外科] 关节炎
ascribe,vt. 归因于；归咎于
aspiration,n. 渴望；抱负；送气；吸气；吸引术
aspirin,n. 阿司匹林（解热镇痛药）
assent,"n. 同意；赞成
vi. 同意；赞成"
assort,"vt. 把…分级；把…归为一类
vi. 协调；交往"
astrology,n. 占星术；占星学；星座
astrophysicist,n. 天体物理学家
attentively,adv. 注意地；聚精会神地；周到地
authorize,vt. 批准，认可；授权给；委托代替
avenge,"vt. 替…报仇
vi. 报复，报仇"
backbone,n. 支柱；主干网；决心，毅力；脊椎
backdrop,n. 背景；背景幕；交流声
baffle,"n. 挡板；困惑
vt. 使…困惑；使…受挫折；用挡板控制
vi. 做徒劳挣扎"
bakery,n. 面包店
barrenness,n. 不孕症；不育症；荒芜
barter,"n. 易货贸易；物物交换；实物交易
vt. 以…作为交换；拿…进行易货贸易
vi. 进行易货贸易；[贸易] 作物物交换；讨价还价
"
berry,"n. 浆果（葡萄，番茄等）
vi. 采集浆果
"
besiege,vt. 围困；包围；烦扰
biomedical,adj. 生物医学的
blanch,"n. 铅矿石
vi. 漂白；发白；变白
vt. 漂白；使变白
adj. 漂白的；银白色的
"
bland,"adj. 乏味的；温和的；冷漠的
vt. 使…变得淡而无味；除掉…的特性
vi. 变得平淡无奇；丧失特性
"
blockade,"n. 阻塞
vt. 封锁"
blockage,n. 堵塞，堵塞；封锁；妨碍
blot,"n. 污点，污渍；墨水渍
vt. 涂污，弄脏；用吸墨纸弄干（或除去）
vi. 吸墨水；弄上墨渍或污渍
"
bluff,"n. 吓唬；绝壁；断崖
vi. 吓唬
adj. 直率的；陡峭的
vt. 吓唬；愚弄"
bombard,"n. 射石炮
vt. 轰炸；炮击
"
bravery,"n. 勇敢；勇气
"
breakout,n. 爆发；突围；越狱；脱逃
breakthrough,n. 突破；突破性进展
brood,"n. 一窝；一伙
vt. 孵；沉思
"
brotherhood,"n. 兄弟关系；手足情谊；四海之内皆兄弟的信念
"
Buddhist,"n. 佛教徒
adj. 佛教的"
bust,"n. 破产；半身像；萧条；胸部
adj. 破产了的；毁坏了的
vt. 使破产；使爆裂；逮捕
vi. 破产；爆裂；降低级别
"
by-product,n. 副产品；附带产生的结果；意外收获
calamity,"n. 灾难；不幸事件
"
calculus,n. [病理] 结石；微积分学
calf,n. [解剖] 腓肠，小腿；小牛；小牛皮；(鲸等大哺乳动物的)幼崽
caption,"n. 标题；字幕；说明；逮捕
vt. 加上说明；加上标题"
carefree,adj. 无忧无虑的；不负责的
catalyze,vt. 催化；刺激，促进
cataract,"n. [眼科] 白内障；大瀑布；暴雨，洪水；奔流
vt. 倾注"
causal,"n. 表示原因的连词
adj. 因果关系的；有原因的"
censor,"n. 检查员；[心理] 潜意识压抑力；信件检查员
vt. 审查，检查；检查和删节"
centralization,n. 集中化；中央集权管理
championship,n. 锦标赛；冠军称号；冠军的地位
chargeable,adj. 应支付的；可以控诉的；可充电的；应课税的
cheery,adj. 愉快的，活泼的
chimpanzee,n. [脊椎] 黑猩猩
cholesterol,n. [生化] 胆固醇
chromosome,n. [遗][细胞][染料] 染色体（形容词chromosomal，副词chromosomally）
chunk,n. 大块；矮胖的人或物
circulation,n. 流通，传播；循环；发行量
clique,"n. 派系；阀；私党；小圈子
vi. 结党
"
coffin,"n. 棺材
断送"
cog,"n. 钝齿；雄榫
vi. 以雄榫连接；一致，吻合；掷骰子时作弊，诈骗
vt. 给…装配齿轮；以雄榫连接"
colossal,adj. 巨大的；异常的，非常的
comeback,n. 恢复；复原
competence,n. 能力，胜任；权限；作证能力；足以过舒适生活的收入
complexion,"n. 肤色；面色；情况；局面
vt. 使增添色彩"
compliance,n. 顺从，服从；承诺
compulsion,n. 强制；强迫；强制力
confound,vt. 使混淆；挫败；讨厌；使混乱
congestion,n. 拥挤；拥塞；淤血
connotation,n. 内涵；含蓄；暗示，隐含意义；储蓄的东西（词、语等）
consequent,"n. 结果
adj. 随之发生的；作为结果的"
conserve,"n. 果酱；蜜饯
vt. 保存；将…做成蜜饯；使守恒"
consul,"n. 领事；（古罗马的）两执政官之一
"
contention,n. 争论，争辩；争夺；论点
coral,"n. 珊瑚；珊瑚虫
adj. 珊瑚的；珊瑚色的
"
corporate,adj. 法人的；共同的，全体的；社团的；公司的；企业的
corpse,n. 尸体
corrosive,"n. 腐蚀物
adj. 腐蚀的；侵蚀性的"
counterbalance,"n. 平衡力；自动抵销
vt. 使平衡；抵消"
coverage,n. 覆盖，覆盖范围；新闻报道
cram,"n. 死记硬背；极度拥挤
adj. 填鸭式学的
vi. 狼吞虎咽地吃东西；死记硬背功课
vt. 填满，塞满；死记硬背；猛吃
"
crater,"n. 火山口；弹坑
vt. 在…上形成坑；取消；毁坏
vi. 形成坑；消亡"
credible,adj. 可靠的，可信的
Danube,n. 多瑙河（位于欧洲）
dearth,"n. 缺乏；饥馑；粮食不足
"
debase,"vt. 降低；使…贬值；掺杂
"
debris,"n. 碎片，残骸
"
decode,"vt. 译(密码文电等)，译(码)，解(码)等：；(尤指在学习过程中)把拼写和读音关系用于(阅读)
vi. 从事破译(或解译)工作"
degrade,"vt. 贬低；使……丢脸；使……降级；使……降解
vi. 降级，降低；退化"
delinquency,n. 行为不良，违法犯罪；失职，怠工
demographer,n. [统计] 人口统计学家，人口学家
depletion,n. 消耗；损耗；放血
depreciate,"vi. 贬值；轻视；贬低
vt. 使贬值；贬低；轻视"
detrimental,"n. 有害的人（或物）；不受欢迎的求婚者
adj. 不利的；有害的"
devalue,"vt. 使贬值；降低…的价值
vi. 贬值"
devour,v. 吞食；毁灭
discerning,"adj. 有辨识能力的；眼光敏锐的
v. 辨别（discern的ing形式）"
disparaging,"v. 蔑视（disparage的ing形式）
adj. 毁谤的；轻蔑的"
dispassionate,adj. 不带感情的；平心静气的；公平的
disproportionate,"adj. 不成比例的
不成比例地"
disregard,"n. 忽视；不尊重
vt. 忽视；不理；漠视；不顾"
disseminate,"vt. 宣传，传播；散布
vi. 散布；广为传播"
diverge,"vt. 使偏离；使分叉
vi. 分歧；偏离；分叉；离题"
divergent,adj. 相异的，分歧的；散开的
diversify,vt. 使多样化，使变化；增加产品种类以扩大
dormant,"adj. 休眠的；静止的；睡眠状态的；隐匿的
"
downscale,"vt. 缩减…规模
vi. 缩减规模"
downshifting,v. （汽车等）调低速挡( downshift的现在分词 )
downsizing,n. 精简，裁员；缩小规模
drudgery,n. 苦工，苦差事
dynamics,n. 动力学，力学
egalitarian,"n. 平等主义；平等主义者
adj. 平等主义的"
elude,vt. 逃避，躲避
emancipate,vt. 解放；释放
ember,"n. 灰烬，余烬
"
emulation,n. [计] 仿真；竞争；效法
encompass,vt. 包含；包围，环绕；完成
encroach,vi. 蚕食，侵占
engrave,vt. 雕刻；铭记
entangle,vt. 使纠缠；卷入；使混乱
entreat,"vt. 恳求；请求
vi. 恳求；乞求"
entrust,vt. 委托，信托
envision,vt. 想象；预想
enzyme,n. [生化] 酶
epithet,n. 绰号；浑名
espionage,n. 间谍；间谍活动；刺探
euthanasia,n. 安乐死；安乐死术
excavate,"vt. 挖掘；开凿
vi. 发掘；细查"
excavation,n. 挖掘，发掘
expedite,"vt. 加快；促进；发出
adj. 畅通的；迅速的；方便的"
facial,"n. 美容，美颜；脸部按摩
adj. 面部的，表面的；脸的，面部用的"
fallacy,n. 谬论，谬误
fallout,n. 原子尘；[核][环境] 放射性尘埃；原子尘微粒回降；附带结果
fanatic,"n. 狂热入迷者；盲信者；盲信
adj. 狂热的；盲信的"
farfetched,adj. 牵强的；乱七八糟的；靠不住的
fascism,n. 法西斯主义；极端国家主义
federation,n. 联合；联邦；联盟；联邦政府
feminist,"n. 女权主义者
adj. 主张女权的"
feverishly,adv. 狂热地；兴奋地
fissure,"n. 裂缝；裂沟（尤指岩石上的）
vt. 裂开；分裂
vi. 裂开；分裂"
flake,"n. 小薄片；火花
vt. 使…成薄片；将…剥落
vi. 剥落；成片状剥落"
flick,"n. 弹开；快速的轻打；轻打声
vt. 轻弹；忽然摇动；轻轻拂去
vi. 轻弹；忽然摇动；轻轻拂去
"
flicker,"n. 闪烁；闪光；电影
vi. 闪烁；摇曳；颤动；扑动翅膀；假装昏倒
vt. 使闪烁；使摇曳
"
flip,"n. 弹；筋斗
vi. 用指轻弹；蹦跳
adj. 无礼的；轻率的
vt. 掷；轻击"
flowery,adj. 花的；华丽的；绚丽的；多花的
flutter,"n. 摆动；鼓翼；烦扰
vt. 拍；使焦急；使飘动
vi. 飘动；鼓翼；烦扰"
foe,n. 敌人；反对者；危害物
foresighted,adj. 有先见之明的，深谋远虑的，能预料的
frenzy,"n. 狂暴；狂怒；暴怒
vt. 使发狂；使狂怒"
frigid,adj. 寒冷的，严寒的；冷淡的
fungus,n. 真菌，霉菌；菌类
fury,n. 狂怒；暴怒；激怒者
futurism,n. 未来主义；未来派
futurist,"n. 未来主义者；未来派画家
adj. 未来主义的"
futurologist,n. 未来学家
geophysical,adj. 地球物理学的
gizmo,n. 小发明（等于gismo ）
glamor,"n. 魅力；魔法；迷人的美（等于glamour）
vt. 迷惑；使有魅力（等于glamour）"
glamour,"n. 魅力，魔力；迷人的美
vt. 迷惑，迷住"
gland,"n. 腺
密封压盖"
gratify,vt. 使满足；使满意，使高兴
gravel,"n. 碎石；砂砾
vt. 用碎石铺；使船搁浅在沙滩上；使困惑
"
groove,"n. [建] 凹槽，槽；最佳状态；惯例
vt. 开槽于
vi. 形成沟槽"
growl,"n. 咆哮声；吠声；不平
vt. 咆哮；（雷电，炮等）轰鸣
vi. 咆哮着说"
guardian,"n. [法] 监护人，保护人；守护者
adj. 守护的
"
gunpowder,n. 火药；有烟火药
hack,"n. 砍，劈；出租马车
vt. 砍；出租
vi. 砍
"
hallucination,n. 幻觉，幻想；错觉
halo,"n. 光环；荣光
vt. 使有晕轮；围以光环
vi. 成晕轮"
harass,vt. 使困扰；使烦恼；反复袭击
haunt,"n. 栖息地；常去的地方
vt. 常出没于…；萦绕于…；经常去…
vi. 出没；作祟"
headshot,n. 爆头；头部特写
hectare,n. 公顷（等于1万平方米）
heed,"n. 注意到；留心到
vt. 注意，留心
vi. 注意，留心
"
helix,n. 螺旋，螺旋状物；[解剖] 耳轮
highbrow,"n. 卖弄知识的人；知识分子
adj. 不切实际的；自炫博学的；知识分子的"
hockey,"n. 曲棍球；冰球
"
homicide,n. 过失杀人；杀人犯
honesty,n. 诚实，正直
horticulture,n. 园艺，园艺学
hospice,"n. 收容所；旅客招待所；救济院
"
hospitable,adj. 热情友好的；（环境）舒适的
husbandry,n. 饲养；务农，耕种；家政
hydroelectric,adj. 水力发电的；水电治疗的
hysteria,n. 癔病，歇斯底里；不正常的兴奋
iceberg,n. [地理] 冰山；显露部分
icon,n. 图标；偶像；肖像，画像；圣像
impel,vt. 推动；驱使；激励
impersonal,"n. 非人称动词；不具人格的事物
adj. 客观的；非个人的；没有人情味的；非人称的"
impinge,"vi. 撞击；侵犯
vt. 撞击"
impoverished,"adj. 穷困的；用尽了的，无创造性的
v. 使贫困（impoverish的过去分词）"
imprint,"n. 印记；痕迹；特征；版本说明
vt. 加特征；刻上记号"
imprison,vt. 监禁；关押；使…下狱
improper,adj. 不正确的，错误的；不适当的；不合礼仪的
inborn,adj. 天生的；先天的
inbuilt,adj. 内置的；内藏的；嵌入的
inclination,n. 倾向，爱好；斜坡
incoming,"n. 进入；到来；常作 incomings 收入，收益
adj. 进来的，到来的； 即将就任的"
incomplete,adj. 不完全的；[计] 不完备的
indistinct,adj. 模糊的，不清楚的；朦胧的；难以清楚辨认的
ineptly,adv. 不适当地；无能地
inexorable,adj. 无情的；不屈不挠的；不可阻挡的；无法改变的
infection,n. 感染；传染；影响；传染病
infest,vt. 骚扰；寄生于；大批出没；大批滋生
infuriate,"vt. 激怒；使大怒
adj. 狂怒的"
innate,adj. 先天的；固有的；与生俱来的
innovate,"vi. 创新；改革；革新
vt. 改变；创立；创始；引人"
insane,adj. 疯狂的；精神病的；极愚蠢的
insidious,adj. 阴险的；隐伏的；暗中为害的；狡猾的
intake,n. 摄取量；通风口；引入口；引入的量
intent,"n. 意图；目的；含义
adj. 专心的；急切的；坚决的"
interplay,"n. 相互影响，相互作用
vi. 相互影响，相互作用"
interlocking,"n. 连锁；咬合作用
adj. 连锁的"
intranet,n. 内联网；企业内部网
inventive,adj. 发明的；有发明才能的；独出心裁的
invoice,"n. 账单，发货单，收款请求
vt. 开发票；记清单"
irrigation,n. 灌溉；[临床] 冲洗；冲洗法
itinerary,"n. 旅程，路线； 旅行日程
adj. 旅程的； 巡回的，流动的"
jeer,"n. 嘲笑；戏弄；揶揄的言语
vi. 嘲笑；戏弄
vt. 嘲笑；戏弄"
Jew,"n. 犹太人；犹太教徒；守财奴
vt. 欺骗；杀价"
juggle,"vi. 玩杂耍；欺骗；歪曲
vt. 歪曲；欺骗
n. 玩戏法；欺骗"
keyword,n. 密码；关键字
kindle,"vt. 点燃；激起；照亮
vi. 发亮；着火；激动起来"
laborsaving,adj. 节省劳力的，省力气的
laid-off,adj. 被解雇的
lavish,"adj. 浪费的；丰富的；大方的
vt. 浪费；慷慨给予；滥用"
lawsuit,n. 诉讼（尤指非刑事案件）；诉讼案件
legible,adj. 清晰的；易读的；易辨认的
ligament,n. 韧带；纽带，系带
light-year,n. 光年
limpid,adj. 透明的；平静的，无忧虑的
livelihood,n. 生计，生活；营生
lobster,"n. 龙虾
龙虾肉"
lookout,n. 监视；监视哨；警戒；守望者；担心的事；前景
maize,"adj. 黄色的，玉米色的
n. 玉米；黄色，玉米色"
majestic,adj. 庄严的；宏伟的
makeup,n. 化妆品；组成；补充；补考
mania,"n. 狂热；狂躁；热衷
"
manicurist,n. 指甲修饰师
mantle,"n. 地幔；斗篷；覆盖物
vi. 覆盖；脸红
vt. 覆盖
"
Mars,n. 战神；[天] 火星
matchmaker,n. 媒人；安排比赛的人；火柴制造者
media,n. 媒体；媒质（medium的复数）；血管中层；浊塞音；中脉
mediate,"vi. 调解；斡旋；居中
vt. 调停；传达
adj. 间接的；居间的"
Medicare,n. （美国） 国家老年人医疗保险制度
medication,n. 药物；药物治疗；药物处理
mediocrity,n. 平庸之才；平常
merrymaking,"n. 狂欢者；寻欢作乐
adj. 狂欢的；快乐的
vi. 寻欢作乐（merrymake的ing形式）"
methodology,n. 方法学，方法论
microprocessor,n. [计] 微处理器
mighty,"adj. 有力的；强有力的；有势力的
adv. 很；极；非常
n. 有势力的人"
milestone,"n. 里程碑，划时代的事件
"
millennium,n. 千年期，千禧年；一千年，千年纪念；太平盛世，黄金时代
misguided,"adj. 被误导的
v. 使入歧途（misguide的过去分词）"
misuse,"vt. 滥用；误用；虐待
n. 滥用；误用；虐待"
modem,n. 调制解调器（等于modulator-demodulator）
modulate,"vt. 调节；（信号）调制；调整
vi. 调制；转调"
monarchy,n. 君主政体；君主国；君主政治
monk,"n. 僧侣，修道士；和尚
"
monoglot,adj.& n. 使用单一语言的（人）
morphine,n. [毒物][药] 吗啡
mortify,"vt. 抑制；苦修；使…感屈辱
vi. 禁欲；苦行；约束"
motorist,n. 驾车旅行的人，开汽车的人
motorway,n. 高速公路，汽车高速公路
mummy,n. 妈妈；木乃伊；干瘪的人
mundane,adj. 世俗的，平凡的；世界的，宇宙的
Muslim,"n. 穆斯林；穆罕默德信徒
adj. 伊斯兰教的"
muster,"vt. 召集；对…进行点名；使振作
n. 集合；检阅；点名册；集合人员
vi. 召集；聚集
"
mutability,n. 易变性；性情不定；突变性
narrowly,adv. 仔细地；勉强地；狭窄地；严密地
navigate,"vt. 驾驶，操纵；使通过；航行于
vi. 航行，航空"
Nazism,n. 纳粹主义
neon,"n. 霓虹灯；氖（10号元素，符号Ne）
"
neurology,n. 神经病学；神经学
neurologist,神经学家；神经科专门医师
newborn,"adj. 新生的；再生的
n. 婴儿"
newsletter,n. 时事通讯
newsroom,n. 新闻编辑部；报刊阅览室
nicety,n. 精密；美好；细节；拘泥细节
noteworthy,adj. 值得注意的；显著的
oasis,"n. 绿洲；舒适的地方；令人宽慰的事物
"
obsess,vt. 迷住，缠住；使…着迷；使…困扰
offshore,"adj. 离岸的；[海洋] 近海的；吹向海面的
adv. 向海面，向海"
off-the-cuff,adj. 即席的
olive,"n. 橄榄；橄榄树；橄榄色
adj. 橄榄的；橄榄色的
"
oncologist,n. 肿瘤学家；肿瘤医师
oncoming,"adj. 即将到来的；接近的；新兴的
n. 来临，接近"
online,"adj. 联机的；在线的
adv. 在线地"
optimism,n. 乐观；乐观主义
outburst,n. （火山、情感等的）爆发；破裂
outcry,n. 强烈抗议；大声疾呼；尖叫；倒彩
outdated,"adj. 过时的；旧式的
v. 使过时（outdate的过去式和过去分词）"
overrated,"adj. 评价过高的
v. 对…估计过高（overrate的过去分词）"
oversee,vt. 监督；审查；俯瞰；偷看到，无意中看到
overshadow,vt. 使失色；使阴暗；遮阴；夺去…的光彩
painstaking,"adj. 艰苦的；勤勉的；小心的
n. 辛苦；勤勉"
paraphrase,"n. 释义；解释；意译
vt. 释义"
passionate,adj. 热情的；热烈的，激昂的；易怒的
pathway,n. 路，道；途径，路径
patriarchal,adj. 家长的；族长的；由族长统治的
peddle,"vt. 叫卖；兜售；散播
vi. 沿街叫卖；忙于琐事
"
penguin,n. 企鹅；空军地勤人员
penicillin,n. 盘尼西林（青霉素）
periodic,adj. 周期的；定期的
perturbation,n. [数][天] 摄动；不安；扰乱
pervasive,adj. 普遍的；到处渗透的；流行的
physique,n. 体格，体形
pigmentation,n. 染色；色素淀积；天然颜色
plagiarize,"vt. 剽窃；抄袭
vi. 剽窃；抄袭"
plank,"n. [木] 厚木板；支架；政纲条款
vt. 在…上铺板；撂下；立刻付款
"
popularity,n. 普及，流行；名气；受大众欢迎
populist,"n. 平民主义者；民粹派；平民论者
adj. 民粹主义的（等于populistic）；平民主义的；平民主义者的"
postulate,"n. 基本条件；假定
vt. 假定；要求；视…为理所当然"
prelude,"n. 前奏；序幕；前奏曲
vt. 成为…的序幕；演奏…作为前奏曲
vi. 作为序曲；奏序曲"
preservative,"n. 防腐剂；预防法；防护层
adj. 防腐的；有保存力的；有保护性的"
primacy,n. 首位；卓越；大主教的职位
primal,"n. 被压抑童年情绪的释放
adj. 原始的；主要的；最初的
vt. 释放（被压抑的童年情绪）"
procure,"vt. 获得，取得；导致
vi. 取得"
profess,"vt. 自称；公开表示；宣称信奉；正式准予加入
vi. 声称；承认；当教授"
profuse,adj. 丰富的；很多的；慷慨的；浪费的
proliferate,"vi. 增殖；扩散；激增
vt. 使激增"
pronounced,"v. 发音；宣告；断言（pronounce的过去分词）
adj. 显著的；断然的；讲出来的"
proponent,n. 支持者；建议者；提出认证遗嘱者
Protestant,"n. 新教；新教徒
adj. 新教的；新教徒的"
psychedelic,"n. 迷幻剂
adj. 引起幻觉的"
quadruple,"n. 四倍
adj. 四倍的；四重的
vt. 使…成四倍
vi. 成为四倍"
query,"n. 疑问，质问；疑问号 ；[计] 查询
vi. 询问；表示怀疑
vt. 询问；对……表示疑问"
quirk,"n. 怪癖；急转；借口
"
ranch,"n. 大农场；大牧场
vi. 经营牧场；在牧场工作
vt. 经营牧场；在牧场饲养…"
rating,"n. 等级；等级评定；额定功率
v. 对…评价（rate的ing形式）
"
rattlesnake,n. [脊椎] 响尾蛇
raze,vt. 夷为平地；破坏；消除；拆毁
ready-made,adj. 现成的；做好的；陈旧的；平凡的
rebound,"n. 回弹；篮板球
v. 重新装订（rebind的过去式和过去分词）
vt. 使弹回
vi. 回升；弹回"
red-hot,"n. 热狗；法兰克福香肠
adj. 炽热的；最新的；热烈的；非常激动的"
refrigerated,"adj. 冷冻的，冷却的
v. 冷藏（refrigerate的过去分词）；使冷却"
regain,"n. 收复；取回
vt. 恢复；重新获得；收回
vi. 上涨"
relic,n. 遗迹，遗物；废墟；纪念物
renounce,"n. 垫牌
vt. 宣布放弃；与…断绝关系；垫牌
vi. 放弃权利；垫牌"
residue,n. 残渣；剩余；滤渣
resounding,"adj. 响亮的；轰动的；彻底的
v. 回响（resound的ing形式）"
revere,vt. 敬畏；尊敬；崇敬
rhythmical,adj. 有节奏的；有韵律的
roadhog,乱驾驶汽车的司机
road hog,"v. 乱开汽车(的人)；妨碍其他车辆行驶(的司机)；〈美〉流浪人
n. 莽撞的司机
"
roam,"n. 漫步，漫游；流浪
vt. 在…漫步，漫游；在…流浪
vi. 漫游，漫步；流浪"
rustle,"n. 沙沙声；急忙；飒飒声
vt. 使…沙沙作响
vi. 发出沙沙声"
rut,"n. 发情期；惯例；性冲动；凹槽
vt. 挖槽于；在…形成车辙
vi. 发情
"
saga,"n. 传说；冒险故事；英雄事迹
"
sanitary,"n. 公共厕所
adj. 卫生的，清洁的"
sardine,"n. 沙丁鱼；庸碌无能的人
vt. 使拥挤不堪"
scapegoat,"n. 替罪羊，替人顶罪者；替身
vt. 使成为…的替罪羊"
schism,n. 分裂；分裂教会罪
sediment,n. 沉积；沉淀物
sensory,adj. 感觉的；知觉的；传递感觉的
sermon,"n. 布道；训诫；启示；冗长的讲话
vt. 对…布道；对…说教
vi. 布道
"
selective,"adj. 选择性的
讲究的
有选择地
有选择性地
仔细挑选地"
sneaker,n. 运动鞋；卑鄙者；鬼鬼祟祟做事的人
separation,n. 分离，分开；间隔，距离；[法] 分居；缺口
sexually,adv. 性别地；两性之间地
shimmer,"n. 微光；闪光
vt. 使闪烁
vi. 闪烁；发闪烁的微光"
shortlist,n. （英）供最后挑选用的候选人名单
shovel,"n. 铁铲；一铲的量；铲车
vi. 铲
vt. 铲除；用铲挖；把…胡乱塞入"
shrivel,"vt. 使枯萎；使皱缩；使束手无策
vi. 枯萎；皱缩"
shudder,"n. 发抖；战栗；震动
vi. 发抖；战栗"
shuffle,"n. 洗牌，洗纸牌；混乱，蒙混；拖着脚走
v. 洗牌；推诿，推卸；拖曳，慢吞吞地走；搅乱"
sidewalk,n. 人行道
silt,"n. 淤泥，泥沙；煤粉；残渣
vt. 使淤塞；充塞
vi. 淤塞，充塞；为淤泥堵塞"
similarly,adv. 同样地；类似于
site,"n. 地点；位置；场所
vt. 设置；为…选址"
slash,"n. 削减；斜线；猛砍；砍痕；沼泽低地
vt. 猛砍；鞭打；严厉批评；大幅度裁减或削减
vi. 猛砍；严厉批评"
sledge,"n. 雪橇；大锤
vt. 用雪橇搬运；乘雪橇；用大锤打
vi. 用大锤打；猛击；乘雪橇
"
slowdown,n. 减速；怠工；降低速度
small-minded,adj. 心胸狭窄的；固执己见的；气量小的
smallpox,n. [内科] 天花
smoothly,adv. 平稳地，平滑地；流畅地，流利地
smother,"n. 窒息状态；令人窒息的浓烟
vt. 使窒息；抑制；（用灰等）闷熄；忍住
vi. 窒息；被抑制；闷死"
smudge,"n. 污点，污迹；烟熏火堆
vt. 弄脏，涂污；用浓烟熏
vi. 被弄脏；形成污迹"
sneer,"vi. 嘲笑，冷笑
vt. 嘲笑，冷笑
n. 嘲笑，冷笑"
soothe,"vt. 安慰；使平静；缓和
vi. 起抚慰作用"
sparing,"n. 抽出；宽恕；免去；给予（spare的ing形式）
adj. 节约的；贫乏的；保守的"
sparse,adj. 稀疏的；稀少的
spatial,adj. 空间的；存在于空间的；受空间条件限制的
spotlight,"n. 聚光灯；反光灯；公众注意的中心
vt. 聚光照明；使公众注意"
sprawl,"n. 蔓生；伸开手足躺卧姿势
vt. 懒散地伸开；使蔓生
vi. 蔓延；伸开手足躺；无计划地扩展"
squat,"vt. 使蹲坐，使蹲下
vi. 蹲，蹲下；蹲坐；蹲伏
n. 蹲坐，蜷伏
adj. 蹲着的；矮胖的"
squeak,"n. 吱吱声；机会
vi. 告密；吱吱叫；侥幸成功
vt. 以短促尖声发出"
stakeholder,n. 利益相关者；赌金保管者
stamina,n. 毅力；精力；活力；持久力
standstill,n. 停顿；停止
starch,"n. 淀粉；刻板，生硬
vt. 给…上浆
"
stature,n. 身高，身材；（精神、道德等的）高度
stead,"n. 代替；用处
vt. 对…有利
"
stenographer,n. 速记员
sterile,adj. 不育的；无菌的；贫瘠的；不毛的；枯燥乏味的
stifle,"n. （马等的）后膝关节；（马等的）[动] 后膝关节病
vt. 扼杀；使窒息；藏匿
vi. 窒息；被扼杀"
stimulus,n. 刺激；激励；刺激物
stockpile,"n. 库存；积蓄
vt. 贮存；储蓄
vi. 积累；储备物资"
stomp,"n. 跺脚，重踩；顿足爵士舞
vt. 跺脚，重踩；践踏"
stout,"n. 矮胖子；烈性啤酒
adj. 结实的；矮胖的；勇敢的；激烈的
"
stow,"vt. 装载；收藏；使暂留；堆装
"
strait,"n. 海峡；困境
adj. 狭窄的；苦恼的
"
strand,"n. 线；串；海滨
vt. 使搁浅；使陷于困境；弄断；使落后
vi. 搁浅
"
stratum,n. （组织的）层；[地质] 地层；社会阶层
subdue,vt. 征服；抑制；减轻
submicroscopic,adj. 亚微观的
surmise,"n. 推测；猜度
vt. 猜测；推测
vi. 猜测；认为"
surveillance,n. 监督；监视
suspense,n. 悬念；悬疑；焦虑；悬而不决
suspension,n. 悬浮；暂停；停职
sustenance,n. 食物；生计；支持
swollen,adj. 肿胀的，浮肿的；浮夸的；激动兴奋的
symbolize,"vt. 象征；用符号表现
vi. 采用象征；使用符号；作为…的象征"
syndicate,"n. 辛迪加；企业联合；财团
vt. 把…联合成辛迪加；在多家报刊上同时发表
vi. 联合成辛迪加；组成企业联合组织"
tack,"n. 大头钉；粗缝；行动方针；食物
vt. 附加；以大头针钉住
vi. 抢风航行；作文字形移动
"
tangible,"n. 有形资产
adj. 有形的；切实的；可触摸的"
tardy,"n. 迟到
adj. 缓慢的，迟缓的；迟到的
"
teens,n. 十多岁，十几岁；青少年
temperate,adj. 温和的；适度的；有节制的
template,n. 模板，样板
terrestrial,"n. 陆地生物；地球上的人
adj. 地球的；陆地的，[生物] 陆生的；人间的"
tinge,"n. 淡色；些许味道；风味
vt. 微染；使带气息"
tonic,"n. 补药；主调音或基音
adj. 滋补的；声调的；使精神振作的"
tornado,"n. [气象] 龙卷风；旋风；暴风；大雷雨
"
tort,"n. 侵权行为
"
tortuous,adj. 扭曲的，弯曲的；啰嗦的
tournament,n. 锦标赛，联赛；比赛
transcribe,vt. 转录；抄写
transfusion,n. [临床] 输血；[临床] 输液；倾注；灌输
translucent,adj. 透明的；半透明的
traverse,"n. 穿过；横贯；横木
vt. 穿过；反对；详细研究；在…来回移动
vi. 横越；旋转；来回移动
adj. 横贯的
"
trickle,"n. 滴，淌；细流
vt. 使…滴；使…淌；使…细细地流
vi. 滴；细细地流；慢慢地移动"
trigonometry,n. 三角法
trillion,"num. [数] 万亿
n. [数] 万亿
adj. 万亿的"
trot,"n. （人）慢跑；马小跑的步态；小跑的马蹄声；刚学步的小孩；老太婆；腹泻；（学生作弊用的）译文对照本
vi. （马）小跑；（人）慢跑；快步走
vt. 使小跑；使快步走"
trustworthy,adj. 可靠的；可信赖的
turtle,"n. 龟，甲鱼；海龟
"
ulcer,n. [病理] 溃疡；腐烂物；道德败坏
undercover,adj. 秘密的，秘密从事的；从事间谍活动的
underprivileged,adj. 贫困的；被剥夺基本权力的；社会地位低下的
undue,adj. 过度的，过分的；不适当的；未到期的
unearth,vt. 发掘；揭露，发现；从洞中赶出
unilateralism,n. 片面，单方；片面限制武器论；单方面裁军
upbringing,n. 教养；养育；抚育
uplifting,adj. 令人振奋的；使人开心的
uranium,n. [化学] 铀
vaccination,n. 接种疫苗；种痘
vaunt,"n. 自吹自擂
vt. 自夸；吹嘘
vi. 自夸；吹嘘"
vendor,n. 卖主；小贩；供应商；[贸易] 自动售货机
vertebrate,"adj. 脊椎动物的；有脊椎的
n. 脊椎动物"
viable,adj. 可行的；能养活的；能生育的
vibration,n. 振动；犹豫；心灵感应
vigilance,n. 警戒，警觉；警醒症
volatile,"n. 挥发物；有翅的动物
adj. [化学] 挥发性的；不稳定的；爆炸性的；反复无常的
"
wade,"n. 跋涉；可涉水而过的地方
vi. 跋涉
vt. 涉水；费力行走"
wait-and-see,adj. 观望的
warranty,n. 保证；担保；授权；（正当）理由
waver,"n. 动摇；踌躇；挥动者
vi. 摇曳；踌躇；摆动"
wharf,"n. 码头；停泊处
vt. 使靠码头；为…建码头；把货卸在码头上
vi. 靠码头"
whereby,adv. 凭借；通过…；借以；与…一致
whirlwind,"n. 旋风；旋风般的快速行动
adj. 旋风般的"
wholesale,"n. 批发
adj. 批发的；大规模的
vt. 批发
adv. 大规模地；以批发方式
vi. 批发；经营批发业"
wield,vt. 使用；行使；挥舞
wither,"vi. 枯萎；凋谢；衰弱
vt. 使凋谢；使畏缩；使衰弱
"
woodcut,n. 木刻；木刻印版；木版画
wrath,n. 愤怒；激怒
yearn,vi. 渴望，向往；思念，想念；怀念；同情，怜悯
yellowish,adj. 微黄色的，淡黄色的
zest,"n. 风味；热心；强烈的兴趣
vt. 给…调味"
economic system,"un. 经济制度
"
planned economy,"n. 计划经济
"
market economy,"un. 市场经济
"
market-oriented economy,市场导向型经济，市场主导型经济
market cycle,"un. 销售循环；市场周期
"
market demand,"un. 市场需求；市场需要
"
state-owned business,无
industrialization,n. 工业化
home market,"un. 国内市场
"
red-hot economy,无
prosperous,adj. 繁荣的；兴旺的
globalization,n. 全球化
global inflation, 全球性的通货膨胀；全球通货膨胀；全球性通胀
multinational corporation, 跨国公司；跨国企业；跨国集团
stock price,"n. 股价
"
venture investment, 风险投资；创业投资；各方评说风险投资
broker,"n. 经纪人，掮客
vt. 以中间人等身分安排...
vi. 作为权力经纪人进行谈判
"
stakeholder,n. 利益相关者；赌金保管者
economic puppet,无
credit card,"n. 【经】信用卡
"
monetary policy,"un. 金融政策
"
competitive price,"un. 竞争性价格；竞争价格；标价；有竟争能力的价格
"
retail price,"un. 零售价格
"
commodity price,"un. 商品价格
"
steer the economy to a soft landing,无
devalue,"vt. 使贬值；降低…的价值
vi. 贬值"
interest rate,"n. 利率
"
capital,"n. 首都，省会；资金；大写字母；资本家
adj. 首都的；重要的；大写的
"
intellectual property,"n. 知识产权
"
infrastructure,n. 基础设施；公共建设；下部构造
treasury,n. 国库，金库；财政部；宝库
patent office,"na. 专利局
"
productivity,n. 生产力；生产率；生产能力
production,n. 成果；产品；生产；作品
transaction,n. 交易；事务；办理；会报，学报
consumption,n. 消费；消耗；肺痨
subscribe to,"v. 同意；赞成；订阅；定期捐款
"
commodity,n. 商品，货物；日用品
inferior article,无
qualitatively,adv. 定性地；从品质上讲
monopoly,n. 垄断；垄断者；专卖权
merger,"n. （企业等的）合并；并购；吸收（如刑法中重罪吸收轻罪）
"
consolidation,n. 巩固；合并；团结
incorporate,"vt. 包含，吸收；体现；把……合并
adj. 合并的；一体化的；组成公司的
vi. 合并；混合；组成公司"
downscale,"vt. 缩减…规模
vi. 缩减规模"
centralization,n. 集中化；中央集权管理
professionalization,n. 专业化；职业化
freight,"n. 货运；运费；船货
vt. 运送；装货；使充满"
shipper,n. 托运人；发货人；货主
premium,"n. 额外费用；奖金；保险费;(商)溢价
adj. 高价的；优质的"
dealership,n. 代理权；代理商；经销权
retailer,n. 零售商；传播的人
surplus,"n. 剩余；[贸易] 顺差；盈余；过剩
adj. 剩余的；过剩的"
predominance,n. 优势；卓越
vitality,n. 活力，生气；生命力，生动性
unexploited,adj. 未开发的；未被利用的
energy-intensive,adj. 耗能的；能源密集型的
commercialize,vt. 使商业化；使商品化
underfund,vt. 对…提供资金不足
mountainous debt, 负债累累；巨大的债务
free enterprise,"n. 自由企业（体制）
"
limited liability company,"na. 〈英〉股份有限公司
"
bureaucratic management,无
top management,"un. 最高管理部门
"
administration,n. 管理；行政；实施；行政机构
administrator,n. 管理人；行政官
shareholder,n. 股东；股票持有人
executive director,"un. 常务董事；执行董事
"
entrepreneur,n. 企业家；承包人；主办者
competitor,n. 竞争者，对手
consultancy,n. 咨询公司；顾问工作
blueprint,"n. 蓝图，设计图；计划
vt. 计划；制成蓝图"
manpower,n. 人力；人力资源；劳动力
title,"n. 冠军；标题；头衔；权利；字幕
adj. 冠军的；标题的；头衔的
vt. 加标题于；赋予头衔；把…称为"
part-timer,n. 兼职的人
temporary worker,"un. 临时工
"
self-employment,"个体经营
自营管理
[劳经] 自谋职业
自我雇佣"
opening,"n. 开始；机会；通路；空缺的职位
adj. 开始的
v. 开放（open的ing形式）；打开；公开"
negotiate,"vt. 谈判，商议；转让；越过
vi. 谈判，交涉"
compensation,n. 补偿；报酬；赔偿金
database,n. 数据库，资料库
data bit,"un. 数据信号位
"
search agent,无
interactive,adj. 交互式的；相互作用的
key in,"un. 插上；键入
"
post,"n. 岗位；邮件；标杆
vt. 张贴；公布；邮递；布置
vi. 快速行进
"
keyword,n. 密码；关键字
repeated visit,无
match,"vt. 使比赛；使相配；敌得过，比得上；相配；与…竞争
vi. 比赛；匹配；相配，相称；相比
n. 比赛，竞赛；匹配；对手；火柴"
electronics,n. 电子学；电子工业
telecommunication,n. 电讯；[通信] 远程通信；无线电通讯
e-mail,"n. 电子邮件
v. 给…发电子邮件
"
teleconference,电话会议；[通信] 远程会议
distant conference,无
sharing of information,信息的共享
microprocessor,n. [计] 微处理器
transistor circuit,"un. 晶体管电路
"
semiconductor,n. [电子][物] 半导体
electrify,vt. 使电气化；使充电；使触电；使激动
research productivity,无
evolution,n. 演变；进化论；进展
evolutionary theory, 进化论；演化论；进化理论
natural selection,"n. 自然选择；物竞天择
"
submicroscopic,adj. 亚微观的
biomedical,adj. 生物医学的
molecular biology,"na. 分子生物学
"
epidemic,"n. 传染病；流行病；风尚等的流行
adj. 流行的；传染性的"
cataract,"n. [眼科] 白内障；大瀑布；暴雨，洪水；奔流
vt. 倾注"
shot,"n. 发射；炮弹；射手；镜头
v. 射击（shoot的过去式和过去分词）
adj. 用尽的；破旧的；杂色的，闪光的"
depressant,"n. 镇静剂，[医][矿业] 抑制剂
adj. 有镇静作用的"
hallucinogen,n. 迷幻剂
sulfuric acid,"n. 硫酸
"
bypass,"n. 旁路；[公路] 支路
vt. 绕开；忽视；设旁路；迂回"
vaccine,"n. 疫苗；牛痘苗
adj. 疫苗的；牛痘的"
immunize,vt. 使免疫；赋予免疫性
gene,n. [遗] 基因，遗传因子
simple sugar,"un. 单糖
"
tissue,"n. 组织；纸巾；薄纱；一套
vt. 饰以薄纱；用化妆纸揩去"
hip,"n. 臀部；蔷薇果；忧郁
adj. 熟悉内情的；非常时尚的
"
nervous system,"n. 神经系统
"
central nervous system,"n. 中枢神经系统
"
surgeon,"n. 外科医生
"
physician,n. [医] 医师；内科医师
therapy,n. 治疗，疗法
clinical,adj. 临床的；诊所的
symptom,n. [临床] 症状；征兆
physical addiction,"《英汉医学词典》Physical addiction
身体癖嗜"
psychological disorder, 心理障碍；心理混乱；心理错乱
psychological test,"un. 心理测验
"
mortality,n. 死亡数，死亡率；必死性，必死的命运
variation,n. 变化；[生物] 变异，变种
natural phenomenon,"un. 自然现象
"
drastic experiment,无
external result,无
carbon dioxide,"n. 二氧化碳
"
photosynthesis,n. 光合作用
ozone layer,"n. 臭氧层
"
atmosphere pressure,"un. 大气压
"
air current,"na. 气流
"
water vapor,"na. 水汽
"
saturation,n. 饱和；色饱和度；浸透；磁化饱和
tidal wave,"n. 海啸；潮汐波；潮浪；（情感或事物发展的）高涨阶段
"
hot spot,"n. 危险地带；犯罪的高发地区；闹区；【计】热点
"
ice cap,"n. （尤指北极和南极的）冰冠
"
ice sheet,"n. 冰原；冰盖
"
Ice Age,"n. 冰期；冰川期；冰河时代
"
land mass,"n. 陆块；地块
"
hemisphere,n. 半球
gravitation,n. 重力；万有引力；地心吸力
solar system,"n. 太阳系；类太阳系
"
light year,"n. 光年（指光在一年中走过的距离：9.4607 × 10&sup12 公里）
"
galaxy,"n. 银河；[天] 星系；银河系；一群显赫的人
n. 三星智能手机品牌 2015年三星中国公布Galaxy的中文名称为“盖乐世”（Galaxy）
[ 复数galaxies ]"
cluster,"n. 群；簇；丛；串
vt. 使聚集；聚集在某人的周围
vi. 群聚；丛生
"
detector,n. 探测器；检测器；发现者；侦察器
space shuttle,"n. 航天飞机
"
space exploration,"na. 星际探索
"
vertical flight, [航] 垂直飞行
decibel,n. 分贝
velocity,n. 【物】速度
inertia,n. [力] 惯性；惰性，迟钝；不活动
parliament,n. 议会，国会
House of Commons,"na. 众议院
"
parliamentary debates, 议会辩论；议会辩论记录文件；议会辩论录
self-evident principle,无
verdict,n. 结论；裁定
arbiter,"n. [法] 仲裁者；裁决人
"
validity,n. [计] 有效性；正确；正确性
period terminate,无
suspension,n. 悬浮；暂停；停职
in-house counsel, 内部法律顾问；公司律师；公司的法律顾问
citizenry,n. 市民；公民
basic right, 基本权利
privilege,"n. 特权；优待
vt. 给与…特权；特免"
higher up,"n. 〈美口〉领导；要人
"
elitism,n. 精英主义；杰出人物统治论
bureaucratic,adj. 官僚的；官僚政治的
self-governing,adj. 自治的；自己管理自己的
espionage,n. 间谍；间谍活动；刺探
spymaster,n. 间谍组织的首脑
CIA,abbr. 中央情报局（Central Intelligence Agency）
Central Intelligence Agency,"un. 〔政〕中央情报局
"
civilization,n. 文明；文化
democratic society, 民主社会
agricultural society,农业学会，农民团体（美国早期农民组织）
socio-economic,adj. 社会经济的
social status,"na. 社会地位
"
social ladder, 社会阶梯；社会楼梯；社会的阶梯
social inequality, 社会不平等；社会不公；社会的不平等
underprivileged,adj. 贫困的；被剥夺基本权力的；社会地位低下的
bottom line,"n. 底线；底价；要旨；基本论点
"
societal changes,无
mediocrity,n. 平庸之才；平常
generalist,n. （有多方面知识和经验的）通才；多面手
futurist,"n. 未来主义者；未来派画家
adj. 未来主义的"
athlete,n. 运动员，体育家；身强力壮的人
entertainer,n. 演艺人员，表演者
initiation ceremony, 进入仪式，开始仪式；入会仪式；成年仪式
spectator,n. 观众；旁观者
attendee,n. 出席者；在场者
human relation,人际关系;人群关系
parading procession,游行的队伍
metropolitan,"adj. 大都市的；大主教辖区的；宗主国的
n. 大城市人；大主教；宗主国的公民"
uncivilized behavior, 野蛮的行为
subsequent behavior,无
traffic stream,"un. 车流；业务量统计
"
traffic jam,"n. 堵车；交通阻塞
"
traffic regulation,"na. 交通规则
"
charitable organization,"n. 慈善团体
"
euthanasia,n. 安乐死；安乐死术
drug addict,"na. 瘾君子
"
substance dependence,"物质依赖；药物依赖, 物质依赖"
withdrawal symptom,n. 断瘾症状
psychoactive,adj. 影响心理状态的；作用于精神的
deterioration,n. 恶化；退化；堕落
a touch on the brakes,无
adolescence,n. 青春期
house-proud,adj. 关心家事的，讲究家庭摆设的
extended family,"n. 家族
"
parental permission,无
mental conversation,无
intense perceptual distortion,无
anti-intellectualism,n. 反智主义
aggressive patriotism,无
advocate,"n. 提倡者；支持者；律师
vt. 提倡，主张，拥护"
Utopia,n. 乌托邦（理想中最美好的社会）；理想国
transcendentalist,adj. 超越论者的，先验论者的
induction,n. [电磁] 感应；归纳法；感应现象；入门培训，入职仪式，就职；诱导
deduction,n. 扣除，减除；推论；减除额
humanity,n. 人类；人道；仁慈；人文学科
self-respect,n. 自重，自尊
soul searching,"na. 反省
"
self-examination,n. 自省，反省
anthropological,adj. 人类学的；人类学上的
census,"n. 人口普查，人口调查
vt. 实施统计调查"
demographer,n. [统计] 人口统计学家，人口学家
lifespan,n. 寿命；预期生命期限；预期使用期限
aging population,老年人口
tourist trail,无
interior design,"n. 室内设计
"
piped music,"n. （商店、餐馆等处不断播放的）背景音乐
"
objective,"adj. 客观的；目标的；宾格的
n. 目的；目标；[光] 物镜；宾格"
impartial,adj. 公平的，公正的；不偏不倚的
unbiased,adj. 公正的；无偏见的
positive,"n. 正数；[摄] 正片
adj. 积极的；[数] 正的，[医][化学] 阳性的；确定的，肯定的；实际的，真实的；绝对的"
supporting,"n. 支持；支承面
v. 支持；供养（support的ing形式）
adj. 支持的；辅助性的；次要的"
impressive,adj. 感人的；令人钦佩的；给人以深刻印象的
concerned,"v. 关心（concern的过去时和过去分词）；与…有关
adj. 有关的；关心的"
confident,adj. 自信的；确信的
optimistic,adj. 乐观的；乐观主义的
carefree,adj. 无忧无虑的；不负责的
neutral,"adj. 中立的，中性的；中立国的；非彩色的
n. 中立国；中立者；非彩色；齿轮的空档"
detached,"v. 分离
adj. 分离的，分开的；超然的"
factual,adj. 事实的；真实的
impassive,adj. 冷漠的；无感觉的
uninterested,adj. 不感兴趣的；无利害关系的
apathetic,adj. 冷漠的；无动于衷的，缺乏兴趣的
indifferent,adj. 漠不关心的；无关紧要的；中性的，中立的
compromising,"v. 妥协；让步（compromise的ing形式）
adj. 妥协的；让步的"
impersonal,"n. 非人称动词；不具人格的事物
adj. 客观的；非个人的；没有人情味的；非人称的"
subjective,adj. 主观的；个人的；自觉的
critical,adj. 鉴定的；[核] 临界的；批评的，爱挑剔的；危险的；决定性的；评论的
negative,"adj. [数] 负的；消极的；否定的；阴性的
n. 否定；负数；[摄] 底片
vt. 否定；拒绝"
intolerable,adj. 无法忍受的；难耐的
biased,adj. 有偏见的；结果偏倚的，有偏的
disgusting,"adj. 令人厌恶的
令人极不能接受的"
doubtful,adj. 可疑的；令人生疑的；疑心的；不能确定的
worried,adj. 担心的
disappointed,adj. 失望的，沮丧的；受挫折的
pessimistic,adj. 悲观的，厌世的；悲观主义的
gloomy,adj. 黑暗的；沮丧的；阴郁的
hostile,"n. 敌对
adj. 敌对的，敌方的；怀敌意的"
ambivalent,adj. 矛盾的；好恶相克的
and,"conj. 和，与；就；而且；但是；然后
"
also,"conj. 并且；另外
adv. 也；而且；同样
"
moreover,adv. 而且；此外
likewise,adv. 同样地；也
more important, 重要的；更重要；更重要的
first,"num. 第一
n. 第一；开始；冠军
adj. 第一的；基本的；最早的
adv. 第一；首先；优先；宁愿
"
finally,adv. 最后；终于；决定性地
in addition to,"na. 加之
"
then,"conj. 然后，当时
n. 那时
adv. 然后；那么；于是；当时；此外
"
thus,"conj. 因此
n. 乳香
adv. 因此；从而；这样；如此"
so,"conj. 所以；因此
adv. 如此，这么；确是如此
pron. 这样
"
therefore,adv. 因此；所以
consequently,adv. 因此；结果；所以
accordingly,adv. 因此，于是；相应地；照著
but,"conj. 但是；而是；然而
adv. 仅仅，只
prep. 除…以外
"
yet,"conj. 但是；然而
adv. 还；但是；已经
"
while,"conj. 虽然；然而；当……的时候
n. 一会儿；一段时间
vt. 消磨；轻松地度过"
however,"conj. 无论以何种方式; 不管怎样
adv. 无论如何；不管怎样（接副词或形容词）；然而；可是"
nevertheless,"adv. 然而，不过；虽然如此
conj. 然而，不过"
though,"conj. 虽然；尽管
prep. 但
adv. 可是，虽然；不过；然而"
otherwise,"adv. 否则；另外；在其他方面
adj. 另外的；其他方面的；原本，本来
conj. 其他；如果不；然后"
in spite of,"na. spite of 不管；〔古语〕无视
"
on the contrary,"na. 反之
"
in contrast,"adv. 相反
"
because,conj. 因为
because of,"na. 因
"
for the reason of,无
result from,"v. 由于
"
as a result,"adv. 结果
"
to sum up, 总之；概括地说；总之，总而言之
in conclusion,"na. 最后
"
in short,"na. 简单地说；总之
"
in brief,"na. 简单地说
"
on the whole,"na. 整体上说
"
so that,"conj. 因此；以便
"
so as to,"na. (= in order to) 以便；为使
"
in order to,"na. 为了；从而；以便
"
for this purpose, 为此；为了这个目的；为此目的
such as,"un. 例如；像；象…这样；诸如…之类
"
for example,"na. 例如
"
for instance,"na. 例如
"
in particular,"na. 特别；一一
"
if,"conj. （表条件）如果；即使；是否；（表假设）假如
n. 条件；设想"
unless,"conj. 除非，如果不
prep. 除…之外"
in that case,"na. 既然是那样
"
in this circumstance,无
a flash in the pan,"na. 〈口〉昙花一现(的人或物)
"
a local newspaper,无
a matter of,"na. 大约；…左右；…的问题
"
a number of,"na. 若干；〔口语〕=numbers of 许多的
"
a rigid moral code,无
a series of,"na. 一系列；许多
"
a significant issue,无
a variety of,"det. 种种；形形色色
"
a majority of, 大部分；大多数；大多数的
the majority of,"adj. 大多数
"
abide by,"na. 坚持；服从
"
above all,"na. 最主要的；最重要的是
"
academic community,高等教育界;学术界;高等学校的全体师生员工
access to, 接近；进入；通向…的入口
accord with,"na. 和…一致
"
according to,"prep. 根据；按照；据（…所说）；按（…所报道）
"
account for,"na. 证明；由于；说明(银钱等的)用途；打死
"
acquaint with,告诉，告知，通知；使知道，使认识，使了解；使熟悉；使相识，与…结识，介绍
act on,"na. “Act upon”的变体
"
acute crisis,无
add to,"na. 增加
"
add up to,"na. 总计共达；〔口语〕总之就是
"
adhere to,"v. 坚持；依附
"
agree on,"na. 对…意见一致
"
agree with,"na. 适合；赞同；与…一致
"
all but,"na. 几乎跟…一样
"
all over,"adj. 满
n. 全花织物
"
allegiance to,无
allow for,"v. 考虑到
"
an easy access,无
an elite athlete,无
an elite university,无
and so on,"na. “And so forth”的变体
"
and so forth,"na. 等等；云云；“and so on/forth”的变体
"
and then,"na. 然后
"
and yet,"na. 但
"
apart from,"prep. 除了…外（都）；要不是；除了…外（还）；此外
"
appeal to,"v. 求助于；引起N
"
arise from,"v. 从…而得的
"
around the world,"un. 环球
"
around the clock,"na. 夜以继日地
"
round the clock,"na. 昼夜不停；整天整夜；昼夜不停地
"
arouse controversy,无
as a matter of fact,"na. 事实上；事实是
"
as if,"na. 彷佛；活像
"
as though,"na. 好像；见 well 条
"
as to,"na. 〈正式〉至于；说到
"
as well,"na. 也；同样
"
as well as,"na. 和…一样；…不用说
"
as far as,"na. 远到；就；尽；至于
"
so far as,"na. 就…而论；尽…说；只就…说
"
as long as,"conj. 只要
"
so long as,"na. 只要；“as/so long as”的变体
"
assault on, 对……猛袭；突击；袭击
at a loss,"na. 无办法；(猎犬)失去猎物嗅迹；亏本地
"
at all costs,"na. 无论如何
"
at any rate,"na. 无论如何；至少；总而言之
"
at hand,"na. 在手边；即将到来
"
at intervals,"na. 时时；处处；偶尔
"
at length,"na. 最后；充分地
"
at present,"na. 目前
"
at random,"na. 碰运气地；无目标地
"
at risk,"un. 担风险
"
at stake,"na. 被赌着；在危险中；利害[生死]攸关
"
at the expense of,"na. 以…为代价；由…出钱；牺牲…
"
at the height of, 在……顶点；在的高峰；在…最鼎盛时期
at the mercy of,"na. 完全受…支配
"
at the start,"na. 开始
"
at the thought of,"na. 一想到
"
average wage,"un. 平均工资
"
back down,"na. 打退堂鼓；放弃权利等
"
bargain for, 为购买（某物）讨价还价; 料到，考虑到（某情况）; 预料
base sth. on sth.,"v. 根据
"
be addicted to,"na. 嗜好
"
be at a standstill,"un. 停下来；停止转动
"
be aware of,"na. 知道
"
be away from, 远离；离开；从……离开
be beyond dispute, 不容争议
be bid up,无
be bound up with,"na. 与…有密切联系；与…结合在一起；和…有密切关系
"
be characterized by,"na. 有…的(显著)特点
"
be conscious of,"na. 意识到
"
be content with,"na. 以…为满足
"
be dependent on,"na. 依靠
"
be dependent upon,依靠(他人供给吃、住、钱等)，依赖；随…而定；依…而转移
be entitled to, 有权；有资格；有权做
be equivalent to,"na. 等于；相当于
"
be essential to,"v. 对…必不可少
"
be exposed to, 暴露于；面临；暴露在
be immune to,"对...有免疫力, 可避免..., 不受...的影响"
be in debt,"亏空,亏空额"
be in despair, 某人处于绝望中；绝望地；陷于绝望之中
be in sympathy with,同意；随着；赞同；和...一致
be in the way, 碍事；挡路；绊手绊脚
be irrelevant to, 不切题；与…不相干；与…不相关
be keen on,"na. 喜爱
"
be known as,"na. 通称
"
be liable for, 对…应负责任的；对…负责；有责任
be liable to,"该受(罚), 应遵守..., 有...的倾向, 易于..."
be married to sb.,"un. 给…证婚；嫁给…
"
be on the ropes,（登山者）用绳相互系在一起
be out of date,过时的；已废的
be popular with,"na. 受…欢迎
"
be proficient in,"v. 精通
"
be related to,"na. 和…有(亲戚)关系
"
be relevant to,"v. 有关
"
be reluctant to, 不愿意；不情愿；不愿做…的
be resistant to, 抵抗的；抗拒；有抵抗力的
be responsible for,"v. 负责；担负
"
be skeptical of,无
be skeptical about,无
be suited for,适合…
be supposed to,"na. …(在职务上)要；〈口〉不许
"
be to blame,"na. 该负责
"
be tolerant of,"na. 对…能容忍
"
be typical of,"v. 代表；象征
"
be up in the air,"na. 悬而未决；尚未决定
"
be up to,"un. 面对；在干；居心
"
be willing to,"na. 乐意进行
"
beat to the punch, 首先做出决定性的行动
bed down,"v. 使…安睡；下陷；卧睡
"
begin with,"na. 从…开始
"
benefit from,"v. 从…得到好处
"
between jobs, 失业；待业中；工作之间
bid for,"na. 投标求包(工程)；出价竞买(某物)；争取得到(拥护等)
"
boast about,"na. 夸耀
"
boot up,"un. 启动；自举；引导；使系统开始工作
"
brand new,"adj. 全新的；崭新的
"
break away,"v. 逃脱；突然离开；突然离去；挣脱
"
break away from,"v. 脱离；离开；断绝与…的关系
"
break down,"v. 分解；抛锚；分析；划分
"
bring about,"na. 造成；带来；【航】(使船)回转
"
bring in,"na. 生产；生(利)；收获(农作物等)；挣得(报酬等)
"
bring out,"na. 公布；说出；出版；上演
"
build up,"na. 同“build”；建立；复兴；【军】集结(部队)
"
burn down,"na. 把…烧成平地；(蜡烛等)逐渐烧完；火力减弱
"
by contrast,"un. 相比之下；作对比；与此相反
"
by far,"na. (修饰比较级,最高级,表示数量,程度等)…得多；尤其；更
"
by hand,"na. 用手的；用手递交的；(婴儿)用牛奶抚养的
"
by means of,"na. 以
"
by nature,"na. 生就；从本性上说
"
by oneself,"na. 单独；独自；独力
"
call for,"na. 呼吁；主张；需要；接(某人)
"
call forth,"na. 唤起
"
call on,"na. 号召；指名要(某人)去干(某事)；请求；访问
"
call upon,"na. “call on”的变体；同“call on ”
"
call up,"na. 传；动员；打电话给；【电讯】呼唤
"
carry on,"adj. (飞机乘客的行李)可随身携带的
n. (飞机乘客的)随身行李
"
carry out,"na. 实行；开展；完成
"
cast aside,"na. 抛弃
"
cast light on, 映照；阐明；使明白
shed light on,"na. 阐明；解释；将…弄明白；照亮
"
throw light on,"na. 弄明白
"
cast light upon,阐明;使人理解某事;使某事更为清楚 [亦作 shed (或 throw a flood of) light on (或 upon)]
shed light upon,阐明;使人理解某事;使某事更为清楚 [亦作 shed (或 throw a flood of) light on (或 upon)]
throw light upon, 阐明，使…清楚
catch a glimpse of,"na. 瞥见；看一眼
"
cater to,"v. 迎合
"
charge sb. with,"na. 托付；使负…的罪名；使受…的责备
"
civil servant,"n. 公务员；政府官员
"
click on, 点击；用鼠标点击；单击
cling to,"v. 依附；坚持
"
come in handy,"na. 迟早有用
"
come into existence,"na. 产生；成立
"
come into use,"na. (某物)开始被使用
"
come off,"na. 同“come across”；(人)走了；(扣子,齿,发)脱落
"
come to,"na. 总计为；结果是；苏醒；把船朝着风头
"
come up with,"na. 想出(一个主意或计划)；提出；提供；筹措
"
comment on,"v. 评论
"
compare with,"na. 和…比较[对照]
"
compare ... to,"un. 核对记录；商量了一番；比较；和…相仿
"
compatible with,"adj. 与…不矛盾
"
compensate for,"v. 补偿；抵偿
"
compete with,"v. 竞争
"
complain about,"v. 埋怨
"
concentrate on,"na. 集中在；专心于
"
conclude from, 相信某事物；从··推断出；从···中得出结论
consist of,"v. 由…合成
"
contrary to,"na. 跟…相反[相违背]
"
contribute to,"na. 捐助；给…投稿；捐(款)给；投寄(一篇论文)给(某杂志)
"
cope with,"v. 对付；应付
"
core values, 核心价值观；公司核心价值观；金地核心价值观
count on,"na. 指望；预料到；期望
"
couple sb. with sb.,"v. 连接；结合
"
couple sth. with sb.,"v. 连接；结合
"
couple sb. with sth.,"v. 连接；结合
"
couple sth. with sth.,"v. 连接；结合
"
crack down,"na. 敏捷地做；拼命做
"
crack down on,"na. 对…进行制裁
"
creative expression, 创造性表达；创意表达；展现创意
cut across,"na. 对直穿过；同“cut”
"
cut corners,"na. 走捷径
"
cut in,"na. 突然插入；(汽车)超车；抢去别人的舞伴；在电话里窃听
"
cut off,"na. 削除；截止；截断(退路等)；割下来
"
date back to,"na. 回溯至
"
deal with,"na. 办理；对待；与…交涉；与…交易
"
decline in,在…方面逐渐衰弱(或败落)
decorate ... with,"v. 装饰以
"
dedicate ... to,"v. 献给
"
deliberate practice,无
delicate situation,无
dependence on, 依赖；依靠；信赖
deprive ... of,"un. 剥夺
"
derive from,"v. 来自；起源于
"
designate ... as,把…称为；指定，定为；选派；任命；指定
detach from,"v. 分离自
"
die out,"na. 死绝
"
distinguish A between B,无
distract one's attention,无
do without,"na. 无需
"
drag sb. down,"na. 挣工资；赚(钱)
"
drag sth. down,"na. 挣工资；赚(钱)
"
draw up,"na. 写出；正容；整(队)；拉起(鱼网等)
"
dream up,"na. 凭空想出；凭空捏造出
"
dress up,"na. 乔装；装扮；为…打扮；盛装打扮
"
drive away,"v. 赶走
"
drop out,"na. 退出；(因不满传统制度而)退出正常社会；落出；隐退
"
due to,"un. 由于；预定；因为；亏
"
earn one's living, 谋生；营生；挣钱维持生计
easy game, 爱是；容易捕获的猎物；易捕获的猎物
echo with, （指某处）回荡（某声音）
economic crisis,"na. 经济危机
"
eligible for, 合格；对……合格；够资格
eliminate from, 从…中消除；从……排除；去除
embark on,"un. 着手
"
embark upon,"un. 登
"
emerge from,"v. 从…里露出
"
eminent scholar,n.著名学者
encounter with,偶然遇见，偶然碰到(朋友等)；遭逢(敌人等)；遭遇(危险等)；与…冲突
end up with,"na. 以…而告终
"
engage in,"na. 从事；参加
"
enroll in,"v. 登记
"
enthusiasm for,"na. (运动)热
"
flu epidemic,无
even if,"na. 即使…也
"
even though,"na. “even if”的变体
"
ever since,"na. 从…以来
"
evident in,无
except for,"na. 只有
"
exclude ... from, 把…排斥于…之外；把……排除在外；同上但是使用档案
exempt from,"v. 使…免除
"
extract ... from,"un. 榨出(汁等)；提取:；拔取；拔出
"
fail to,"v. 未能；使…失望
"
fair play,"n. 按规则比赛；公平办事
"
fall off,"na. 下降；(从马上)掉下来；扫兴颓丧；离开
"
fall short of,"na. “come short”的变体；“fall short”的变体
"
fall victim to,"v. 受害于
"
far from,"na. 远离；决不
"
fierce competition, 激烈竞争；激烈的竞争；竞争激烈
figure out,"na. 估计；解决；了解；〈口〉确定
"
fill in,"na. 填充；填写；同“fill”
"
fill out,"na. 填写(表格等)；变胖；长胖；胖起来
"
financial assistance, 财政资助；经济援助；经济资助
find fault with,"na. 吹毛求疵；找…的岔子
"
first impression, 第一印象；上指第一印象；最初的印象
flesh out,"na. 充实；使…具体化
"
focus on, 致力于; 使聚焦于; 对（某事或做某事）予以注意; 把…作为兴趣中心
for example,"na. 例如
"
for one thing,"na. 第一〔表示列举〕；原因之一是
"
for sure,"adv. 确实
"
for the most part,"na. 在极大程度上；就绝大部分而言；多半；基本上
"
for the sake of,"adv. 为了…起见
"
for the time being,"na. 暂时；一时；临时；在目前
"
formal education, 正规教育；正式教育；形式教育
from the bottom up,"na. 从一开始；彻底地
"
from time to time,"na. 时时
"
gain control over,无
get control over,vt.控制
have control over,"un. 掌握；控制
"
gain an advantage over,"胜过,优于"
have an advantage over,"na. 胜过
"
gain profit,"un. 得利益
"
make profit,"un. 谋利
"
gender inequality, 性别不平等；两性不平等；性属上不平等
get around to,"v. 找时间做
"
get round to,"v. 找时间做
"
get going,"na. 采取行动；出去；使某人发怒
"
get in,"na. 进入；收(庄稼)；收集(税收,捐款等)；插入
"
get into,"na. 进入；穿上；成癖；陷于
"
give birth to, 生（孩子），生育; 引起，产生; 娩出; 娩
give off,"na. 发散(水蒸气等)
"
give place to,"na. 让位于
"
give priority to,"na. 把优先权让给…
"
give rise to,"na. 惹起
"
go by,"na. 走过；以…为根据(作判断)；〈美〉顺道访问；受…所控制
"
go into action,"na. 开始行动；投入战斗
"
go into,"na. 进入；(门等)通着；加入；参与
"
go over,"na. 仔细查看；仔细搜查；排练；重温
"
go through,"na. 认真检查；仔细地搜；(提案或法案)通过；被批准
"
go up,"na. 上升；上城市去；腾贵；烧起来
"
graduate from,"v. 毕业于
"
grip on, 握住
grow out of,"na. 抛弃；戒除；长大而穿不上衣服；源出
"
hand in,"na. 交进
"
handful of,无
hardly ... when,几乎未来得及就…；刚一…就…
hardly ... before,刚一...就...
have an effect on,"na. 对…有影响
"
have no effect on,"un. 对…有作用；对…毫无影响；并不影响
"
have faith in,"na. 相信
"
have influence on, 对某物施加影响；对……产生影响；有影响
head for,"na. 走向
"
hint at,"v. 暗示；示意
"
historical prejudice,无
hold back,"na. 阻止；踌躇；隐瞒；抑制
"
hold up,"v. 举起；支撑；耽误；抢劫
n. 抢劫；延误；堵车
"
if anything,"na. 甚至可能；要说呢
"
if only,"na. 只要；只要…就好了
"
impose ... on,"v. 强迫；欺骗
"
in a row,"na. 成一排；连续
"
in addition to,"na. 加之
"
in addition,"na. 加之
"
in and out,"na. 迂曲；忽隐忽现
"
in any case,"na. 无论如何；横竖
"
in brief,"na. 简单地说
"
in broad daylight,"na. 在大白天
"
in case,"na. 以防万一；作为准备；如果；免得〔用作连词〕
"
in combination with,"na. 和…共同[结合,协同,协力,共谋]
"
in common,"un. 和…有相通之处；公有
"
in comparison with,"na. 和…比起来
"
in conflict, 有矛盾；不一致；发生冲突
in conjunction with,"na. 与…共同；连带着
"
in consequence,"na. 因此
"
in contrast with,"na. 和…成对比；和…大不相同
"
in contrast to,"un. 相形之下；与…相比；与…相反；与…对比
"
in detail,"na. 详细
"
in effect,"na. 实际上；总之；有效
"
in high spirit,无
in keeping with,"na. 和…一致
"
in no time,"na. 立刻
"
in other words,"na. 换句话说
"
in part,"na. 一部份地；有几成；在某种程度上
"
in particular,"na. 特别；一一
"
in proportion,"un. 匀称；一分不多；按比例
"
in proportion to,"na. 与…成比例；与…相称；按…的比例(越…越…)
"
in question,"adj. 在谈论中
"
in response to,"na. 应…而
"
in search of,"na. 寻找；去找；追求；为了寻求
"
in short,"na. 简单地说；总之
"
in spite of,"na. spite of 不管；〔古语〕无视
"
in terms of,"na. 依…；从…方面；用…特有的字眼
"
in the case of,"na. 论到
"
in the course of,"na. 在…之中
"
in the form of,"na. 用…的形式
"
in the shape of,"na. 以…的形状；呈…的形状；以…的形式；作为…
"
in the grip of,"un. 控制自己的情绪；被捏在…里；在…控制之下；患了
"
in the interest of,"na. 为了…的利益
"
in the least,"adv. 全然
"
in the long run,"na. 归根到底；“in the long run/term”的变体
"
in the matter of,"na. 关于…；就…而论
"
in the past,"na. 在过去
"
in the short term, 从短期来说；短期内；从眼前的观点看
in the long term,"na. 从长期看
"
in the wake,紧跟，尾随；伴随而来；紧紧跟在…的后面；效仿；【海洋学】追随着前船的航迹(船驶过后留在水面的余迹)，跟在前船后面；随着…而来，作为…的结果
in the world,"na. 在世界上；究竟
"
in theory, 理论上；从理论上看；在理论上
in turn,"na. 挨次
"
in face of,"v. 当面对
"
in the face of,"na. 不避；不管；〈英〉在…前面；面临
"
in relation to,"na. 关于…
"
with relation to,"na. 关于…
"
incur criticism,无
interfere in,"v. 干涉
"
involve sb. in,"v. 卷入
"
keep secret,"na. 保守(某事)秘密
"
keep ... secret,"na. 保守(某事)秘密
"
keep a hold on,无
keep away from,"v. 远离
"
keep down,"na. 压住；压服；【印】用小活字排印；缩减
"
keep in mind,"na. 记在心里；记住；注意
"
keep one's eyes open,"na. 时刻提防；留神监视
"
keep one's ears open,"un. 私下；竖起耳朵听听
"
keep track of,"na. 追踪；记录；保持联系；密切注意…的动向
"
keep up,"na. 支持；保持；继续；停歇
"
keep abreast of,"na. 跟着(时代)跑
"
be abreast of, 使不落后于
keep abreast with,"na. 跟着(时代)跑
"
be abreast with,(使)保持与…并列; 了解…的最新情况
knock down,"na. 打倒；拆除；拆卸；(拍卖时)敲槌卖出
"
know of,"v. 知道有
"
know about,"v. 知道
"
last hurrah,"na. 最后的努力[尝试]
"
lead up to,"na. 渐渐诱入；【牌戏】设法引出
"
lean on,"na. 靠在；倚赖；【军】据险(固守)
"
lean towards,"un. 倾向:
"
learn about,"v. 得知关于；学习关于
"
leave behind,"na. 遗留；留下；追过；留在后头
"
legitimate purpose,无
legitimate right, 合法权利；正当权利；合法的权利
let alone,"na. 任随；更不用说；放任；莫说…(连)
"
let in,"na. 放入；嵌入；陷入…；〈俚〉欺骗
"
let off,"na. 放(枪,花炮等)；说出(俏皮话等)；宽恕
"
level off,"na. 弄平；达到同一水准；(物价等)稳定；(飞机降落前)水平飞行
"
lie in,"na. 存在于；(分娩后)坐月子
"
linger on,"na. 同“linger ”
"
live off,"na. 住在…之外；以…为生
"
live with,"v. 和…住在一起；和…同居；和…妥协；容忍
"
log in,"na. 进入电脑工作系统；“log on”的变体
"
look back,"na. 回头看；回顾；追想 (to；upon)；(对事业等)不起劲
"
look back on,"v. 回顾
"
lump together,"na. 总计
"
make a complaint, 抱怨；投诉；提出投诉
make an effort,"na. 努力作出
"
make every effort,"na. 力求；费尽心血
"
make certain,"na. 保证
"
make compromises,妥协
make no difference,"un. 在意；没关系；没有差别；无动于衷
"
make nothing of,"na. 轻视；满不在乎；认为不在话下
"
make sense,"na. (话等)有意义；合理；有道理；讲得通
"
make sure of,"na. 弄明白；将…拿到手；叮嘱明白；查明无误
"
make sure that,"查明, 弄确实, 弄清楚, 保证, 设法一定做到, 务必, 如此安排"
make up,"na. 弥补；起草；定；签订
"
mass transport system,无
massive attention,无
medical practitioner, 医生；执业医师；开业医生
meet with,"na. 碰见；遭遇；偶然发现；达到
"
minimum wage,"n. （法定的）最低工资
"
minority language,少数民族语言
monetary policy,"un. 金融政策
"
move away, 离开; 搬到别处去住; 改变（见解）; 挪开
move forward,"na. 前进
"
move up,"na. 提上
"
negative effect,"n. 消极作用
"
negative influence, 消极作用；负面影响；负影响
neglect of, 疏忽；对…的疏忽
no doubt,"na. 无疑地；〈口〉很可能
"
no matter how,"na. 不管怎样
"
no matter what,"na. 不管怎什么
"
no matter when,"na. 不管怎什么时候
"
no more than,"na. 不过是；仅仅
"
nothing but,"na. 不外；〔美国〕〔加强语气〕的确
"
now and then, 偶尔；时而；不时
obstacle to, 纪念碑；障碍；的障碍
occur to, 想到；被想起；被想到
of no account,"na. 不重要的
"
on average, 平均；平均起来；通常
on the average,"na. 平均；一般说来
"
on an average,"na. 平均；一般说来
"
on behalf of,"na. 替；为…的利益
"
on hand,"na. 现有；〈美〉出席；〈美〉在近处
"
on paper,"na. 纸上；统计上；理论上
"
on short notice,"na. 忽然；急忙；“at/on short notice”的变体
"
on the contrary,"na. 反之
"
on the road,"na. 在旅行中；〔美国〕(剧团等)在巡回演出中
"
on the side,"na. 顺便；作为副业；〔美口〕略略添上
"
on the spot,"na. 当场；立刻；【商业】用现货[现款]；(人)准备妥当
"
on the surface,"na. 表面上
"
on the whole,"na. 整体上说
"
once for all,"na. 只此一次；断然
"
once and for all,"ph. 一劳永逸地
"
only if ...,"conj. 只有当
"
only when, 只有当；除非；只有当…才能
original purpose,无
originate from,"v. 起源于；发源于
"
other than,"na. 与…不同；除了
"
out of hand,"na. 即时；脱手；告终；难对付
"
out of style,"na. 没有样子；“in/out of style”的变体
"
over time,"conj. 随着时间的过去
"
owe to,"v. 由于；把…归功于
"
package deal,"un. 〔经〕一揽子交易
"
part and parcel of sth.,"na. 重要[基本]部分；(…的)重要部分
"
part with,"na. 跟…分别；解雇；卖掉(东西)
"
pass away,"na. 消失；Vi. 经过；去；终止
"
pass on,"na. “pass away”的变体；递；传达；通过
"
patriotism ideology,无
pave the way for,"na. 为…铺平道路；使…容易到来
"
persist in,"v. 坚持
"
pick up,"v. 拾起；探出；重新开始
"
pin down,"na. 强迫(人)承认[履行]条约；用…束缚住；阻止；牵制
"
play a role in,"v. 起作用于
"
play with,"na. 玩弄(火等)；以…自娱
"
plough through,"un. 破浪航行
"
point of view,"n. 观点；态度；意见；看法
"
point out,"na. 指出
"
pose a challenge, 提出某种挑战；提出挑战
pose a threat to, 对…有一种威胁；对……构成威胁；对……造成威胁
pour into, 不断地[大量地]流进[涌进]; 注入; 灌注; 倾注
pour out,"v. 倾吐；诉说
"
prejudice against, 偏重；对……的偏见；对……偏见
preparation for, 准备；为…做的准备；为…做准备
primary language, 主语言；主要语言；主要语言文字种类
prior to,"adj. 前于
"
pursuit of,无
push aside,"v. 推开
"
push away,"na. 推开
"
put aside,"na. “set aside”的变体
"
put down to, 归因于；说…因而起；归因为
put forward,"na. 提出(计划,意见等)；建议；促进；推举(候补人等)
"
put sth. into effect,"na. 实行
"
bring sth. into effect,"na. 使生效；使起作用；实行
"
put to use,"na. 用
"
racial discrimination,"n. 种族歧视
"
radical viewpoint,无
raise suspicion,无
range from A to B,无
rare bird, 珍禽；珍稀鸟类；奇异珍贵的宝物
rather than,"na. 而不
"
ready for, 准备好干某事; 准备供（某人、事）用的; 准备应付; 对付
recruit volunteers,无
refer to,"v. 查阅；提到
"
refer to ... as,"v. 提交；归类；称谓
"
reflect on,"v. 考虑；回想
"
regardless of,"prep. 不管；不顾；不理会
"
respond to,"v. 响应
"
rest on,"na. 被支持在…上；(目光等)停留在…上
"
rest upon,"na. 被支持在…上；(目光等)停留在…上
"
result in,"na. 终于(失败)
"
retreat from,"v. 放弃；撤退
"
return to,"v. 回到；返回；还给；降到
"
root in, 扎根于；来源于；起因于
root ... in, 扎根于；来源于；起因于
run dry,"na. 干涸；(奶,水等)不出；在干燥的情况下操作；(乳牛)不产奶
"
run for,"na. 去叫(…)；做…的候选人
"
run out,"na. 耗尽；用光；过有效期；失效
"
run over,"v. 轧过；碾过；演练；排练
"
rush through,"v. 匆匆完成
"
saturate ... with, 使充满；使饱和；使大量吸收或充满某物
scale back,"na. 相应缩减
"
scale down,"na. (按比例)缩减；【无线】分频；“scale back”的变体
"
see to,"na. 注意；留心；当心；检查
"
send out,"na. “send forth”的变体
"
serve as,"v. 用作；充当
"
set off,"na. 分；分割；划开；区划
"
severe criticism,无
sharp criticism,无
show off,"na. 卖弄；〈贬〉自以为是；趾高气扬；炫耀
"
show up,"na. 显眼；揭发；嘲笑；露面
"
shut up,"na. 关住；监禁；密封；停止
"
side with,"v. 援助；偏袒
"
single currency, 单一货币；统一货币；这里指欧元
single out,"v. 挑选出；精选出
"
sink in,"un. 晕倒；西斜；渗入；打进心坎
"
skilled at,adj.精通...的
slacken off,"un. 松劲
"
snatch at,"v. 抓住
"
soak up,"v. 吸取
"
social conflict, 社会冲突；社会矛盾；社群冲突
social environment,"na. 社会环境
"
speculate about,"v. 思考
"
speculate on,"v. 思考
"
speed up,"na. 加快(机器等的)速度；使加紧做
"
splash out, 挥霍；大肆挥霍；随意花钱
spread over,"na. 〈英〉(根据特殊需要而作的)部分工时调整
"
stand for,"na. 〈口〉忍耐；忍受；主张；拥护
"
start with,"v. 以…开始
"
stay away from,"un. 退避三舍；回避；不要到…去；停止和…交往
"
step up,"v. 加紧；走上前；登上；增加
"
stick to,"na. 忠于
"
stick with, 坚持；继续支持；坚持做
straight up,"un. 真的
"
stumble on,"un. 踌躇地转着；碰上
"
stumble upon,"un. 踌躇地转着；碰上
"
stumble across,"un. 踌躇地转着；偶然发现
"
subject to,"v. 处于…中；使服从
"
subscribe to,"v. 同意；赞成；订阅；定期捐款
"
substitute for,"v. 取代；替代
"
suffer from, 患（某种病），受（某种病痛）折磨; 因…而受罚[苦，损]; 闹; 罹
survival of the fittest,"un. 最适者生存；适应生存
"
survival rate,"n. 成活率
"
swear to,"na. “swear”的变体
"
take advantage of,"na. 乘；利用；欺骗；引诱(女人)
"
take effect,"na. 有效验；生效
"
take in,"na. 加以考虑；〔美国〕访问；收进；收容
"
take into account,"na. 考虑
"
take into consideration,"v. 顾及
"
take its toll, 造成损失；造成伤亡；伤害某人
take on,"na. 担任(工作等)；较量；装(某种样子)；呈现(形势)
"
take on oneself, 主动承担；把归咎自己；把归咎自己擅自
take upon oneself,"na. 负担；毅然
"
take over,"na. 接管；继承
"
take pains,"na. 费苦心；尽力
"
take part in,"na. 参加；贡献
"
take root,"na. “strike root”的变体
"
take to,"na. 嗜好；开始；参加；逃入
"
take turns,"na. 替换
"
take up,"na. 拿起；举起；拾起；给搭(火车等)
"
take a nap,"na. 睡午觉；打一个瞌睡
"
get a nap,无
have a nap,"na. 睡午觉；打一个瞌睡
"
take ... to heart,"v. 非常关心
"
lay ... to heart,牢记
that is,"na. 即；用于纠正之前说过的内容
"
i.e.,"adv. 也就是
abbr. （拉丁）即（id est）"
the local culture,无
the prime objective,无
there and then,"na. “then and there”的变体
"
think highly of,"na. 尊重；评价极高
"
think poorly of,"na. 不佩服
"
think of ... as, 把…认为是；看作；把…当作
time zone,"n. 时区
"
to begin with,"na. 首先；本来〔插入语〕
"
to start with,"na. 首先
"
touch on,"na. 说到
"
treat to, 款待；招待；请客
tune in,"na. 调谐；收听；〔美国〕开始
"
tune in to sth.,"v. 拨；收听
"
turn around,"na. 转身；〈美〉使向好的方向转变
"
turn back,"na. 同“turn down ”
"
turn off,"v. 关掉
"
turn out,v. （以某种方式）发生；最后是；结果是 （尤指天气突然）变得（晴好） 原来是；结果发现 出席;参加;前去观看关掉，熄灭（电灯、煤气等） 出席;参加;前去观看生产；制造 （尤指把某人从其长期居住处）撵走，赶出，逐出 翻出；倒出 出席；参加；前去观看
turn the corner,"na. 转弯；度过危机；情形好转；拐过街角
"
view ... as ...,"把...看作..., 认为...是..."
virtual currency, 虚拟货币；虚拟货币发行；虚拟流通
vote for,"na. 赞成；〈口〉建议
"
warm up,"na. 加热；变暖；热中起来；【运】作准备动作
"
watch over,"na. 监视；留心；看护
"
win over,"na. 争取过来
"
wish for,"v. 希望；想要
"
with respect to,"na. 〈正式〉考虑到
"
with regard to,"na. 关于；对于；为了答复；“in/with regard to”的变体
"
in regard to,"na. “in regard of”的变体
"
work up,"na. 刺激；煽动；刻苦完成；展开(故事的情节)
"
zeal for,"v. 热心于
"
