abandon oneself to,"na. 恣意
"
above all,"na. 最主要的；最重要的是
"
according to,"prep. 根据；按照；据（…所说）；按（…所报道）
"
account for,"na. 证明；由于；说明(银钱等的)用途；打死
"
accuse ... of ...,"un. 控告
"
act as,"na. 做(向导)
"
adapt to,"na. 使(自己行动)配合(同伴)
"
add in,"na. 算入
"
adjust to,"v. 适应
"
admit doing sth., 承认做某事；承认做过某事；承认做了某事
after all,"na. 毕竟；终究；最后
"
agree on,"na. 对…意见一致
"
ahead of,"prep. （时间、空间）在…前面；早于；领先
"
aim at,"v. 目的在于
"
all alone,"na. 仅仅一个人；独力
"
all but,"na. 几乎跟…一样
"
all of a sudden,"na. “all at once”的变体；突然
"
all one's life,"na. 毕生；终生
"
all over,"adj. 满
n. 全花织物
"
all right,"adj. 可接受（的）；满意（的）；安全健康（的）；平安无恙（的）
int. 是不是；（表示同意）好；没什么；（引起注意）哎
"
all round,"na. 周围；四面八方
"
all around,"na. 四处；全面地；遍处；一一
"
all the best, 万事吉利，一路平安，一帆风顺（祝酒或送行时用语）
all the same,"na. 依然；“all/just the same”的变体
"
all the way,"na. 路上一直；老远；〈美〉(从…到…)逐一
"
all through,"na. 从来就
"
all together,"adv. 一起
"
allow for,"v. 考虑到
"
along with,"na. 与…一道；以外
"
and so on,"na. “And so forth”的变体
"
answer for,"na. 负…的责任；负责(受处分)；代(被问人)回答
"
anything but,"na. 决不是；除…外什么都
"
apart from,"prep. 除了…外（都）；要不是；除了…外（还）；此外
"
apologize to sb. for sth., 因某事向某人道歉
apologize to sb. for doing sth.,无
appeal to,"v. 求助于；引起N
"
apply for,"v. 寻求；申请
"
approve of,"na. 赞成
"
arise from,"v. 从…而得的
"
arm in arm,"na. 臂挽着臂
"
around the corner,"na. (= 〔英国〕 round the corner)在拐角那里
"
arrive at,"v. 到达；得出
"
as a consequence,"adv. 因此
"
as a matter of fact,"na. 事实上；事实是
"
as a result,"adv. 结果
"
as far as,"na. 远到；就；尽；至于
"
as follows,"na. 如下；以下
"
as for,"na. 至于
"
as if,"na. 彷佛；活像
"
as though,"na. 好像；见 well 条
"
as long as,"conj. 只要
"
so long as,"na. 只要；“as/so long as”的变体
"
as soon as,"na. 一…就；见 soon 条
"
as usual,"adv. 照常；照例
"
as well,"na. 也；同样
"
as well as,"na. 和…一样；…不用说
"
ask for,"na. 要(价)；来找
"
at a distance,"na. 隔开一段距离；“at/from a distance”的变体
"
at a loss,"na. 无办法；(猎犬)失去猎物嗅迹；亏本地
"
at a low price,"un. 低价
"
at a time,"na. 一次(多少)；同时；曾经；连续
"
at all,"na. 全然；究竟
"
at all costs,"na. 无论如何
"
at any rate,"na. 无论如何；至少；总而言之
"
at ease,"na. 自由自在；=stand at ease.
"
at first,"na. 首先
"
at first sight,"na. 乍看；一见就；乍看起来
"
at hand,"na. 在手边；即将到来
"
at last,"na. 终于
"
at least,"na. 至少
"
at length,"na. 最后；充分地
"
at most,"na. 至多
"
at the most,"na. 至多
"
at once,"na. 立刻；同时
"
at one's best,"na. 最美时期；最得意处；发挥最高的技术水平
"
at present,"na. 目前
"
at random,"na. 碰运气地；无目标地
"
at risk,"un. 担风险
"
at one's convenience,"na. 顺便；得便时
"
at one's expense,"prep.自费,牺牲别人的利益"
at one's service,"乐意帮助,听.使唤"
at table,"na. 在吃饭
"
at the age of,"na. 在…岁时
"
at the beginning of,"un. 前奏；处于…的开端；起初
"
at the bottom of,"un. (是)基本力量；是由于他们引起的；在…的底部
"
at the end of,"na. 在…末端；在…的结尾
"
at the moment,"na. “for the moment”的变体
"
at war,"na. 在战争中
"
at work,"na. 做着；在工作；起着作用；运转中
"
attach ... to ...,"v. 连接在…上；归于
"
attempt to do sth., 试图；试图做某事；企图做某事
attend to,"na. 照料(工作)
"
attitude to,"un. 对…态度
"
attitude toward, 对…的态度；意见；对于···的态度
attribute ... to ...,"na. 认为(成功)是(努力)的结果
"
avoid doing sth., 避免做某事；避免干某事；防止做某事
awake to,"na. 激起(某人)(悔罪念头)
"
back and forth,"na. 来回地
"
bargain with sb. for sth.,无
base ... on ...,"v. 根据
"
be able to do sth., 能够做某事；能做某事；有能力做某事
be about to do sth., 即将做某事
be absorbed in,"na. 全神贯注在…；热衷于
"
be abundant in,丰富的，富裕的
be accustomed to,"na. 惯于(苦干,早起)
"
be addicted to,"na. 嗜好
"
be admitted into, 被…录取；被选入
be admitted to, 被…录取；获准做某事；获准进入
be angry with,"na. 对…生气；生(某人)的气
"
be anxious about,"na. 担忧(某人健康)；害怕(结果)
"
be ashamed of,"na. 以为…是耻辱
"
be associated with,"v. 与…联系
"
be aware of,"na. 知道
"
be blessed with, 幸运地享有；有幸得到；享有的
be bored with,"v. 厌烦
"
be bound to do sth., 注定；一定会做某事；必然
be busy with sth.,"v. 忙于
"
be capable of,"v. 能够承担
"
be close to,"na. 接近；不离
"
be concerned about,"na. 关心；挂念
"
be content with,"na. 以…为满足
"
be crazy about,"v. 迷上
"
be curious about,"na. 对(某事物)感到好奇
"
be different from,"na. 和…不同
"
be equal to,"na. 等于；胜任；赶得上；忍耐得住
"
be faced with,"v. 面临
"
be familiar to,"v. 熟悉
"
be famous as,作为…而闻名遐迩
be fit for,"na. 适于
"
be fond of,"v. 爱好
"
be frightened to death, 怕得要死
be full of,"na. 充满…(的)
"
be good at,"v. 善于
"
be interested in,"v. 对…感兴趣
"
be known as,"na. 通称
"
be likely to, 可能；很可能；很有可能
be lost in,"v. 迷恋
"
be opposed to,"v. 反对；与…相对
"
be particular about,"v. 对…讲究
"
be pleased at,"对…感到高兴,喜欢…"
be pleased about,无
be pleased with,"na. 喜欢
"
be popular with,"na. 受…欢迎
"
be proud of,"na. 以…自豪
"
be ready for,"v. 预备好
"
be related to,"na. 和…有(亲戚)关系
"
be relevant to,"v. 有关
"
be responsible for,"v. 负责；担负
"
be sensitive to,"na. 对…敏感
"
be short for, 是…的简称；是…的缩写
be similar to,"na. 像
"
be strict in, 对某事严格要求；对某事要求严格；严于
be supposed to,"na. …(在职务上)要；〈口〉不许
"
be sure about,"un. 就象…一样地不容怀疑。；把握
"
be sure of,"na. 确信
"
be tired of,"v. 厌烦；厌倦
"
be true of,"un. 遵守诺言；适用；是这种情况
"
be unique to, 为…特有；对……来说是独一无二的；为…所独有
be willing to do sth.,"na. 乐意进行
"
because of,"na. 因
"
become of,"na. (人或事物的)情况
"
before long,"na. 不久；不(需很)久
"
begin with,"na. 从…开始
"
believe in,"v. 相信
"
believe it or not,"na. 信不信由你
"
belong to,"v. 属于；附属
"
benefit from,"v. 从…得到好处
"
beyond control,"na. 无法控制
"
blame sb. for sth., 因……责备；责怪；因…怪罪
blow away,"na. 吹走；〈非正式〉用枪杀死某人；〈非正式〉震惊；主要用于美式英语
"
break away,"v. 逃脱；突然离开；突然离去；挣脱
"
break away from,"v. 脱离；离开；断绝与…的关系
"
bring about,"na. 造成；带来；【航】(使船)回转
"
build up,"na. 同“build”；建立；复兴；【军】集结(部队)
"
burn down,"na. 把…烧成平地；(蜡烛等)逐渐烧完；火力减弱
"
burst into,"na. 闯进；突然…起来
"
but for,"na. 要不是；除…而外
"
by accident,"na. 偶然 (opp. on purpose)
"
by air,"na. 用[坐]飞机；用无线电
"
by all means,"na. 必定；千方百计；不惜一切；好的
"
by chance,"na. 偶然
"
by name,"na. 指名；名叫；只…名字
"
by nature,"na. 生就；从本性上说
"
call attention to, 唤起注意；引起对…的注意；关注
call at,"na. 访问(某家)；(车船)停靠(某地)
"
calm down,"na. 平静下来
"
can't but, 不得不
can't help but,〈美〉不得不; 不能不; 必须; 只好
can't help doing sth., 禁不住做某事；情不自禁做某事；忍不住做某事
can't wait to,无
care about,"v. 在意
"
carry away,"na. 带去；冲走；获得(印象)；使冲昏头脑
"
cast about for,"na. 寻觅；搜集；物色；想(方法等)
"
cast aside,"na. 抛弃
"
catch a glimpse of,"na. 瞥见；看一眼
"
catch fire,"na. 着火
"
catch hold of,"na. 抓住；乘机抓住(对方的失言)；掌握
"
catch on,"na. 流行；受欢迎；理解；懂得
"
catch up,"na. 与…并驾齐驱 (to with)；扰乱(说话人)
"
catch up with,"v. 赶上
"
cater for,"un. 备办食物:；凑合
"
center on,"un. 围绕
"
center upon,vt.以...为主题
change ... for ...,"v. 转车；转向
"
change into,"na. 变成；改穿
"
change one's mind,"na. 改变想法
"
charge sb. with,"na. 托付；使负…的罪名；使受…的责备
"
check in,"v. 〈美〉报到；(旅馆)登记
"
cheer ... on,"un. 欢呼；喝采；高呼加油:；为某人打气
"
cheer up,"v. 鼓舞；振作一点
"
chew over,"na. “chew upon”的变体
"
chip in,"na. 加入(打架等)；捐助；拿钱赌
"
choke off,"na. 把…闷死；使中止；同“choke”
"
clean up,"na. 收拾干净；【机械工程】改正；〔俚语〕赚厚利
"
clear away,"na. 扫除；砍去；(雾等)消散
"
clear up,"na. 整顿；说明；(天气)转晴
"
click on, 点击；用鼠标点击；单击
close down,"v. 关闭；关门；倒闭；歇业
"
collect oneself,"心平气和,平心静气,镇定一下"
come about,"na. 发生；(风等)变向；【航海】抢风调向
"
come across,"na. 尽(义务)；发现；碰见；(穿过…)来到
"
come along,"na. 进步；同意；一道来；请过来
"
come into being,"na. 发生
"
come out,"na. 出来
"
come to terms with,"un. 谈得拢；和…达成协议；与…友好相处；追恋
"
come true,"na. (预言等)成事实；实现；(作物)不变种地发芽生长
"
come up with,"na. 想出(一个主意或计划)；提出；提供；筹措
"
compare ... to ...,"un. 核对记录；商量了一番；比较；和…相仿
"
compensate for,"v. 补偿；抵偿
"
complain about,"v. 埋怨
"
complain of,"v. 抱怨；叫屈
"
concentrate on,"na. 集中在；专心于
"
concentrate upon,na. 集中在；专心于
congratulate ... on ...,"un. 祝贺
"
congratulate ... upon ...,vt.祝贺
connect with,"na. 和…有关系
"
consider ... as ..., 认为；认为是；把…看作
consist in,"v. 在于
"
contrary to,"na. 跟…相反[相违背]
"
contribute to,"na. 捐助；给…投稿；捐(款)给；投寄(一篇论文)给(某杂志)
"
convince ... of ...,"na. 使(人)承认
"
cool down,"na. 使…变凉；〈非正式〉冷静下来
"
cool off,"na. 变凉；使…冷静；(销量,价钱等)下降
"
correspond to,"v. 符合
"
count on,"na. 指望；预料到；期望
"
count upon,"na. 指望；依赖
"
cross out,"na. 取消
"
crowd in,"un. 围住；围观；接踵而来；挤进
"
cry out,"na. 大叫；喊着要求
"
cut across,"na. 对直穿过；同“cut”
"
dance to, 随着…跳舞；按音乐节拍跳舞；和着……的节奏跳舞
dare to,"v. 胆敢
"
date from,"v. 回溯到
"
day after day,"na. 天天；一天又一天
"
deal with,"na. 办理；对待；与…交涉；与…交易
"
debate on,"na. 讨论(问题)
"
debate about,"un. 充分地谈论
"
decide on,"na. 决心
"
decide upon,"na. 决定(采取某种行动)
"
declare against,v. 表态反对
dedicate ... to ...,"v. 献给
"
defend ... against ...,"na. 保卫；否认
"
defend ... from ...,"na. 抵抗；否认
"
depend on,"v. 依靠
"
depend upon,"v. 依靠
"
deposit ... in ...,"v. 存放在
"
descend from,"na. 是…的后裔
"
describe ... as ...,"v. 描述为
"
develop into,"v. 发展成为
"
devote ... to ...,"v. 把…贡献给
"
die away,vt. 减弱，消失；渐熄；风，声音渐弱，渐息；（树木等）渐渐凋零，枯萎（根未死）；假死
differ from,"na. 和…不一致；和…意见不同
"
dig into,"na. 掘进；钻研；用掉；吃
"
distinguish between ... and ...,无
dive into,"na. 探察(某人秘密)
"
divide ... into ...,"v. 分为
"
do away with,"na. 废除；干掉
"
do harm to,"v. 损害
"
do without,"na. 无需
"
donate ... to ..., 捐赠；捐助；赠予
dozens of,"adj. 许多
"
draw a conclusion,"na. 引出结论
"
draw in,"na. 拉入；引入；收(网等)；收回(借款等)
"
dream about,"un. 浮想联翩；巴望
"
dream of,"v. 梦想
"
dress up,"na. 乔装；装扮；为…打扮；盛装打扮
"
drop away,"na. 一滴一滴落下；(一个个)走掉；(不知不觉间)跑掉；同“drop”
"
drop out,"na. 退出；(因不满传统制度而)退出正常社会；落出；隐退
"
drop out of,"v. 退出；退去
"
dry out, （使）变干， （使）干涸; <非正>（使）戒（酒、毒等）; 晾干
due to,"un. 由于；预定；因为；亏
"
each other,"pron. 彼此
"
earn a living, 谋生；谋生或维持生活；赚钱谋生
earn one's living, 谋生；营生；挣钱维持生计
ease off,"v. (痛苦)渐减；【航】(索等)松弛；【航】放松；放开(小船)
"
eat one's words,"na. 食言；收回自己说过的话；为自己说过的话道歉
"
eat up,"na. 吃完；消耗；沉迷于；很快走完(距离)
"
either ... or ...,"n. (自动控制)“异”；按位加；二者择一
adj. 二者择一的
"
end up with,"na. 以…而告终
"
enjoy oneself,"na. 过得快乐
"
enter for,"na. 参加(赛跑)
"
even as,"na. 正如；正在…时
"
even if,"na. 即使…也
"
even though,"na. “even if”的变体
"
ever since,"na. 从…以来
"
every now and then,"na. 间或
"
every now and again,"na. 时时
"
every other,"na. 每隔；所有其他；每隔一；其他的…都
"
except for,"na. 只有
"
exist in,"na. 存在于…中
"
expose ... to ...,"un. 暴露于
"
face to face,"na. 面对面
"
fade away,"n. 逐渐消失
"
fall in love with,"na. 爱上
"
fall over,"na. 倒了；落在地上；(计算机)程序停止运行；跌倒
"
fall behind,"na. 落后；跟不上；落下；拖欠
"
far from,"na. 远离；决不
"
far too, 太；极为；极其
feed on,"na. 同“feed off ”；“live on”的变体
"
feel like,"na. 〈口〉想要…；愿意…；感觉像是…
"
feel one's way,"na. 摸索着走；行动谨慎
"
figure out,"na. 估计；解决；了解；〈口〉确定
"
fill in,"na. 填充；填写；同“fill”
"
find out,"na. 查出；发现；看清…的面目；识破
"
first of all,"na. 第一
"
fix on, 把…固定住; 把…集中在…上; 确定; 选定
fix upon,"na. 决定
"
focus on, 致力于; 使聚焦于; 对（某事或做某事）予以注意; 把…作为兴趣中心
focus upon, 专注于；集中于
for free, 免费地；免费的；为了免费
for sale,"na. 出售(的)
"
for sure,"adv. 确实
"
for the time being,"na. 暂时；一时；临时；在目前
"
free from,"na. 无…的
"
from time to time,"na. 时时
"
get across,"na. 使了解；使通过；使人了解；与(人)冲突
"
get along,"na. 过日子；生活；团结；进步
"
get on,"na. 上马；安上；过日子；相投 (with together)
"
get along with,"na. (工作)进行
"
get on with,"na. 同“get along ”
"
get away from,"v. 逃脱
"
get away with,"na. 拿走；避开责备[惩罚]；〈俚〉卷(款)潜逃
"
get down to,"v. 认真对待
"
get in touch, 取得联系；联系我们；和某某人联系
get in touch with,"na. 和…联系
"
get into,"na. 进入；穿上；成癖；陷于
"
get involved in,"un. 〔兽医〕患病；参加
"
get off,"na. 下车；脱下(衣服等)；脱(衣)；下(马)
"
get on,"na. 上马；安上；过日子；相投 (with together)
"
get rid of,"na. 除掉；摆脱；撵走
"
get stuck,"v. 上当
"
get through,"na. 花光；了结；(使)通过(议案)；及格
"
get tired of, 对……感到厌倦；厌烦；对……厌烦
give away,"na. 赠送；分发；放弃；露马脚
"
give in,"na. 让步；屈服；投降；上交
"
give off,"na. 发散(水蒸气等)
"
give out,"na. 发表；放出；分发
"
give sb. a lift, 让…搭车；搭便车
glare at,"v. 怒目而视
"
go against,"na. 违背；不利于
"
go ahead,"na. 取得进展
"
go in for,"na. 赞成；寻求；参加
"
go on a diet, 节食；实行节食；减肥
go through,"na. 认真检查；仔细地搜；(提案或法案)通过；被批准
"
had better,"na. 最好；最好…
"
hand back,"v. 归还
"
hang about,"na. 荡来荡去；缠住不放；在附近逗留
"
hardly ... when ...,几乎未来得及就…；刚一…就…
have a class, 上课；学生上课
have classes, 上课；下棋；到了上课的时间了
have a cold,"na. 伤风
"
have a gift for, 有某方面的天赋；对……有天赋；有……的天赋
have a go,"un. 走到…身边；试一试；好好干一场
"
have a good time,"na. 过得愉快；很愉快
"
have a great time,"na. 过得很愉快
"
have a hand in,"na. 干与
"
have a population of,无
have a say in,"v. 对…有发言权
"
have a taste of,"na. 尝一口…看看
"
have a temperature,"na. (体温)比正常高
"
have a word with,"na. 和…说一句话
"
have an appetite for,"na. 爱好(音乐)
"
have an effect on,"na. 对…有影响
"
have an eye for,"v. 对…有鉴赏力
"
have an impact on, 对…有影响；对…起作用，产生效果；对于…有影响
have a desire to do,无
have difficulty in, 在……方面有困难；在某方面有困难；在……有困难
have faith in,"na. 相信
"
have fun in,"玩得开心
有乐趣"
have fun with, 玩得高兴；从…中得到乐趣；做某事有乐趣
have to,"modalv. 不得不；必须；劝告或建议时用；表示一定真实或肯定发生
v. 不得不；必须；一定；应当
"
have got to,"v. 必须
"
have ... in common,"un. 没有共同之处；有某些共同之处
"
have influence on, 对某物施加影响；对……产生影响；有影响
have an influence on, 影响；对…有影响；影响例句
have something to do with,"v. 关系到
"
have sth. on one's mind,惦记；挂在心上；为…担心，忧虑(某事)
have sth. in stock,无
have sth. to do, 不得不做某事；必须做某事；应该做什么事
have trouble doing sth., 做某事有困难；做……有困难；做某事有麻烦
have trouble in doing sth.,无
have words with,"na. 和…争论
"
hear about,"v. 得知；听到关于
"
hear of,"na. 听说；获悉；收到…的消息；知道
"
heart and soul,"na. 全心全意地
"
help oneself,"un. 放荡不羁；实在山穷水尽；自救
"
help oneself to,"na. 自由取食；任意占用[取用]
"
help ... out,"v. 帮助…摆脱困境；救出；协助
"
help sb. with,"v. 帮助
"
here you are,"un. 给你
"
hit on,"na. 忽然想到；偶然发现；无意中发现；〈非正式〉搭讪
"
hit upon,"v. 碰巧发现；忽然想出
"
hold back,"na. 阻止；踌躇；隐瞒；抑制
"
how about, 怎么样；如何；怎麽样
how far,"na. (离…)多远；到什么程度[范围]
"
how long,"conj. 多长时间
"
hundreds of,"na. 好几百
"
hunt for,"na. 追猎；搜寻
"
hurry into,(使)匆忙进入…; (使)赶快〔匆忙〕开始从事〔做〕…
hurry up,"na. 催促；赶快
"
if only,"na. 只要；只要…就好了
"
if possible,"na. 可能的话
"
impress on,"v. 给…深刻印象；盖印于
"
impress with,"v. 深深打动
"
improve on,"na. 改良
"
improve upon,作出比…更好的东西;对…作出改进
in a dilemma, 处于进退两难的境地；左右为难；进退维谷
in a flash,"na. 刹那间；瞬间；一下子
"
in a hurry,"na. 匆忙；〈口〉容易地；急于要；〔口语〕愿意地
"
in a rush,"un. 排在一起的；忙；急于…；着急
"
in a moment,"na. 立刻；立即
"
in a nutshell,"na. 极简单地
"
in a row,"na. 成一排；连续
"
in a way,"na. 在某一点上
"
in a whisper,"na. 悄声
"
in whispers,无
in a word,"na. “in a few words”的变体
"
in accordance with,"na. 照；与…一致
"
in addition,"na. 加之
"
in advance,"na. 预先；在先头
"
in agreement with,"na. 符合…照…
"
in aid of,"na. 以助…
"
in all,"na. 总计
"
in amazement,"na. 骇然
"
in answer to,"na. 作为对…的回答
"
in any case,"na. 无论如何；横竖
"
in appreciation of,"na. 因赏识…而
"
in battle, 在战斗中；在战争中；争斗
in brief,"na. 简单地说
"
in case,"na. 以防万一；作为准备；如果；免得〔用作连词〕
"
in case of,"na. 要是
"
in cash,"un. 占…便宜；用现钱支付的
"
in celebration of,"na. 为庆祝…
"
in charge,"na. 主任[主管]
"
in charge of,"na. 受托…的
"
in common,"un. 和…有相通之处；公有
"
in company,"na. 在大伙中
"
in comparison with,"na. 和…比起来
"
in comparison to,"un. 与…相比
"
in conclusion,"na. 最后
"
in ... condition,"un. 病势很重；高兴；健康状况好
"
in confidence,"na. 秘密地
"
in contrast to,"un. 相形之下；与…相比；与…相反；与…对比
"
in control,"na. 由…控制(住)
"
in control of,"na. 由…控制(住)
"
in danger,"na. 在危险中
"
in debt,"un. 背上了债；负债；欠款
"
in demand,"un. 要求；抢手
"
in detail,"na. 详细
"
in disguise,"na. 假装的；伪装的
"
in effect,"na. 实际上；总之；有效
"
in English, 用英语；用英语说；用英语表达
in error,"na. 弄错了的；错误地
"
in exchange, 作为交换；作为对…的交换；为了换取
in existence,"na. 现存的；存在的
"
in the face of,"na. 不避；不管；〈英〉在…前面；面临
"
in fact,"na. 事实上；总之
"
in favor of,"na. 赞成；有利于；付与
"
in force,"na. 大举；有效
"
in front,"na. 在前方；在人注意的地方
"
in front of,"na. 在…的前面
"
in future, 今后；将来；从今以后
in general,"na. 一般；大体上
"
in hand,"na. 现有；(工作)正在进行；控制住
"
in harmony,"un. 〔音〕和弦；和声；协调一致地
"
in harmony with,"un. 协调一致地；跟…调和；和衷共济；与…相合
"
in honor of,"na. 向…表示敬意
"
in hospital, 住院；在医院；生病住院
in line,"un. 把话说死；排队；循规蹈矩；一列的
"
in memory of,"na. 纪念…
"
in nature,"na. 现在存在；事实上；究竟
"
in need, 在危难中；需要帮助的；在困难时
in need of,"adj. 需要
"
in no case,"na. 决不
"
in no hurry,"na. 不急于…；不愿意；不容易
"
in no time,"na. 立刻
"
in one's opinion,"na. 据某人意见
"
in one's view, 依某人看来
in one's sight, 照某人的眼光看来；在视线内
in one's turn,"na. 接替
"
in order,"na. 整整齐齐；合规则；情况正常；健康
"
in order that,"na. 以便
"
in order to do sth., 为了做某事；为了干某事；为了……而做
in other words,"na. 换句话说
"
in pairs,"na. “in a pair”的变体
"
in part,"na. 一部份地；有几成；在某种程度上
"
in particular,"na. 特别；一一
"
in peace,"na. 平平安安；安心
"
in person,"na. 亲自；身体上；外貌上
"
in place,"na. 得其所；适当的
"
in place of,"na. 代替
"
in possession of,"prep. 占有
"
in practice,"na. 事实上；在实践中；在不断练习中；练习充足
"
in praise of,"na. 称赞[赞美,歌颂]…
"
in preference to,"prep. 在…之前
"
in private,"na. 秘密地
"
in public,"na. 公然
"
in rags,"na. 成碎片；穿着破衣服
"
in reality,"na. 事实上；实在
"
in recognition of,"na. 承认…而
"
in relief,"na. 浮雕一般；鲜明地
"
in response to,"na. 应…而
"
in return,"na. 作报复[报酬,回答,报答]；作替换
"
in ruins, 成为废墟；一片废墟；成废墟
in search of,"na. 寻找；去找；追求；为了寻求
"
in season,"na. (水果等)正旺；当令；应时；时机正好的
"
in shape,"un. 完全不；情况；模样
"
in short,"na. 简单地说；总之
"
in sight,"na. 看得见；“in/within sight”的变体
"
in silence,"na. 沉默着
"
in some case, 在某种情况下；在某些方面
in spite of,"na. spite of 不管；〔古语〕无视
"
in store,"na. 准备着
"
in sum,"na. 总之
"
in support of,"na. 支持；支援；拥护
"
in surprise,"adv. 惊奇地
"
in terms of,"na. 依…；从…方面；用…特有的字眼
"
in that case,"na. 既然是那样
"
in the abstract,"na. 抽象地
"
in the area of, 在…领域；科学领域
in the balance,"na. 犹豫未决
"
in the beginning,"na. 当初
"
in the charge of,"na. 在…看护下的
"
in the company of,"un. 跟…在一起；在…面前；在…的簇拥下
"
in the course of,"na. 在…之中
"
in the distance,"na. 在远处；在很远的那边
"
in the end,"na. 终于
"
in the flesh,"na. 亲身；以肉体形式；活着的
"
in the form of,"na. 用…的形式
"
in the front of, 在……的前部；在……的前面；在里面的前面
in the future,"adv. 今后
"
in the history of,无
in the hope of,"na. “in hopes of”的变体
"
in the least,"adv. 全然
"
in the long run,"na. 归根到底；“in the long run/term”的变体
"
in the meantime,"na. 在这期间
"
in the middle of,"na. 正在…当中；在…的中途；在…的中央；在…的中部
"
in the mood for,"na. 想…
"
in the open air,"na. 在户外[野外]
"
in the way,"na. 在路上；妨碍
"
in one's way,"na. 本来；有特色的
"
in the world,"na. 在世界上；究竟
"
in theory, 理论上；从理论上看；在理论上
in this way,"na. 用这个办法
"
in time,"na. 经过一段时间以后；早晚；在恰好的时候；和…合拍
"
in total,"adv. 全部；完全
"
in trouble,"na. 为难；被捕；未婚怀孕
"
in turn,"na. 挨次
"
in use,"na. 正在用；通行；“in/out of use”的变体
"
in vain,"na. 无益地；轻慢地
"
in view of,"na. 鉴于；为要；在…能看见的地方；估计[预料]到才
"
in want of,"na. 需要…(的)
"
increase to, 增加到；增长到；增加到多少
infer from,"v. 推断
"
inferior to,"adj. 次于
"
insist on,"v. 坚持；强调
"
insist upon,"v. 坚持；强调
"
instead of,"prep. 代替；作为…的替换
"
join hands,"na. 联合；同…合伙开店；同…结婚
"
join in,"na. 参加；参与
"
join the army,"na. 参军；入伍
"
join up,"na. 入伍；联合起来；同“join”
"
jot down,"v. 草草记下
"
judge ... from ...,"v. 以…来判断
"
judge ... by ...,"v. 以…来判断
"
judging by, 从…判断；根据来判断；从…来判断
judging from, 从…判断；根据……来判断；根据……判断
jump the queue,"na. 不按次序排队；企图获得优惠待遇
"
just a minute,"na. “wait/just a minute”的变体
"
just a moment,"na. “just/wait a moment”的变体
"
just about,"na. 正是…附近
"
just now,"na. 刚才；正在
"
just so,"na. 正要那样
"
just then,"na. 正在那时
"
keep a record of,"un. 公开(提倡)；把…记下来
"
keep an eye on,"v. 密切注意
"
keep an eye out, 警惕；注意；密切注意
keep an eye out for,"na. 记住
"
keep at,"na. 纠缠；坚持地做
"
keep away,"na. 不挨近
"
keep away from,"v. 远离
"
keep back,"na. 隐瞒；阻止；阻止向前；忍住
"
keep fit,"na. 保持健康
"
keep from ...,"na. 避开；禁止；抑制；隐瞒
"
keep ... from ...,"na. 避开；禁止；抑制；隐瞒
"
keep ... in mind,"na. 记在心里；记住；注意
"
keep in touch, 保持联系；保持联络；再联系
keep in touch with,"v. 与…保持接触
"
keep it up,"na. 加紧做；坚持做下去
"
keep off,"na. 不让接近；不接近
"
keep on doing, 继续做某事；坚持做某事；继续作某事
keep one's balance,"na. 保持身体平衡；镇定
"
keep one's eyes on,"注视,监视"
keep one's head,"na. 不慌不忙
"
keep one's promise,"na. 遵守诺言；守约
"
keep a promise,"na. 遵守诺言；守约
"
keep one's word,"na. 守约；履行诺言；说话算话
"
keep out of,"v. 置身事外；把…挡在…外
"
keep pace with,"na. 赶上；保持同步；随着…而增长
"
keep to,"v. 坚持；固守
"
keep up,"na. 支持；保持；继续；停歇
"
keep up with,"na. 不落后
"
kick off,"na. (足球)中线开球；开始(某种活动)；死；踢脱(鞋等)
"
kill off,"na. 消灭
"
kill time,"v. 消磨时间
"
kind of,"na. 有点儿；有几分
"
knock about,"n. 武打戏的表演[演员]；结实的东西；狠斗；流浪汉
adj. 吵闹的；〈口〉流浪的；(衣服)结实的
"
knock around,"na. “knock about”的变体
"
know about,"v. 知道
"
know of,"v. 知道有
"
know ... by heart, 记在心中；能背上来
know ... from ...,"v. 辨识；区别
"
lack of,"v. 缺乏
"
land on one's feet,"na. 逢凶化吉
"
last but not least,"na. 最后但不是最不重要的一点
"
later on,"na. 过后；后来
"
laugh at,"na. 嘲笑；付之一笑；因…而发笑
"
laugh one's head off,"na. 狂笑不已
"
lay aside,"na. 保存；放在一边；丢弃；留着
"
lay down,"v. 躺下；不反抗；屈服；顺从
"
lay off,"na. 辞退；停止；暂停
"
lay out,"n. 布局；设计；规划；安排
"
lay up,"na. 切入篮；“lay in”的变体
"
lead a ... life,"过活,过日子"
lead the way,"na. 领路
"
lead to,"na. 通向
"
lead up to,"na. 渐渐诱入；【牌戏】设法引出
"
learn about,"v. 得知关于；学习关于
"
learn of,"v. 得知；获悉
"
learn ... by heart,"na. 记住；熟记
"
learn from,"v. 学习
"
least of all,"na. 尤其是
"
leave a message,"na. 留话
"
leave ... alone,"na. 丢下不管；不要管
"
leave aside,"v. 不考虑
"
leave behind,"na. 遗留；留下；追过；留在后头
"
leave for,"un. 到…地方去；去某地:
"
leave off,"na. 戒除；不再穿；休假许可
"
leave out,"na. 遗漏；忽略；〈口〉(告诉某人)停下来
"
leave school,"na. 退学；离校；(毕业)离校；放学回家
"
lend sth. to sb.,"un. 贡献:
"
less than,"adj. 少于
"
let alone,"na. 任随；更不用说；放任；莫说…(连)
"
let down,"na. 使失望；放下；丢面子
"
let go,"v. 放手；解雇；松手；忽视
"
let in,"na. 放入；嵌入；陷入…；〈俚〉欺骗
"
let off,"na. 放(枪,花炮等)；说出(俏皮话等)；宽恕
"
let out,"na. 放宽；打；放出；泄漏
"
let up,"na. 中止；(风雨等)减弱
"
lie down,"v. 躺下；不反抗；屈服；顺从
"
lie in,"na. 存在于；(分娩后)坐月子
"
lie with,"na. 和…发生性关系；(责任,义务,决定权等)在于…
"
lift up,"na. 同“lift”；提起来
"
link ... to ...,"un. 同…有联系；与…有牵连
"
link up,"na. 联合
"
link up with,"na. 和…同盟；结亲
"
listen to,"v. 听
"
little by little,"na. “by little and little”的变体
"
live by,"na. 靠…为生；住在…附近
"
live in,"na. 住进；(雇员)住在东家
"
live on,"na. 以…为主食；靠…生活；继续活着；靠［吃］…生活
"
live through,"na. 度过
"
live up to,"na. 量…过日子；实行(主义等)；够得上；达到预期标准
"
lock up,"na. 上锁；监禁；收藏(文件等)；固定(资本)
"
log in,"na. 进入电脑工作系统；“log on”的变体
"
log on,"un. 注册
"
long after,"na. 很久之后
"
long before,"na. 很久以前；老早以前
"
long for,"v. 渴望
"
look about,"na. 四下里看；观察形势；戒备；计划行动
"
look around,"na. 看起来好像；环视
"
look about for,"na. 四下寻找
"
look around for, 四处寻找；到处搜查
look after,"na. 照看；照顾；看管；对…负责
"
look ahead,"na. 考虑未来；“look/think/plan ahead”的变体
"
look as if,"v. 似乎
"
look at,"na. 看；考虑
"
look away,"na. 把脸转过去
"
look away from,"v. 视线避开
"
look back on,"v. 回顾
"
look back upon, 回忆；回溯
look down on,"v. 轻视；看不起
"
look down upon,"v. 轻视
"
look for,"v. 寻找；探索；渴望；盼望
"
look forward to,"na. 盼望
"
look in on, 1。 顺便拜访; 2。 短暂拜访; 3。 乘便拜访
look in at,"v. 看
"
look into,"na. 窥视；调查；过问
"
look like, 看起来与（某人或某物）相像[相似]; 很可能出现[引起]（某事、做某事）; 伣; 似
look on,"na. 旁观；面向；看做
"
look upon,"na. 像很健康；看上去漂亮；(事情)顺利
"
look on ... as ..., 把……看作；把看做；把当作看待
look upon ... as ...,"v. 视为；认为
"
look out,"na. 挑选；注意；看外头；展望 (on；over)
"
look out for,"v. 照料；寻求；期待；提防
"
look over,"na. 浏览；检查；察看
"
look the same, 看起来一样；看起来很像；看上去一样
look through,"na. 浏览；翻查；对…视而不见；看穿
"
look to,"na. 依赖；注意；照料；〈美〉倾向…
"
look up,"v. 查找；查阅；探望；看望
"
look up and down,上下打量
look up to,"v. 尊敬；另眼看待；向…一举一动看齐
"
lose control of,"na. 失却对…的控制力
"
lose face, 丢脸，失去自尊与别人的信任，失去尊严/影响力/名望; 坍台; 现眼; 面上无光
lose heart,"na. 沮丧
"
lose interest in,"v. 对…丧失信心
"
lose one's balance,"na. 身体失去平衡；慌乱；跌倒
"
lose one's head,"na. 被砍头；着慌；被斩首；被搞糊涂
"
lose one's heart to,"na. 爱上
"
lose one's life,"na. 死；丢了性命
"
lose one's sight,"na. 失明
"
lose one's temper,"na. 发脾气；发怒
"
lose one's voice,"na. 嗓子哑了
"
lose one's way,"na. 迷路
"
lose out,"na. 失败
"
lose sight of,"na. 看不见了…；忘了…；失踪了
"
lose touch with,"v. 失去联系
"
lose weight,"un. 体重减轻
"
lots of,"adj. 许多；很多
"
major in,"v. 主修
"
make a choice,"un. 不得不；除…外；没有别的选择；拿定主意
"
make a decision, 做出决定；做决定；作出决定
make a difference,"na. 发生差别；使…有差别；(结果等)是重要的
"
make a face,"un. 正视；做鬼脸
"
make a living, 谋生；度日；维持生计
make one's living,"谋生, 挣钱度日, 维持生活"
make a promise,"na. 约定；许诺
"
make a speech,"na. 演说
"
make contact with,"un. 与…接触
"
make ends meet, 使收支相抵；量入为出；收支平衡
make an effort,"na. 努力作出
"
make for,"na. 有利于；对…有益；倾向于；支持
"
make friends, 交朋友；交友；结交朋友
make friends with,"na. 跟…做朋友
"
make fun of,"na. 嘲弄
"
make it,"na. 赶到；办成功；规定时间；〔美俚〕性交
"
make a fortune,"na. 发财
"
make one's fortune,发财；发迹，在社会上获得地位
make one's way to, 往……走去；转向；向……走去
make one's way toward,无
make one's way through,"vt.挤过,穿过"
make out,"na. 理解；发现；起草；证明
"
make progress,"na. 前进；进展
"
make sense,"na. (话等)有意义；合理；有道理；讲得通
"
make sure,"na. 尽力做到；深信；务必；务请
"
make the best of,"v. 充分利用
"
make the most of,"na. 充分使用；尽量使好[不好]看；极为重视；尽量称赞[贬损]
"
make up,"na. 弥补；起草；定；签订
"
make use of,"na. 使用
"
manage to do sth., 设法做某事；设法做成某事；设法做成了某事
masses of, 大多数；大量的；大部分
mean to do sth., 打算做某事；想要做某事；本意是想要做某事
mistake ... for ...,"v. 把…错认
"
mix up,"na. 调匀；混淆；使结交坏朋友；【拳击】猛烈互击
"
more and more,"na. 越来越…
"
more or less,"na. 有几分；约；或多或少；一点也…
"
more than,"na. …以上；比…更
"
much too, 太；实在太；非常
name after,"na. name for 用(别人,别物的名字)命名
"
narrow escape,"n. 九死一生
"
needless to say,"na. 不用说
"
neither ... nor ..., 既不……也不；两者都不；均不
never mind,"un. 没关系；不要紧；开诚布公地谈
"
next to,"prep. 紧邻；在…近旁；仅次于；紧接
"
no longer,"na. 不再
"
no problem,"n. 没问题
"
object to,"na. 反对
"
occur to, 想到；被想起；被想到
of all time, 有史以来；一直；空前的
of course,"na. 当然
"
of one's own,"na. 自己的
"
of the moment,"na. 此刻
"
off duty,"na. 下班；在工作时间外
"
on account of,"na. 因为
"
on all fours,"na. 匍匐；完全一致的
"
on and on,"na. 不停地
"
on average, 平均；平均起来；通常
on behalf of,"na. 替；为…的利益
"
on board,"na. 在船上；〔美国〕在车上；〈口〉【棒】出垒
"
on business,"na. 因公
"
on condition that,"na. 在…的条件下
"
on contact,"联系
接触"
on contact with,prep.一经与...接触
on duty,"na. 在工作时间内；上班；值班
"
on earth,"na. 到底；在地球上；全然
"
on end,"na. 继续；竖着
"
on fire,"na. 燃烧着；兴奋着
"
on foot,"na. 步行；在进行中；徒步
"
on good terms with,"un. 相处得好；和…有交情
"
on guard,"na. 看守；值班
"
on hand,"na. 现有；〈美〉出席；〈美〉在近处
"
on holiday,"na. 在休假中
"
on occasion,"na. 有时；遇必要时
"
on offer,"na. 出卖
"
on one's own,"na. 独自地；独立地；凭自己力量；主动地
"
on one's part,"na. 就某人方面；就…而言；由…表现出来的；由…所作出的
"
on one's way,"un. 无法；在路上；快要出头了
"
on the way,"na. 在路上；在旅行中；“on/along the way”的变体
"
on one's way to,无
on the way to,"un. 在途中
"
on principle,"na. 按照原则
"
on purpose,"na. 故意；意欲
"
on sale,"na. 出售的；上市的；出售(的)；廉价出售(的)
"
on second thought,"adv. 经过重新考虑
"
on second thoughts,"na. 经重新考虑后；再次考虑后
"
on show,"na. 成为展览物；被陈列着
"
on sight,"na. 在看不见的地方；〈口〉(瘦得)不成样子；〈口〉好到极点；无可争辩地
"
on the alert,"na. 警惕
"
on the basis of,"na. 以…为基础
"
on the brink of,"na. 即将要
"
on the contrary,"na. 反之
"
on the decline,"na. 没落；在低落中；在衰退中
"
on the increase, 在增加；正在增加；正在增长
on the one hand ... on the other ...,无
on the one hand ... on the other hand ..., 一方面…，另一方面…
on the phone,"un. 正在打电话
"
on the point of doing sth.,无
on the radio, 通过收音机；通过广播；通过无线电广播
over the radio,"从收音机中,用无线电,通过广播"
on the rise,"na. 在涨；在增加；好转
"
on the run,"na. 跑着
"
on the spot,"na. 当场；立刻；【商业】用现货[现款]；(人)准备妥当
"
on the stage, 在舞台上；当演员；在台上
on the tip of one's tongue, 就在某人的嘴边，某人差一点就能想起的; 话在嘴边
on the way out,"adv. 逐渐消失
"
on the whole,"na. 整体上说
"
on time,"na. 按时；及时
"
on top of,"na. 在…之上；逼近；胜任(工作等)；掌握(情况等)
"
once again,"na. 一再；再一次；“once again/more”的变体
"
once in a blue moon,"na. 〈非正式〉难得；罕见；千载难逢
"
once in a while,偶尔；有时（等于every once in a while）
once more,"na. 再一次；“once again/more”的变体
"
once upon a time,"na. 从前；很久很久以前；古时候
"
one after another,"na. 一个又一个地；陆续；相继
"
one by one,"na. 一个一个；一个一个地
"
one day,"na. 有一天；(过去或将来的)某一天
"
only if,"conj. 只有当
"
only to do sth., 结果；表示出乎意料的结果；结果却
open up,"na. (打)开；割开；开发(资源)；揭示
"
operate on,"v. 对…施行手术；用…开动
"
or else,"na. 不然
"
or rather,"na. (或者)说得更正确点
"
or so,"un. 与其说…不如说…；大约
"
other than,"na. 与…不同；除了
"
ought to,"modalv. 应该；应当；（表示期望或可能发生的事）应该；（表示劝告或建议）应该
v. 应该
"
out of breath,"na. 大喘气
"
out of control,"na. 失去控制
"
out of date,"adj. 过时的；缺乏新信息的；陈腐的；失效的
"
out of order,"na. 杂乱无章；不合规则；情况反常；有故障
"
out of place,"na. 不得其所的；不适当的；不相称的；碍事的
"
out of respect,无
out of sight,"adv. 无影无踪
"
out of the question,"adv. 不可能
"
out of work,"na. 失业；(机器等)有毛病
"
over and over,"na. 转来转去；〔主美〕反反复复
"
over and over again,"na. 翻来覆去
"
owe ... to ...,"v. 由于；把…归功于
"
owing to,"conj. 由于；因为
prep. 因为；由于
"
pack up,"na. 把…打成包；打包；捆好东西；解雇
"
participate in,"v. 参加；分享
"
pass away,"na. 消失；Vi. 经过；去；终止
"
pass by,"na. 经过；不过问；打…旁边过去；通用(…这个名字)
"
pass down,"un. 过；一闪即逝；下达
"
pass on,"na. “pass away”的变体；递；传达；通过
"
pass out,"v. 昏倒；分发；主要用于英式英语
"
pass through,"na. 穿过；经历；经验；遭受
"
pass up,"na. 绝交；放过；不理；上
"
pay a visit to,"v. 访问；参观
"
pay attention to,"na. 注意
"
pay back,"na. 偿还；报答；向…报复；付还
"
pay for,"na. 付开销；赔偿(损失)；(为某种过失)付出代价；吃亏
"
pay off,"na. 偿清(债务等)；付清；发清(工钱)；发清工钱解雇
"
pay up,"na. (全部或按时)付清；缴清(股款等)
"
persist in,"v. 坚持
"
persuade sb. to do sth.,无
pick out,"na. 挑选；掘出；闻出；领会
"
pick up,"v. 拾起；探出；重新开始
"
pile up,"na. 堆积；积聚；(汽车等)挤在一起；(使)(船)搁浅
"
play a joke on,"v. 取笑
"
play jokes on, 戏弄；开玩笑；开……的玩笑
play a part in,"v. 贡献力量；起…作用
"
play a role in,"v. 起作用于
"
play with,"na. 玩弄(火等)；以…自娱
"
plenty of,"na. 很多的
"
point at,"v. 指向
"
polish up,"na. 完成；〔口语〕改善；同“polish”
"
pour in,"v. 蜂拥而来
"
pour out,"v. 倾吐；诉说
"
prefer to do sth., 更喜欢做某事；宁愿做某事；宁可做某事
prefer to do rather than do,无
prepare for, 准备；为…作准备；为…做准备
prevent sb. from doing sth.,无
protect ... against,"un. 防止；陪伴
"
protect ... from ..., 保护；保护……免受；不受…之害
provide sth. for sb.,"v. 为…作准备
"
provide sth. to sb., 提供给
pull down,"na. 挣钱；压低；拆坏(房子等)；(疾病使人)衰弱
"
pull in,"na. 使后退；节省(费用)；(火车等)到站；船靠近(海岸)
"
pull off,"na. 赢得；做成某事；(在路边)停车；〈非正式〉【计】下载
"
pull out,"na. 拔(牙等)；把船划出；(车,船等)开出；(人)出发
"
pull over,"na. (把衣裳)从头上套下来穿；推翻(桌子等)；〈口〉把(车)靠拢路边
"
pull round,"na. (使)恢复健康
"
pull through,"na. 恢复健康；痊愈；渡过难关
"
pull up,"v. 拔起；使…停下
"
push ahead with, 推进；努力推进；推动
push for,"un. 拢；推到后面去；力图争取
"
push on, 继续向前， 坚决进行下去; 用力推[压]…; 把…强加于…; 进栈
push on with,"v. 继续干
"
push one's way through,无
push over,"na. 推倒
"
put across,"na. 使承认；欺骗人；美满完成；堂堂开张
"
put an end to,"na. 结束
"
put aside,"na. “set aside”的变体
"
put away,"v. 把…收起来；储存
"
put back,"v. 放回；推迟
"
put by,"na. 积蓄；避开(人,质问等)；搁在一边；同“put aside ”
"
put down,"na. 平定；贬低(的话)；(飞机的)降落
"
put forth,"na. [send out 或 throw out] a feeler (用言语或动作)探听别人的反应
"
put forward,"na. 提出(计划,意见等)；建议；促进；推举(候补人等)
"
put ... in prison, 关进监狱；把……投入监狱；关押
put ... into ...,"na. 插入；注入；(船)入港
"
put sth. into action,"na. 实行；开动
"
put sth. into effect,"na. 实行
"
put sth. into practice,"na. 实行
"
put off,"na. 延期；辩解
"
put on,"na. 假话
"
put one's finger on, 点明；确切地指出；指出问题的症结所在
put one's foot in one's mouth,"un. 朗诵；胡说八道
"
put one's hand in one's pocket, 花自己的钱，自己挣钱; 解囊相助
put out,"v. 扑灭；熄灭；放出；伸出
"
put pressure on,"v. 对…施加压力
"
put pressure upon,vt.对...施加压力
put through,"na. 经受；测试；试验；使…通过
"
put together,"na. 编辑；拼拢；比较考虑；使结婚
"
put up,提供；建造；举起；提高；推举，提名；供给…住宿；直接行动
put up with,"na. 忍住
"
puzzle over,"v. 为…大伤脑筋
"
quantities of, 大量的；大批；其后谓语用复数
quarrel with sb. about sth.,无
quarrel with sb. over sth.,无
queue up,"n. 长队；车队；辫子
v. 把(头发)梳成辫子；〈英〉排(成)队
"
quite a few,"na. 很多；许多；相当多
"
rain cats and dogs,"v. 大雨倾盆
"
raise money,"na. 筹款
"
raise one's eyebrows,"表示惊讶或轻蔑[多用于被动语态]：

Eyebrows were raised when she came in barefooted.
她光着脚走进来,人人都大吃一惊。"
range from ... to ..., 范围从到；从……到……的范围；在……中变化
rather than,"na. 而不
"
rather too,"un. 稍嫌…一点
"
reach out,"na. 伸(手)；伸手(拿…)；(手)伸向前；(草木向…)生长
"
reach out to, 接触；把手伸向；联系
react against,"na. 反抗
"
react to,"v. 对…有反应
"
read out,v. 读出器，读出( readout的过去式和过去分词 ); 大声朗诵，宣读; 读出
reckon on,"v. 依赖；寄望于
"
recognize ... as ..., 认出是；承认是；认为是
recommend doing sth., 建议做某事；推荐做某事；建议干
recover from,"v. 恢复
"
refer to,"v. 查阅；提到
"
refer to ... as ...,"v. 提交；归类；称谓
"
reflect on,"v. 考虑；回想
"
refuse to do sth., 拒绝做某事；拒绝去做某事；拒绝干某事
regard ... as ...,"v. 当作
"
regardless of,"prep. 不管；不顾；不理会
"
regret doing sth., 后悔做过某事；后悔干了某事；后悔做了某事
relate to,"na. 有关联；与…有关；理解
"
relieve sb. of,"v. 解除
"
rely on,"v. 依靠；信赖
"
remark on,"v. 评论；批评
"
remark upon,"v. 评论；批评
"
remember doing sth., 记得做过某事；记得曾经做过某事；记得曾做过某事
remind sb. of sth.,"v. 提醒
"
remind sb. to do sth.,无
remind sb. not to do sth.,无
replace ... with ...,"v. 用…替换
"
remove ... from ...,"un. 被学校开除；不再需要
"
resign from,"v. 辞职
"
resign oneself to,"na. 听任
"
respond to,"v. 响应
"
result from,"v. 由于
"
result in,"na. 终于(失败)
"
retire from, 退休；从……退休；退出
return to,"v. 回到；返回；还给；降到
"
rid ... of ..., 摆脱；消除；使去掉
ride on,"un. 在…上运动:；依…而定:；骑在(马、自行车等)上:；在…上航行
"
right away,"na. 立刻
"
right now,"na. 目前；方才
"
ring back,"v. 回电话
"
ring off,"na. 挂断电话；〔美国〕停止说话；静默
"
ring out,"v. 响起
"
ring up,"v. 在收款机上结算；一段时间内收入或损失的钱；打电话给
"
rip off,"v. 剥削；抢劫；强奸；〈俚〉剽窃
"
rise to one's feet,"na. 站起来
"
rise up against,无
risk one's life,"na. 拼着财产
"
rob sb. of sth.,"v. 抢走
"
roll in,"na. (预约者,捐款等)滚滚而来；(浪)滚滚打来；大量进来；到达
"
roll over,"na. 滚动；使滚；〔美棒球〕得分；同“roll”
"
roll up,"na. 卷起(袖子)；包卷；积贮；缩成圆球
"
round up,"na. 弄成圆球；使数目恰好；使成一个整数；赶在一块儿
"
rule out,"na. 排除
"
run across,"na. “Come across”的变体
"
run after,"na. 〈非正式〉追求；追赶；追捕
"
run away,"na. 私奔；逃；弄不好
"
run for,"na. 去叫(…)；做…的候选人
"
run into,"na. 冲进；(河)注入(海)；撞上；到达
"
run out,"na. 耗尽；用光；过有效期；失效
"
run out of,"na. 用光…
"
run over,"v. 轧过；碾过；演练；排练
"
run through,"na. 穿过；匆匆忙忙看一遍；不间断地排练；花光
"
see sb. off,"na. 送行；送别；告别；赶走
"
send for,"na. 派人去叫[请]；遣人去拿；乞求
"
set in,"na. 固定；停当；涨潮；进来
"
set about,"na. 动手；开始；下手；着手
"
set an example to,"v. 给…树立榜样
"
set aside,"na. 搁置；拨出；驳回
"
set down,"na. 记入；登记；定；设
"
set fire to,"na. 点燃；放火
"
set foot on,"na. 踏上；“set foot on/in”的变体
"
set foot in,"na. 进入；“set foot on/in”的变体
"
set off,"na. 分；分割；划开；区划
"
set out,"n. 开始；出发；动身；准备
"
set up,"na. 建立；创立；发起；开办
"
settle down,"na. 定居；成家；移居；平静下来
"
show off,"na. 卖弄；〈贬〉自以为是；趾高气扬；炫耀
"
show up,"na. 显眼；揭发；嘲笑；露面
"
shut up,"na. 关住；监禁；密封；停止
"
side by side,"na. 并排着
"
so as to,"na. (= in order to) 以便；为使
"
so far,"na. 就是那么些；到现在为止；到目前(此地)为止；就此范围来说
"
so long as,"na. 只要；“as/so long as”的变体
"
speed up,"na. 加快(机器等的)速度；使加紧做
"
split up,"na. (使)分裂；〔美俚〕吵架；同“split”
"
stand by,"na. 袖手旁观；站在旁边；待机；等待
"
stand for,"na. 〈口〉忍耐；忍受；主张；拥护
"
stand out,"na. 突出；显著；不参加战争；抵抗到底
"
stare at,"na. 瞪着看
"
stay away,"v. 不在家；外出
"
stay in touch with, 与……保持联系；与……保持联络；和……保持联系
stay up,"na. 不去睡觉；不沉
"
stick out,"na. 突出；伸出手臂；伸展；(因为与众不同而)容易识别
"
stick to,"na. 忠于
"
succeed in doing sth., 成功做某事；做……成功；成功作某事
such as,"un. 例如；像；象…这样；诸如…之类
"
suffer from, 患（某种病），受（某种病痛）折磨; 因…而受罚[苦，损]; 闹; 罹
sum up,"na. 〈口〉概括；总结
"
switch on,"v. 打开；接通；参见
"
take a breath, 深呼吸；深深地吸一口气；喘口气
take a chance,"na. 冒险一试
"
take chances, 冒险；冒一冒险；碰碰运气
take a day off,"v. 休假一天
"
take a look at,"na. (仔细)看一看
"
take a walk,"na. 散步
"
take action,"na. 动手；采取行动；采取(快速)措施；提起诉讼
"
take advantage of,"na. 乘；利用；欺骗；引诱(女人)
"
take after,"na. 尾随；仿效；像
"
take aim at,"na. (对…)瞄准
"
take an interest in,"na. 对…感兴趣
"
take apart,"na. 分解；拆分；剖析
"
take away,"adj. 买回去的
"
take back,"na. 退回；收回(说过的话)；承认…是错的；拿回
"
take ... by surprise,"v. 突然惊吓
"
take care,"v. 当心；留心
"
take care of,"na. 照看；处理；清除
"
take charge of,"na. 看守
"
take command of,"na. 担任指挥
"
take control of, 控制；掌管；取得对……的控制
take down,"na. 扯下；卷起；记下；卸下
"
take effect,"na. 有效验；生效
"
take exercise,"na. 运动
"
take ... for example, 以…为例；打比方
take ... for granted,"v. 想当然
"
take hold of,"na. “Catch hold of”的变体
"
take in,"na. 加以考虑；〔美国〕访问；收进；收容
"
take ... into account,"na. 考虑
"
take ... into consideration,"v. 顾及
"
take it easy,"na. “take things easy”的变体
"
take measures,"na. 测定
"
take notice of,"v. 注意；理会；留心
"
take off,"v. (飞机)起飞；出去；拿掉；移送
"
take office,"na. 就职
"
take on,"na. 担任(工作等)；较量；装(某种样子)；呈现(形势)
"
take one's seat,"na. 就座；入座
"
take one's time,"na. 从容
"
take out,"na. 取出；带出(散步等)；除去(污点等)；取得(专卖权等)
"
take over,"na. 接管；继承
"
take pains,"na. 费苦心；尽力
"
take part in,"na. 参加；贡献
"
take place,"na. 发生；举行
"
take possession of,"na. 占领
"
take pride in,"na. 以…自豪；对…感到满意
"
take risks,"un. 冒险
"
take sb. in one's arms,无
take sb.'s advice,无
take sb.'s place, 解构发生；就位
take sides with,"v. 袒护；拥护
"
take the lead,"v. 率先
"
take the place of,"na. 接替某人的位置
"
take turns,"na. 替换
"
take up,"na. 拿起；举起；拾起；给搭(火车等)
"
talk of,"na. 讲；说要
"
talk about,"na. 讲(某事)
"
talk to,"na. 向…谈；〔口语〕申斥
"
teach oneself,"na. 自学；自修
"
tear down,"na. 拆毁；扯下；猛冲
"
tear off,"na. 扯下来；扯掉；飞跑；〔美俚〕急急忙忙做成某事
"
tear up,"na. 撕碎；连根拔起；扰乱；跑上
"
tell a joke, 讲笑话；说笑话；讲个笑话
tell jokes, 讲笑话；说笑话；讲个笑话
tell a lie,"v. 说谎
"
tell lies,"v. 说谎
"
tell apart,"na. 辨别
"
tell by,"v. 依据
"
tell sb. about sth.,把某事告诉某人
tell the truth,"na. 说实话
"
test out,"na. 同“test”
"
thanks to,"v. 感谢；幸亏；多亏
"
that is to say,"na. “that is”的变体
"
the day after tomorrow,"na. 后天
"
the other day,"na. 上回
"
think about,"un. 思考；探讨；为…费心思；想像
"
think aloud,"na. 自言自语
"
think back to, 回想；回想过去；回忆起
think highly of,"na. 尊重；评价极高
"
think well of,"na. 认为好
"
think nothing of,"na. 轻视；满不在乎；不重视
"
think of,"na. 想起
"
think of ... as ..., 把…认为是；看作；把…当作
think out,"na. 想透；想出
"
think over,"v. 仔细考虑
"
think up,"na. 想出；〔口语〕发明
"
thousands of,"adj. 几千；成千上万
"
throw away,"na. 抛弃；浪费；拒绝(劝告)；失去(机会)
"
throw light on,"na. 弄明白
"
throw off,"na. 摆脱(习惯,拘束等)；抛弃；脱掉(衣服)；甩掉
"
throw oneself on,"na. 依靠；求助于；完全依赖于；猛扑
"
throw up,"na. 呕吐；抛上；急造；丢弃
"
tidy up,"v. 整理干净
"
time and again,"na. “time after time”的变体
"
till now,"na. 迄今
"
tire out,"na. 使疲倦到极度
"
to be honest, 老实说；说实话；说实在的
to one's credit, 值得赞扬；为……带来荣誉；在……名下
to sb.'s delight,无
to sb.'s surprise,无
to the contrary,"na. 反对地
"
to the point,"na. 露骨；中肯
"
together with,"na. 和…一起[合起来]
"
too much,"na. 太过份
"
too ... to ..., 太……而不能；太……以致不能；用法
trade with,"un. 从事贸易；与…做生意:
"
translate ... into ...,"v. 译成
"
treat ... as ..., 对待；当作；当做
treat ... to ..., 款待；招待；请客
trick sb. into doing sth.,无
trip over,"un. 绊在障碍物上而跌跤:
"
try for,"na. 求；企图达到；立志要
"
try one's best,"na. 尽全力
"
try out,"na. (采用前)严密试验；筛矿；量(金属的)纯度
"
try to do sth., 尽力做某事；努力做某事；试着做某事
turn a blind eye to,"na. 对…熟视无睹；假装不见
"
turn against,"na. 背叛；使对抗；厌恶
"
turn around,"na. 转身；〈美〉使向好的方向转变
"
turn away,"v. 转变方向
"
turn back,"na. 同“turn down ”
"
turn down,"na. 翻下(衣领等)；扭小(灯火等)拒绝考虑；拒绝(某人)
"
turn in,"v. 向里弯曲
"
turn into,"v. 变成
"
turn off,"v. 关掉
"
turn on,"na. 转向；对…进行突击
"
turn one's back on,"na. 不理睬；丢弃；逃出
"
turn out,v. （以某种方式）发生；最后是；结果是 （尤指天气突然）变得（晴好） 原来是；结果发现 出席;参加;前去观看关掉，熄灭（电灯、煤气等） 出席;参加;前去观看生产；制造 （尤指把某人从其长期居住处）撵走，赶出，逐出 翻出；倒出 出席；参加；前去观看
turn over,"na. ￡ 500 a week 每星期卖得五百镑
"
turn to,"v. 向(某人)求助；求助于
"
turn up,"v. 朝上翻；出现
"
under age,"na. 未成年
"
under any circumstances,"un. 不管怎样；无论如何
"
under all circumstances,"na. 无论如何
"
under construction,"na. 建筑中
"
under control,"un. 失去控制；被控制住；克制；在控制之下
"
under pressure,"un. 在压力下
"
under repair,"un. 在修理中；正在修理
"
under sb.'s direction,无
under the charge of,"na. 在…看护下的
"
under the name of,"na. = nameless.；名字说不出来
"
under way,"na. 进行着；【航海】航行中
"
up and down,"na. 忽上忽下；各处；来来去去；升降浮沉
"
up in the air,"na. 悬而未决的
"
up to,"na. 干(着)；到；胜任；…的责任
"
up to date,"adj. 现代的；最新的；时髦的；新式的
"
up to now,"na. 到现在为止
"
up until, 一直到…为止；不多于
upside down,"adv. 颠倒；倒转；翻转
"
use up,"na. 用完；耗尽
"
used to do sth., 过去常常做某事；过去常做某事；过去常常作某事
vary from ... to ...,"vi.从...到...不等,从...变化为"
view ... as ...,"把...看作..., 认为...是..."
vote against,"v. 投票反对
"
vote for,"na. 赞成；〈口〉建议
"
wait for,"na. 等；等待
"
wait on,"v. 等着
"
wait upon,"v. 侍候
"
wake up,"na. 同“wake”；叫醒；醒来；振作起来
"
walk along,"na. 向前走
"
walk of life,"na. 职业；身分；阶级
"
wander about,"na. 徘徊
"
wander around, 徘徊；游荡；到处闲逛
warm up,"na. 加热；变暖；热中起来；【运】作准备动作
"
warn ... of ...,"na. 警告(某人)有危险
"
warn ... about ...,v. 就…提出警告
warn against sth.,"na. 告诫(某人)提防(别人)
"
warn sb. against doing sth.,无
wash away,"v. 清洗
"
wash down,"na. 洗掉；冲下
"
wash out,"v. 洗掉
"
wash up,"na. 饭后洗碗；洗脸；将…冲上岸；(出人意料地)出现
"
waste ... doing sth.,无
waste ... on sth.,在(某方面)浪费时间，浪费钱财
waste ... in doing sth.,无
waste one's breath,"na. “waste one's words”的变体
"
watch for,"v. 期待；等待
"
watch out,"na. 当心；留神；小心；提防
"
watch over,"na. 监视；留心；看护
"
wear off,"na. (精力)衰退；(衣服等)渐破
"
wear out,"na. 精疲力尽；用坏；穿破；磨破
"
what about ...,"un. 不；…怎样
"
what for,"un. …怎样；为何；处罚；为什么
"
what if ...,"v. 应如何
"
what's more, 而且；另外；更重要的是
what's up, 什么事；怎么了；出什么事啦
what's wrong with ..., 怎么了；怎么啦；有什麽不对
whether ... or ..., 不管；不管…还是；是…还是
win back,"na. 努力收复(失地)
"
wind up,结束；使紧张；卷起；（非正式）忽悠某人（wind sb up）；上紧(钟、表等的)发条
wipe off, 揩去，擦掉; <口>勾销（债务）; 擦去; 揾
wipe out,"na. 擦去；【无线】遮蔽；遮蔽地域；【信】封闭
"
wish for,"v. 希望；想要
"
with an average of,无
with pleasure,"na. 高兴
"
with respect to,"na. 〈正式〉考虑到
"
with the help of,"prep. 借助于
"
with the purpose of,"prep. 目的为
"
within limits,"na. 适当地
"
within reach of,"na. 在…附近
"
without delay,"na. 赶快
"
without doubt,"na. 无疑
"
wonder at,"na. 看见…而惊奇；惊讶
"
work as, 当；担任；担任…工作
work at,"na. 从事；用功读
"
work on,"na. 对…有效[有作用]；动(人,感情等)；向…做工作；左右
"
work out,"v. 作出；拟定；制定；计划一下
"
worry about,"v. 发愁；担忧；为…发愁；替…担忧
"
would like to do sth., 愿意做某事；想要做；想做
would love to do sth.,无
would rather,"na. 宁愿
"
write down,"na. 记下来；贬低；减低账面价值；把…拨作公积金
"
year after year,"adv. 年复一年
"
year by year,"na. 年年；逐年
"
"year in, year out",na. 年复一年
yield to,"v. 服从；屈服于；弯曲
"
